index,computer_name,computer_spec,price_spec,price
0,영웅컴퓨터 영웅 울트라게이밍 9800XS R7 9800X3D RTX5080,9800X3D / RTX 5080 / (AMD) B650 / OS미포함 / 900W / AMD / 라이젠 9000시리즈 / 라이젠7 / 그래니트 릿지 / DDR5 / 32GB / M.2 / 1TB / NVIDIA / 그래픽 메모리: 16GB / 1Gbps 유선 / HDMI / DP포트 / 파워서플라이 / 미들타워 / 어항형 / 수랭쿨러 / LED쿨러 / 용도: 게임용,"32GB, M.2 1TB",4529770.0
1,영웅컴퓨터 영웅 875 게이밍울트라560X R5 5600 RTX5060,5600 / RTX 5060 / (AMD) B550 / OS미포함 / 600W / AMD / 라이젠 5000시리즈 / 라이젠5 / 버미어 / DDR4 / 16GB / M.2 / 256GB / NVIDIA / 그래픽 메모리: 8GB / 1Gbps 유선 / HDMI / DP포트 / 파워서플라이 / 미들타워 / LED쿨러 / 용도: 게임용,"16GB, M.2 256GB",1209640.0
2,포유컴퓨터 퍼포먼스PC 47 R5 7500F RTX5060Ti,7500F / RTX 5060 Ti / (AMD) B650 / OS미포함 / 700W / AMD / 라이젠 7000시리즈 / 라이젠5 / 라파엘 / DDR5 / 16GB / M.2 / 500GB / NVIDIA / 1Gbps 유선 / HDMI / DP포트 / 파워서플라이 / 미들타워 / 어항형 / LED쿨러 / 용도: 게임용,"16GB, M.2 500GB",1579200.0
3,MSI MAG Codex Z2 A9NVR A18 R7-9800X3D RTX 5070 Ti 게이밍,9800X3D / RTX 5070 Ti / (AMD) B850 / OS미포함 / 850W / AMD / 라이젠 9000시리즈 / 라이젠7 / 그래니트 릿지 / DDR5 / 32GB / M.2 / 1TB / NVIDIA / 그래픽 메모리: 16GB / 5Gbps 유선 / 802.11be(Wi-Fi 7) 무선 / 블루투스 / HDMI / DP포트 / USB3.x 10Gbps / USB3.x 5Gbps / USB C타입 10Gbps / 파워서플라이 / 미들타워 / 수랭쿨러 / LED쿨러 / 용도: 게임용,"32GB, M.2 1TB",3943540.0
4,MSI MAG CODEX Z2 A9NVP MA09 R5-9600X RTX 5070 게이밍,9600X / RTX 5070 / (AMD) B850 / OS미포함 / 750W / AMD / 라이젠 9000시리즈 / 라이젠5 / 그래니트 릿지 / DDR5 / 16GB / M.2 / 1TB / NVIDIA / 그래픽 메모리: 12GB / 5Gbps 유선 / HDMI / DP포트 / USB3.x 10Gbps / USB3.x 5Gbps / USB C타입 10Gbps / 파워서플라이 / 미들타워 / LED쿨러 / 용도: 게임용 / 구성변경상품,"16GB, M.2 1TB",2545860.0
5,영웅컴퓨터 영웅 게이밍울트라 7857 R7 7800X3D RTX5070,7800X3D / RTX 5070 / (AMD) B650 / OS미포함 / 800W / AMD / 라이젠 7000시리즈 / 라이젠7 / 라파엘 / DDR5 / 32GB / M.2 / 1TB / NVIDIA / 그래픽 메모리: 12GB / 1Gbps 유선 / HDMI / DP포트 / 파워서플라이 / 미들타워 / 어항형 / LED쿨러 / 용도: 게임용,"32GB, M.2 1TB",2809660.0
6,포유컴퓨터 퍼포먼스PC 37 R5 5600 RTX5060,5600 / RTX 5060 / (AMD) A520 / OS미포함 / 600W / AMD / 라이젠 5000시리즈 / 라이젠5 / 버미어 / DDR4 / 16GB / M.2 / 500GB / NVIDIA / 1Gbps 유선 / HDMI / DP포트 / 파워서플라이 / 미들타워 / 어항형 / LED쿨러 / 용도: 게임용,"16GB, M.2 500GB",1293120.0
7,영웅컴퓨터 영웅 게이밍울트라 7546GT R5 7500F RTX5060Ti,7500F / RTX 5060 Ti / (AMD) A620 / OS미포함 / 700W / AMD / 라이젠 7000시리즈 / 라이젠5 / 라파엘 / DDR5 / 16GB / M.2 / 512GB / NVIDIA / 그래픽 메모리: 8GB / 1Gbps 유선 / HDMI / DP포트 / 파워서플라이 / 미들타워 / 어항형 / LED쿨러 / 용도: 게임용,"16GB, M.2 512GB",1529630.0
8,다나와표준PC 게임용 250810,7500F / RTX 5060 / (AMD) B650 / OS미포함 / 750W / AMD / 라이젠 7000시리즈 / 라이젠5 / 라파엘 / DDR5 / 16GB / M.2 / 512GB / NVIDIA / 그래픽 메모리: 8GB / 1Gbps 유선 / HDMI / DP포트 / 파워서플라이 / 미들타워 / LED쿨러 / 용도: 게임용,"16GB, M.2 512GB",1788000.0
9,다나와표준PC 게임용 250719,9600X / RTX 5070 / (AMD) B850 / OS미포함 / 850W / AMD / 라이젠 9000시리즈 / 라이젠5 / 그래니트 릿지 / DDR5 / 16GB / M.2 / 1TB / NVIDIA / 그래픽 메모리: 12GB / 1Gbps 유선 / 파워서플라이 / 미들타워 / 어항형 / LED쿨러 / 용도: 게임용,"16GB, M.2 1TB",2838410.0
10,피씨스토어 베스트 게이밍PC 울트라5 250K PLUS RTX 5060,250K Plus / RTX 5060 / (인텔) B860 / OS미포함 / 750W / 인텔 / 코어울트라 시리즈2 / 코어 울트라5 / 애로우레이크 / 인텔 AI Boost / 13TOPS / DDR5 / 16GB / M.2 / 500GB / NVIDIA / 그래픽 메모리: 8GB / 1Gbps 유선 / HDMI / DP포트 / 파워서플라이 / 미들타워 / LED쿨러 / 용도: 게임용,"16GB, M.2 500GB",2073680.0
11,MSI MPG Infinite Z2 X3D C9NVV A20-2 R7-9800X3D RTX 5080 게이밍,9800X3D / RTX 5080 / (AMD) B850 / OS미포함 / 850W / AMD / 라이젠 9000시리즈 / 라이젠7 / 그래니트 릿지 / DDR5 / 32GB / M.2 / 1TB / NVIDIA / 그래픽 메모리: 16GB / 2.5Gbps 유선 / 802.11ax(Wi-Fi 6E) 무선 / 블루투스 / HDMI / DP포트 / USB3.x 10Gbps / USB3.x 5Gbps / USB C타입 10Gbps / 파워서플라이 / 미들타워 / 어항형 / 수랭쿨러 / LED쿨러 / 용도: 게임용,"32GB, M.2 1TB",4549840.0
12,MSI MAG Codex Z2 A7NVM MA10 R5-7500F RTX 5060 Ti 게이밍,7500F / RTX 5060 Ti / (AMD) B650 / OS미포함 / 650W / AMD / 라이젠 7000시리즈 / 라이젠5 / 라파엘 / DDR5 / 16GB / M.2 / 1TB / NVIDIA / 그래픽 메모리: 8GB / 2.5Gbps 유선 / HDMI / DP포트 / USB3.x 10Gbps / USB3.x 5Gbps / 파워서플라이 / 미들타워 / LED쿨러 / 10.895kg 초과 / 용도: 게임용,"16GB, M.2 1TB",1880640.0
13,모맨 겜덕피시 게이밍 i5-14400F RTX5060,i5-14400F / RTX 5060 / (인텔) B760 / OS미포함 / 600W / 인텔 / 코어 14세대 / 코어i5 / 랩터레이크-R / DDR5 / 32GB / M.2 / 1TB / NVIDIA / 그래픽 메모리: 8GB / 1Gbps 유선 / HDMI / DP포트 / 파워서플라이 / 미들타워 / 어항형 / LED쿨러 / 용도: 게임용,"32GB, M.2 1TB",2390000.0
14,마이피씨샵 DIY 게이밍 마스터 7500F RTX5060,7500F / RTX 5060 / (AMD) A620 / OS미포함 / 600W / AMD / 라이젠 7000시리즈 / 라이젠5 / 라파엘 / DDR5 / 16GB / M.2 / 500GB / NVIDIA / 그래픽 메모리: 8GB / 1Gbps 유선 / HDMI / DP포트 / 파워서플라이 / 미들타워 / 어항형 / LED쿨러 / 용도: 게임용,"16GB, M.2 500GB",1493430.0
15,영웅컴퓨터 영웅 게이밍울트라 9757 R7 9700X RTX5070,9700X / RTX 5070 / (AMD) B650 / OS미포함 / 800W / AMD / 라이젠 9000시리즈 / 라이젠7 / 그래니트 릿지 / DDR5 / 32GB / M.2 / 1TB / NVIDIA / 그래픽 메모리: 12GB / 1Gbps 유선 / HDMI / DP포트 / 파워서플라이 / 미들타워 / 어항형 / LED쿨러 / 용도: 게임용,"32GB, M.2 1TB",2779770.0
16,영웅컴퓨터 영웅 게이밍울트라 9756T,9700X / RTX 5060 Ti / (AMD) A620 / OS미포함 / 750W / AMD / 라이젠 9000시리즈 / 라이젠7 / 그래니트 릿지 / DDR5 / 32GB / M.2 / 1TB / NVIDIA / 그래픽 메모리: 8GB / 1Gbps 유선 / HDMI / DP포트 / 파워서플라이 / 미들타워 / 어항형 / LED쿨러 / 용도: 게임용,"32GB, M.2 1TB",2216640.0
17,포유컴퓨터 퍼포먼스PC 32 U5 225F RTX5060Ti,225F / RTX 5060 Ti / (인텔) H810 / OS미포함 / 700W / 인텔 / 코어울트라 시리즈2 / 코어 울트라5 / 애로우레이크 / 인텔 AI Boost / 13TOPS / DDR5 / 16GB / M.2 / 500GB / NVIDIA / 1Gbps 유선 / HDMI / DP포트 / 파워서플라이 / 미들타워 / 용도: 게임용,"16GB, M.2 500GB",1622400.0
18,다나와표준PC DPG 게임용 250723,265KF / RTX 5060 Ti / (인텔) B860 / OS미포함 / 850W / 인텔 / 코어울트라 시리즈2 / 코어 울트라7 / 애로우레이크 / 인텔 AI Boost / 13TOPS / DDR5 / 16GB / M.2 / 1TB / NVIDIA / 그래픽 메모리: 8GB / 1Gbps 유선 / 파워서플라이 / 미들타워 / 어항형 / 수랭쿨러 / LED쿨러 / 용도: 게임용,"16GB, M.2 1TB",2630000.0
19,피씨스토어 화이트 어항 PC 7500F RTX5060 360,7500F / RTX 5060 / (AMD) B650 / OS미포함 / 750W / AMD / 라이젠 7000시리즈 / 라이젠5 / 라파엘 / DDR5 / 32GB / M.2 / 500GB / NVIDIA / 그래픽 메모리: 8GB / 1Gbps 유선 / HDMI / DP포트 / 파워서플라이 / 미들타워 / 어항형 / LED쿨러 / 용도: 게임용,"32GB, M.2 500GB",2349290.0
20,다나와표준PC 게임용 250816,i5-14400F / RTX 5060 Ti / (인텔) B760 / OS미포함 / 800W / 인텔 / 코어 14세대 / 코어i5 / 랩터레이크-R / DDR5 / 16GB / M.2 / 500GB / NVIDIA / 그래픽 메모리: 16GB / 1Gbps 유선 / HDMI / DP포트 / 파워서플라이 / 미들타워 / 어항형 / LED쿨러 / 용도: 게임용,"16GB, M.2 500GB",2290580.0
21,다나와표준PC 전문가용 250826,9900X3D / RTX 5070 Ti / (AMD) X870E / OS미포함 / 1000W / AMD / 라이젠 9000시리즈 / 라이젠9 / 그래니트 릿지 / DDR5 / 16GB / HDD:2TB / M.2 / 1TB / NVIDIA / 그래픽 메모리: 16GB / 1Gbps 유선 / HDMI / DP포트 / 파워서플라이 / 빅타워 / 어항형 / 수랭쿨러 / LED쿨러 / 용도: 게임용,"16GB, M.2 1TB + HDD 2TB",4812300.0
22,피씨스토어 베스트 게이밍 7500F RTX5060 700W,7500F / RTX 5060 / (AMD) A620 / OS미포함 / 700W / AMD / 라이젠 7000시리즈 / 라이젠5 / 라파엘 / DDR5 / 16GB / M.2 / 500GB / NVIDIA / 그래픽 메모리: 8GB / 1Gbps 유선 / HDMI / DP포트 / 파워서플라이 / 미들타워 / LED쿨러 / 용도: 게임용,"16GB, M.2 500GB",1741700.0
23,다나와표준PC 전문가용 250825,265K / RTX 5080 / (인텔) B860 / OS미포함 / 850W / 인텔 / 코어울트라 시리즈2 / 코어 울트라7 / 애로우레이크 / 인텔 AI Boost / 13TOPS / DDR5 / 16GB / M.2 / 512GB / NVIDIA / 그래픽 메모리: 16GB / 1Gbps 유선 / 파워서플라이 / 미들타워 / 어항형 / 수랭쿨러 / LED쿨러 / 용도: 게임용,"16GB, M.2 512GB",4605700.0
24,다나와 게임용PC AMD R5-7400F RTX5060 S6101,7400F / RTX 5060 / (AMD) A620 / OS미포함 / 600W / AMD / 라이젠 7000시리즈 / 라이젠5 / 라파엘 / DDR5 / 16GB / M.2 / 500GB / NVIDIA / 그래픽 메모리: 8GB / 1Gbps 유선 / HDMI / DP포트 / USB3.x 5Gbps / 파워서플라이 / 미들타워 / LED쿨러 / 용도: 게임용,"16GB, M.2 500GB",2045000.0
25,다나와표준PC 게임용 250818,7800X3D / RX 9070 XT / (AMD) B850 / OS미포함 / 850W / AMD / 라이젠 7000시리즈 / 라이젠7 / 라파엘 / DDR5 / 16GB / M.2 / 1TB / AMD / 그래픽 메모리: 16GB / 1Gbps 유선 / HDMI / DP포트 / 파워서플라이 / 빅타워 / 어항형 / LED쿨러 / 용도: 게임용,"16GB, M.2 1TB",3143780.0
26,다나와표준PC 게임용 250812,i5-14400F / RTX 5060 / (인텔) B760 / OS미포함 / 850W / 인텔 / 코어 14세대 / 코어i5 / 랩터레이크-R / DDR5 / 16GB / M.2 / 500GB / NVIDIA / 그래픽 메모리: 8GB / 1Gbps 유선 / HDMI / DP포트 / 파워서플라이 / 미들타워 / 어항형 / LED쿨러 / 용도: 게임용,"16GB, M.2 500GB",1848000.0
27,영웅컴퓨터 영웅 H게이밍 2561F 225F RTX5060Ti,225F / RTX 5060 Ti / (인텔) H810 / OS미포함 / 600W / 인텔 / 코어울트라 시리즈2 / 코어 울트라5 / 애로우레이크 / 인텔 AI Boost / 13TOPS / DDR5 / 16GB / M.2 / 512GB / NVIDIA / 그래픽 메모리: 8GB / 1Gbps 유선 / HDMI / DP포트 / 파워서플라이 / 미들타워 / 어항형 / LED쿨러 / 용도: 게임용,"16GB, M.2 512GB",1569650.0
28,다나와 게임용PC 인텔 i5-14400F RTX5060 S6102,i5-14400F / RTX 5060 / (인텔) H610 / OS미포함 / 600W / 인텔 / 코어 14세대 / 코어i5 / 랩터레이크-R / DDR5 / 16GB / M.2 / 500GB / NVIDIA / 그래픽 메모리: 8GB / 1Gbps 유선 / HDMI / DP포트 / USB3.x 5Gbps / USB C타입 5Gbps / 파워서플라이 / 미들타워 / 어항형 / LED쿨러 / 용도: 게임용,"16GB, M.2 500GB",2085000.0
29,HP 오멘 35L GT16-1005KL,9800X3D / RTX 5070 Ti / OS미포함 / 1000W / AMD / 라이젠 9000시리즈 / 라이젠7 / 그래니트 릿지 / DDR5 / 64GB / M.2 / 1TB / NVIDIA / 그래픽 메모리: 16GB / 1Gbps 유선 / 802.11be(Wi-Fi 7) 무선 / 블루투스 / HDMI / DP포트 / USB3.x 5Gbps / USB C타입 10Gbps / 파워서플라이 / 미들타워 / 수랭쿨러 / LED쿨러 / 용도: 게임용 / 구성변경상품,"64GB, M.2 1TB",4989000.0
30,엔피씨코리아 NEXPC 게이밍프로 G350,9800X3D / RTX 5060 Ti / (AMD) B650 / OS미포함 / 750W / AMD / 라이젠 9000시리즈 / 라이젠7 / 그래니트 릿지 / DDR5 / 32GB / M.2 / 1TB / NVIDIA / 그래픽 메모리: 16GB / 1Gbps 유선 / HDMI / DP포트 / 파워서플라이 / 미들타워 / 어항형 / LED쿨러 / 용도: 게임용,"32GB, M.2 1TB",3024330.0
31,엔피씨코리아 NEXPC 게이밍프로 W147,i7-14700F / RTX 5060 Ti / (인텔) H610 / OS미포함 / 800W / 인텔 / 코어 14세대 / 코어i7 / 랩터레이크-R / DDR4 / 32GB / M.2 / 1TB / NVIDIA / 그래픽 메모리: 8GB / 파워서플라이 / 미들타워 / 어항형 / 용도: 게임용,"32GB, M.2 1TB",1938710.0
32,리메이드컴퓨터 P75X6,7500F / RX 9060 XT / (AMD) A620 / OS미포함 / 700W / AMD / 라이젠 7000시리즈 / 라이젠5 / 라파엘 / DDR5 / 16GB / M.2 / 512GB / AMD / 그래픽 메모리: 16GB / 1Gbps 유선 / HDMI / DP포트 / 파워서플라이 / 미들타워 / 용도: 게임용,"16GB, M.2 512GB",1688760.0
33,HP 옴니데스크 M03-0028kr RTX3060 Win11Pro,265 / RTX 3060 / 윈도우11 프로 / 500W / 인텔 / 코어울트라 시리즈2 / 코어 울트라7 / 애로우레이크 / 인텔 AI Boost / 13TOPS / DDR5 / 16GB / M.2 / 256GB / NVIDIA / 5.1채널 / 1Gbps 유선 / 802.11ax(Wi-Fi 6E) 무선 / 블루투스 / HDMI / DP포트 / USB3.x 10Gbps / USB3.x 5Gbps / USB C타입 10Gbps / USB C타입 5Gbps / 파워서플라이 / 미니타워 / 5.34kg / 용도: 게임용 / 구성변경상품,"16GB, M.2 256GB",2150000.0
34,엔피씨코리아 NEXPC 게이밍프로 W143,i5-14400F / RTX 5060 Ti / (인텔) H610 / OS미포함 / 800W / 인텔 / 코어 14세대 / 코어i5 / 랩터레이크-R / DDR4 / 32GB / M.2 / 1TB / NVIDIA / 그래픽 메모리: 16GB / 파워서플라이 / 미들타워 / 어항형 / 용도: 게임용,"32GB, M.2 1TB",2031250.0
35,엔피씨코리아 NEXPC 게이밍프로 W160,i9-14900KF / RTX 5080 / (인텔) B760 / OS미포함 / 1300W / 인텔 / 코어 14세대 / 코어i9 / 랩터레이크-R / DDR4 / 32GB / M.2 / 1TB / 그래픽 메모리: 16GB / 파워서플라이 / 미들타워 / 어항형 / 용도: 게임용,"32GB, M.2 1TB",3858560.0
36,HP 프로데스크 2 Tower G1a C27DAR5 Win11Pro,8500G / 740M / (AMD) PRO 665 / 윈도우11 프로 / 400W / AMD / 라이젠 8000시리즈 / 라이젠5 / 피닉스 / DDR5 / 8GB / M.2 / 1TB / NVIDIA / 802.11ax(Wi-Fi 6) 무선 / 블루투스 / HDMI / DP포트 / USB3.x 10Gbps / USB3.x 5Gbps / USB C타입 5Gbps / 파워서플라이 / 미들타워 / 6.1kg / 용도: 게임용 / 구성변경상품,"8GB, M.2 1TB",1002060.0
37,영웅컴퓨터 영웅 울트라게이밍 9800TS R7 9800X3D RTX5070Ti,9800X3D / RTX 5070 Ti / (AMD) B650 / OS미포함 / 800W / AMD / 라이젠 9000시리즈 / 라이젠7 / 그래니트 릿지 / DDR5 / 32GB / M.2 / 1TB / NVIDIA / 그래픽 메모리: 16GB / 1Gbps 유선 / HDMI / DP포트 / 파워서플라이 / 미들타워 / 어항형 / 수랭쿨러 / LED쿨러 / 용도: 게임용,"32GB, M.2 1TB",3849660.0
38,MSI MAG Codex Z2 B7NVL A17,7500F / RTX 5060 / (AMD) B650 / OS미포함 / 600W / AMD / 라이젠 7000시리즈 / 라이젠5 / 라파엘 / DDR5 / 16GB / M.2 / 1TB / NVIDIA / 그래픽 메모리: 8GB / 2.5Gbps 유선 / HDMI / DP포트 / USB3.x 10Gbps / USB3.x 5Gbps / 파워서플라이 / 미들타워 / LED쿨러 / 용도: 게임용,"16GB, M.2 1TB",1644300.0
39,다나와표준PC 게임용 230214,5600X / RTX 3060 / (AMD) B550 / OS미포함 / 600W / AMD / 라이젠 5000시리즈 / 라이젠5 / 버미어 / DDR4 / 16GB / M.2 / 500GB / NVIDIA / 그래픽 메모리: 12GB / 1Gbps 유선 / HDMI / DP포트 / 파워서플라이 / 미들타워 / 용도: 게임용,"16GB, M.2 500GB",1028960.0
40,영웅컴퓨터 영웅 913 게이밍울트라 560TX,5600 / RTX 5060 / (AMD) A520 / OS미포함 / 600W / AMD / 라이젠 5000시리즈 / 라이젠5 / 버미어 / DDR4 / 16GB / M.2 / 500GB / NVIDIA / 그래픽 메모리: 8GB / 1Gbps 유선 / HDMI / DP포트 / 파워서플라이 / 미들타워 / 어항형 / LED쿨러 / 용도: 게임용,"16GB, M.2 500GB",1209640.0
41,타무즈 게이밍PC TZ330T6HCAA,7800X3D / RTX 5060 Ti / (AMD) B650 / OS미포함 / 800W / AMD / 라이젠 7000시리즈 / 라이젠7 / 라파엘 / DDR5 / 16GB / M.2 / 1TB / NVIDIA / 그래픽 메모리: 8GB / 1Gbps 유선 / HDMI / DP포트 / USB3.x 5Gbps / 파워서플라이 / 미들타워 / 어항형 / 용도: 게임용,"16GB, M.2 1TB",1923220.0
42,MSI MAG Codex Z2 B7NVL A17 Win11Pro,7500F / RTX 5060 / (AMD) B650 / 윈도우11 프로 / 600W / AMD / 라이젠 7000시리즈 / 라이젠5 / 라파엘 / DDR5 / 16GB / M.2 / 1TB / NVIDIA / 그래픽 메모리: 8GB / 2.5Gbps 유선 / HDMI / DP포트 / USB3.x 10Gbps / USB3.x 5Gbps / 파워서플라이 / 미들타워 / LED쿨러 / 용도: 게임용,"16GB, M.2 1TB",1788010.0
43,영웅컴퓨터 영웅 H게이밍 2560F 225F RTX5060,225F / RTX 5060 / (인텔) H810 / OS미포함 / 600W / 인텔 / 코어울트라 시리즈2 / 코어 울트라5 / 애로우레이크 / 인텔 AI Boost / 13TOPS / DDR5 / 16GB / M.2 / 500GB / NVIDIA / 그래픽 메모리: 8GB / 1Gbps 유선 / HDMI / DP포트 / 파워서플라이 / 미들타워 / 어항형 / LED쿨러 / 용도: 게임용,"16GB, M.2 500GB",1396680.0
44,모맨 겜덕피시 게이밍 7500F RTX5060,7500F / RTX 5060 / (AMD) A620 / OS미포함 / 600W / AMD / 라이젠 7000시리즈 / 라이젠5 / 라파엘 / DDR5 / 32GB / M.2 / 1TB / NVIDIA / 그래픽 메모리: 8GB / 1Gbps 유선 / HDMI / DP포트 / 파워서플라이 / 미들타워 / 어항형 / LED쿨러 / 용도: 게임용,"32GB, M.2 1TB",2285000.0
45,영웅컴퓨터 영웅 게이밍울트라 9857 R7 9800X3D RTX5070,9800X3D / RTX 5070 / (AMD) B650 / OS미포함 / 800W / AMD / 라이젠 9000시리즈 / 라이젠7 / 그래니트 릿지 / DDR5 / 32GB / M.2 / 1TB / NVIDIA / 그래픽 메모리: 12GB / 1Gbps 유선 / HDMI / DP포트 / 파워서플라이 / 미들타워 / 어항형 / LED쿨러 / 용도: 게임용,"32GB, M.2 1TB",2985620.0
46,HP 오멘 45L GT22-3003KR Win11Pro,285K / RTX 5090 / (인텔) Z890 / 윈도우11 프로 / 1200W / 인텔 / 코어울트라 시리즈2 / 코어 울트라9 / 애로우레이크 / 인텔 AI Boost / 13TOPS / DDR5 / 128GB / HDD:20TB / M.2 / 10TB / NVIDIA / 그래픽 메모리: 32GB / 1Gbps 유선 / 802.11ax(Wi-Fi 6E) 무선 / 블루투스 / HDMI / DP포트 / USB3.x 10Gbps / USB3.x 5Gbps / USB C타입 10Gbps / 파워서플라이 / 미들타워 / 수랭쿨러 / LED쿨러 / 22.6kg / 용도: 게임용,"128GB, M.2 10TB + HDD 20TB",19990000.0
47,HP 오멘 16L TG03-0004KL,265F / RTX 5060 Ti / (인텔) B860 / OS미포함 / 500W / 인텔 / 코어울트라 시리즈2 / 코어 울트라7 / 애로우레이크 / 인텔 AI Boost / 13TOPS / DDR5 / 32GB / M.2 / 1TB / NVIDIA / 그래픽 메모리: 16GB / 2.5Gbps 유선 / 802.11ax(Wi-Fi 6E) 무선 / 블루투스 / HDMI / DP포트 / USB3.x 5Gbps / USB C타입 10Gbps / 파워서플라이 / 미니타워 / 용도: 게임용,"32GB, M.2 1TB",2599000.0
48,몬스타 몬스타PC 경복궁,9950X3D2 / RTX 5090 / (AMD) X870E / OS미포함 / 1600W / AMD / 라이젠 9000시리즈 / 라이젠9 / 그래니트 릿지 / DDR5 / 64GB / M.2 / 2TB / NVIDIA / 그래픽 메모리: 32GB / 10Gbps 유선 / 802.11be(Wi-Fi 7) 무선 / 블루투스 / HDMI / DP포트 / USB3.x 10Gbps / USB3.x 5Gbps / USB C타입 40Gbps / 파워서플라이 / 빅타워 / 커스텀수랭 / 용도: 게임용,"64GB, M.2 2TB",23710000.0
49,HP 오멘 16L TG03-0017KL Win11Pro,265F / RX 9060 XT / (인텔) B860 / 윈도우11 프로 / 500W / 인텔 / 코어울트라 시리즈2 / 코어 울트라7 / 애로우레이크 / 인텔 AI Boost / 13TOPS / DDR5 / 16GB / M.2 / 1TB / AMD / 그래픽 메모리: 16GB / 2.5Gbps 유선 / 802.11ax(Wi-Fi 6E) 무선 / 블루투스 / HDMI / DP포트 / USB3.x 10Gbps / USB3.x 5Gbps / USB C타입 10Gbps / USB C타입 5Gbps / 파워서플라이 / 미니타워 / 용도: 게임용 / 구성변경상품,"16GB, M.2 1TB",2498990.0
50,엔피씨코리아 NEXPC 게이밍프로 Q206,250KF Plus / RTX 5080 / (인텔) B860 / OS미포함 / 1300W / 인텔 / 코어울트라 시리즈2 / 코어 울트라5 / 애로우레이크 / 인텔 AI Boost / 13TOPS / DDR5 / 16GB / M.2 / 1TB / NVIDIA / 그래픽 메모리: 16GB / 파워서플라이 / 미들타워 / 어항형 / 용도: 게임용,"16GB, M.2 1TB",3579960.0
51,HP 옴니데스크 M03-0038kr-RTX5060 Win11Pro,225 / RTX 5060 / 윈도우11 프로 / 500W / 인텔 / 코어울트라 시리즈2 / 코어 울트라5 / 애로우레이크 / 인텔 AI Boost / 13TOPS / DDR5 / 16GB / M.2 / 1TB / NVIDIA / 5.1채널 / 1Gbps 유선 / 802.11ax(Wi-Fi 6) 무선 / 블루투스 / HDMI / DP포트 / USB3.x 10Gbps / USB3.x 5Gbps / USB C타입 10Gbps / USB C타입 5Gbps / 파워서플라이 / 미니타워 / 5.34kg / 용도: 게임용 / 구성변경상품,"16GB, M.2 1TB",2221930.0
52,엔피씨코리아 NEXPC 게이밍프로 W148,i7-14700F / RTX 5060 Ti / (인텔) H610 / OS미포함 / 800W / 인텔 / 코어 14세대 / 코어i7 / 랩터레이크-R / DDR4 / 32GB / M.2 / 1TB / NVIDIA / 그래픽 메모리: 16GB / 파워서플라이 / 미들타워 / 어항형 / 용도: 게임용,"32GB, M.2 1TB",2297630.0
53,STCOM 데스크프로 PC A75N56Ti 7500F 5060 Ti,7500F / RTX 5060 Ti / (AMD) A620 / OS미포함 / 700W / AMD / 라이젠 7000시리즈 / 라이젠5 / 라파엘 / DDR5 / 16GB / M.2 / 512GB / NVIDIA / 그래픽 메모리: 8GB / 1Gbps 유선 / HDMI / DP포트 / 파워서플라이 / 미들타워 / 용도: 게임용,"16GB, M.2 512GB",1527190.0
54,타무즈 게이밍PC TZ30ES6GCAA,7500F / RTX 5060 Ti / (AMD) B650 / OS미포함 / 700W / AMD / 라이젠 7000시리즈 / 라이젠5 / 라파엘 / DDR5 / 16GB / M.2 / 1TB / NVIDIA / 그래픽 메모리: 8GB / 1Gbps 유선 / HDMI / DP포트 / USB3.x 5Gbps / 파워서플라이 / 미들타워 / 용도: 게임용,"16GB, M.2 1TB",1608910.0
55,STCOM STAI-V199,5600 / RTX 5050 / (AMD) A520 / OS미포함 / 600W / AMD / 라이젠 5000시리즈 / 라이젠5 / 버미어 / DDR4 / 16GB / M.2 / 512GB / NVIDIA / 그래픽 메모리: 8GB / 파워서플라이 / 용도: 게임용,"16GB, M.2 512GB",1193800.0
56,다나와표준PC 전문가용 260227,285K / RTX 5070 Ti / (인텔) B860 / OS미포함 / 1000W / 인텔 / 코어울트라 시리즈2 / 코어 울트라9 / 애로우레이크 / 인텔 AI Boost / 13TOPS / DDR5 / 32GB / HDD:4TB / M.2 / 1TB / NVIDIA / 그래픽 메모리: 16GB / 1Gbps 유선 / HDMI / DP포트 / 파워서플라이 / 미들타워 / 어항형 / 수랭쿨러 / LED쿨러 / 용도: 게임용,"32GB, M.2 1TB + HDD 4TB",5563640.0
57,포유컴퓨터 퍼포먼스PC 30 R7 7800X3D RTX5070,7800X3D / RTX 5070 / (AMD) B850 / OS미포함 / 800W / AMD / 라이젠 7000시리즈 / 라이젠7 / 라파엘 / DDR5 / 16GB / M.2 / 1TB / NVIDIA / 1Gbps 유선 / HDMI / DP포트 / 파워서플라이 / 미들타워 / LED쿨러 / 용도: 게임용 / 구성변경상품,"16GB, M.2 1TB",2596800.0
58,서린씨앤아이 서린컴퓨터 SRC0044,9800X3D / RX 9070 XT / (AMD) B850 / OS미포함 / 850W / AMD / 라이젠 9000시리즈 / 라이젠7 / 그래니트 릿지 / DDR5 / 32GB / M.2 / 1TB / AMD / 1Gbps 유선 / HDMI / DP포트 / 파워서플라이 / 미들타워 / 어항형 / LED쿨러 / 용도: 게임용,"32GB, M.2 1TB",3383060.0
59,다나와표준PC 게임용 230514,7600 / RTX 3060 / (AMD) A620 / OS미포함 / 800W / AMD / 라이젠 7000시리즈 / 라이젠5 / 라파엘 / DDR5 / 32GB / M.2 / 512GB / NVIDIA / 그래픽 메모리: 12GB / 1Gbps 유선 / HDMI / DP포트 / 파워서플라이 / 미들타워 / 용도: 게임용,"32GB, M.2 512GB",1277800.0
60,피씨스토어 베스트 게이밍 R5 5600 RTX3050,5600 / RTX 3050 / (AMD) A520 / OS미포함 / 600W / AMD / 라이젠 5000시리즈 / 라이젠5 / 버미어 / DDR4 / 16GB / M.2 / 500GB / NVIDIA / 그래픽 메모리: 6GB / 1Gbps 유선 / HDMI / DP포트 / 파워서플라이 / 미들타워 / 어항형 / LED쿨러 / 용도: 게임용,"16GB, M.2 500GB",1096220.0
61,MSI MAG Codex Z2 A5NVL A01 R5-5600 RTX 5060 게이밍,5600 / RTX 5060 / (AMD) A520 / OS미포함 / 600W / AMD / 라이젠 5000시리즈 / 라이젠5 / 버미어 / DDR4 / 16GB / M.2 / 500GB / NVIDIA / 그래픽 메모리: 8GB / 1Gbps 유선 / HDMI / DP포트 / USB3.x 5Gbps / 파워서플라이 / 미들타워 / LED쿨러 / 용도: 게임용,"16GB, M.2 500GB",1399000.0
62,STCOM AI 스펙트럼 PC I25N57HD8T 250K RTX5070,250K Plus / RTX 5070 / (인텔) B860 / OS미포함 / 850W / 인텔 / 코어울트라 시리즈2 / 코어 울트라5 / 애로우레이크 / 인텔 AI Boost / 13TOPS / DDR5 / 32GB / HDD:8TB / M.2 / 1TB / NVIDIA / 그래픽 메모리: 12GB / 2.5Gbps 유선 / HDMI / DP포트 / 파워서플라이 / 미들타워 / LED쿨러 / 용도: 게임용,"32GB, M.2 1TB + HDD 8TB",3278240.0
63,타무즈 스트라이커 TZ300N1FBAA,i5-14400F / RTX 5060 / (인텔) H610 / OS미포함 / 600W / 인텔 / 코어 14세대 / 코어i5 / 랩터레이크-R / DDR4 / 16GB / M.2 / 512GB / NVIDIA / 1Gbps 유선 / HDMI / DP포트 / 파워서플라이 / 미들타워 / 용도: 게임용,"16GB, M.2 512GB",1348480.0
64,STCOM STAI-V212 Win11Home,250KF Plus / RTX 5060 Ti / (인텔) B860 / 윈도우11 / 700W / 인텔 / 코어울트라 시리즈2 / 코어 울트라5 / 애로우레이크 / 인텔 AI Boost / 13TOPS / DDR5 / 32GB / M.2 / 1TB / NVIDIA / 그래픽 메모리: 8GB / 1Gbps 유선 / HDMI / DP포트 / 파워서플라이 / 미들타워 / 용도: 게임용,"32GB, M.2 1TB",2431780.0
65,포유컴퓨터 퍼포먼스PC 49 R5 5600 RTX3050,5600 / RTX 3050 / (AMD) A520 / OS미포함 / 600W / AMD / 라이젠 5000시리즈 / 라이젠5 / 버미어 / DDR4 / 16GB / M.2 / 500GB / NVIDIA / 1Gbps 유선 / HDMI / DP포트 / 파워서플라이 / 미들타워 / LED쿨러 / 용도: 게임용,"16GB, M.2 500GB",945600.0
66,MSI MAG Codex Z2 A7NVP A08 R7-7800X3D RTX 5070 게이밍,7800X3D / RTX 5070 / (AMD) B650 / OS미포함 / 850W / AMD / 라이젠 7000시리즈 / 라이젠7 / 라파엘 / DDR5 / 32GB / M.2 / 1TB / NVIDIA / 그래픽 메모리: 12GB / 2.5Gbps 유선 / 802.11ax(Wi-Fi 6E) 무선 / 블루투스 / HDMI / DP포트 / USB3.x 10Gbps / USB3.x 5Gbps / USB C타입 20Gbps / 파워서플라이 / 미들타워 / 수랭쿨러 / 10.88kg / 용도: 게임용,"32GB, M.2 1TB",2945760.0
67,영웅컴퓨터 울트라게이밍 U7280,270K Plus / RTX 5080 / (인텔) B860 / OS미포함 / 850W / 인텔 / 코어울트라 시리즈2 / 코어 울트라7 / 애로우레이크 / 인텔 AI Boost / 13TOPS / DDR5 / 32GB / M.2 / 1TB / NVIDIA / 그래픽 메모리: 16GB / 2.5Gbps 유선 / HDMI / DP포트 / USB3.x 10Gbps / USB3.x 5Gbps / USB C타입 40Gbps / 파워서플라이 / 미들타워 / 어항형 / 용도: 게임용,"32GB, M.2 1TB",4479760.0
68,제이씨현 제플PC 게이밍 익스프레션 G22,7800X3D / RX 9070 XT / (AMD) B850 / OS미포함 / 850W / AMD / 라이젠 7000시리즈 / 라이젠7 / 라파엘 / DDR5 / 32GB / M.2 / 1TB / AMD / 그래픽 메모리: 16GB / 1Gbps 유선 / HDMI / DP포트 / 파워서플라이 / 미들타워 / 어항형 / LED쿨러 / 용도: 게임용,"32GB, M.2 1TB",2880000.0
69,영웅컴퓨터 영웅 울트라게이밍 플러스 P003 265KF RTX5070,265KF / RTX 5070 / (인텔) B860 / OS미포함 / 800W / 인텔 / 코어울트라 시리즈2 / 코어 울트라7 / 애로우레이크 / 인텔 AI Boost / 13TOPS / DDR5 / 32GB / M.2 / 1TB / NVIDIA / 그래픽 메모리: 12GB / 1Gbps 유선 / HDMI / DP포트 / 파워서플라이 / 미들타워 / 어항형 / 수랭쿨러 / LED쿨러 / 용도: 게임용,"32GB, M.2 1TB",2909620.0
70,다나와표준PC 게임용 220611,i3-12100F / GTX 1660 SUPER / (인텔) H610 / OS미포함 / 500W / 인텔 / 코어 12세대 / 코어i3 / 엘더레이크 / DDR4 / 16GB / SSD / 250GB / NVIDIA / 그래픽 메모리: 6GB / 1Gbps 유선 / HDMI / DP포트 / DVI / USB3.x 5Gbps / 파워서플라이 / 미들타워 / 용도: 게임용,"16GB, SSD 250GB",800940.0
71,영웅컴퓨터 영웅 울트라게이밍 007 R7 7800X3D RTX5070Ti,7800X3D / RTX 5070 Ti / (AMD) B650 / OS미포함 / 800W / AMD / 라이젠 7000시리즈 / 라이젠7 / 라파엘 / DDR5 / 32GB / M.2 / 1TB / NVIDIA / 그래픽 메모리: 16GB / 1Gbps 유선 / HDMI / DP포트 / 파워서플라이 / 미들타워 / 어항형 / LED쿨러 / 용도: 게임용,"32GB, M.2 1TB",3639640.0
72,다나와표준PC 전문가용 251028,9950X3D / RTX 5080 / (AMD) X870E / OS미포함 / 1200W / AMD / 라이젠 9000시리즈 / 라이젠9 / 그래니트 릿지 / DDR5 / 32GB / HDD:4TB / M.2 / 1TB / NVIDIA / 그래픽 메모리: 16GB / 1Gbps 유선 / 802.11ax(Wi-Fi 6) 무선 / 블루투스 / HDMI / DP포트 / 파워서플라이 / 미들타워 / 어항형 / 수랭쿨러 / LED쿨러 / 용도: 게임용,"32GB, M.2 1TB + HDD 4TB",7600000.0
73,STCOM STCP-W01,9800X3D / RX 9070 XT / (AMD) B850 / OS미포함 / 850W / AMD / 라이젠 9000시리즈 / 라이젠7 / 그래니트 릿지 / DDR5 / 32GB / M.2 / 2TB / AMD / 1Gbps 유선 / 802.11be(Wi-Fi 7) 무선 / 블루투스 / HDMI / DP포트 / 파워서플라이 / 미들타워 / 수랭쿨러 / 용도: 게임용,"32GB, M.2 2TB",3513000.0
74,다나와표준PC 게임용 240809,5600 / GTX 1650 / (AMD) B550 / OS미포함 / 600W / AMD / 라이젠 5000시리즈 / 라이젠5 / 버미어 / DDR4 / 16GB / M.2 / 500GB / NVIDIA / 그래픽 메모리: 4GB / 1Gbps 유선 / HDMI / DP포트 / DVI / 파워서플라이 / 미들타워 / 용도: 게임용,"16GB, M.2 500GB",1223400.0
75,STCOM STAI-V136 Win11Home,i5-14400F / RTX 5060 Ti / (인텔) H610 / 윈도우11 / 700W / 인텔 / 코어 14세대 / 코어i5 / 랩터레이크-R / DDR4 / 32GB / M.2 / 1TB / NVIDIA / 그래픽 메모리: 8GB / 1Gbps 유선 / HDMI / DP포트 / 파워서플라이 / 미들타워 / 용도: 게임용,"32GB, M.2 1TB",1971180.0
76,영웅컴퓨터 영웅 게이밍울트라 7856T R7 7800X3D RTX5060Ti,7800X3D / RTX 5060 Ti / (AMD) A620 / OS미포함 / 750W / AMD / 라이젠 7000시리즈 / 라이젠7 / 라파엘 / DDR5 / 32GB / M.2 / 1TB / NVIDIA / 그래픽 메모리: 8GB / 1Gbps 유선 / HDMI / DP포트 / 파워서플라이 / 미들타워 / 어항형 / LED쿨러 / 용도: 게임용,"32GB, M.2 1TB",2169600.0
77,STCOM STAI-V99 Win11Home,i5-14400F / RTX 5060 Ti / (인텔) B760 / 윈도우11 / 700W / 인텔 / 코어 14세대 / 코어i5 / 랩터레이크-R / DDR5 / 32GB / M.2 / 1TB / NVIDIA / 1Gbps 유선 / HDMI / DP포트 / 파워서플라이 / 미들타워 / 용도: 게임용,"32GB, M.2 1TB",2200540.0
78,다나와표준PC 전문가용 251228,9950X3D / RTX 5070 / (AMD) X870 / OS미포함 / 1200W / AMD / 라이젠 9000시리즈 / 라이젠9 / 그래니트 릿지 / DDR5 / 16GB / HDD:2TB / M.2 / 1TB / NVIDIA / 그래픽 메모리: 12GB / 1Gbps 유선 / HDMI / DP포트 / 파워서플라이 / 미들타워 / 어항형 / 수랭쿨러 / LED쿨러 / 용도: 게임용,"16GB, M.2 1TB + HDD 2TB",4390000.0
79,포유컴퓨터 퍼포먼스PC 34 i5 14400F RTX5060Ti,i5-14400F / RTX 5060 Ti / (인텔) H610 / OS미포함 / 600W / 인텔 / 코어 14세대 / 코어i5 / 랩터레이크-R / DDR4 / 16GB / M.2 / 1TB / NVIDIA / 1Gbps 유선 / HDMI / DP포트 / 파워서플라이 / 미들타워 / LED쿨러 / 용도: 게임용,"16GB, M.2 1TB",1611840.0
80,영웅컴퓨터 영웅 게이밍울트라 7557 R5 7500F RTX5070,7500F / RTX 5070 / (AMD) A620 / OS미포함 / 750W / AMD / 라이젠 7000시리즈 / 라이젠5 / 라파엘 / DDR5 / 32GB / M.2 / 1TB / NVIDIA / 그래픽 메모리: 12GB / 1Gbps 유선 / HDMI / DP포트 / 파워서플라이 / 미들타워 / 어항형 / LED쿨러 / 용도: 게임용,"32GB, M.2 1TB",2499590.0
81,STCOM STAI-V19,5600 / RX 580 / (AMD) A520 / OS미포함 / 600W / AMD / 라이젠 5000시리즈 / 라이젠5 / 버미어 / DDR4 / 16GB / M.2 / 512GB / AMD / 1Gbps 유선 / 파워서플라이 / 미들타워 / 용도: 게임용,"16GB, M.2 512GB",862650.0
82,영웅컴퓨터 영웅 울트라게이밍 010,7500F / RTX 5070 Ti / (AMD) B650 / OS미포함 / 800W / AMD / 라이젠 7000시리즈 / 라이젠5 / 라파엘 / DDR5 / 32GB / M.2 / 1TB / NVIDIA / 그래픽 메모리: 16GB / 1Gbps 유선 / HDMI / DP포트 / 파워서플라이 / 미들타워 / 어항형 / 수랭쿨러 / LED쿨러 / 용도: 게임용,"32GB, M.2 1TB",3405030.0
83,다나와표준PC 게임용 230615,i5-13400F / RTX 4060 Ti / (인텔) B760 / OS미포함 / 700W / 인텔 / 코어 13세대 / 코어i5 / 엘더레이크 / DDR5 / 16GB / SSD / 256GB / NVIDIA / 그래픽 메모리: 8GB / 1Gbps 유선 / HDMI / DP포트 / 파워서플라이 / 미들타워 / 용도: 게임용,"16GB, SSD 256GB",1340660.0
84,다나와표준PC 게임용 260114,9600X / RX 9060 / (AMD) B650 / OS미포함 / 850W / AMD / 라이젠 9000시리즈 / 라이젠5 / 그래니트 릿지 / DDR5 / 16GB / M.2 / 1TB / AMD / 그래픽 메모리: 8GB / 1Gbps 유선 / HDMI / DP포트 / 파워서플라이 / 미들타워 / 어항형 / 용도: 게임용,"16GB, M.2 1TB",1921100.0
85,타무즈 게이밍PC TZ330T6HBAA,7800X3D / RTX 5060 / (AMD) B650 / OS미포함 / 800W / AMD / 라이젠 7000시리즈 / 라이젠7 / 라파엘 / DDR5 / 16GB / M.2 / 1TB / NVIDIA / 그래픽 메모리: 8GB / 1Gbps 유선 / HDMI / DP포트 / USB3.x 5Gbps / 파워서플라이 / 미들타워 / 어항형 / 용도: 게임용,"16GB, M.2 1TB",1839220.0
86,MSI MAG Codex R2 A5NVM I12 U5-225F RTX 5060 Ti 게이밍,225F / RTX 5060 Ti / (인텔) H810 / OS미포함 / 600W / 인텔 / 코어울트라 시리즈2 / 코어 울트라5 / 애로우레이크 / 인텔 AI Boost / 13TOPS / DDR5 / 16GB / M.2 / 1TB / NVIDIA / 그래픽 메모리: 8GB / 2.5Gbps 유선 / HDMI / DP포트 / USB3.x 5Gbps / 파워서플라이 / 미들타워 / LED쿨러 / 용도: 게임용 / 구성변경상품,"16GB, M.2 1TB",1759000.0
87,다나와표준PC DPG 게임용 260222,7800X3D / RTX 5060 Ti / (AMD) B850 / OS미포함 / 750W / AMD / 라이젠 7000시리즈 / 라이젠7 / 라파엘 / DDR5 / 16GB / M.2 / 1TB / NVIDIA / 그래픽 메모리: 8GB / 1Gbps 유선 / HDMI / DP포트 / 파워서플라이 / 미들타워 / 어항형 / 수랭쿨러 / LED쿨러 / 용도: 게임용,"16GB, M.2 1TB",2638890.0
88,STCOM STAI-V138,5600 / RTX 5060 / (AMD) A520 / OS미포함 / 600W / AMD / 라이젠 5000시리즈 / 라이젠5 / 버미어 / DDR4 / 16GB / M.2 / 512GB / NVIDIA / 그래픽 메모리: 8GB / 1Gbps 유선 / HDMI / DP포트 / 파워서플라이 / 미들타워 / 용도: 게임용,"16GB, M.2 512GB",1210710.0
89,영웅컴퓨터 울트라게이밍 U7277 270K RTX5070,270K Plus / RTX 5070 / (인텔) B860 / OS미포함 / 850W / 인텔 / 코어울트라 시리즈2 / 코어 울트라7 / 애로우레이크 / 인텔 AI Boost / 13TOPS / DDR5 / 32GB / M.2 / 1TB / NVIDIA / 그래픽 메모리: 12GB / 2.5Gbps 유선 / HDMI / DP포트 / USB3.x 10Gbps / USB3.x 5Gbps / USB C타입 40Gbps / 파워서플라이 / 미들타워 / 어항형 / 용도: 게임용,"32GB, M.2 1TB",3025510.0
90,영웅컴퓨터 울트라게이밍 U7271 270K RTX5060Ti,270K Plus / RTX 5060 Ti / (인텔) B860 / OS미포함 / 800W / 인텔 / 코어울트라 시리즈2 / 코어 울트라7 / 애로우레이크 / 인텔 AI Boost / 13TOPS / DDR5 / 32GB / M.2 / 1TB / NVIDIA / 그래픽 메모리: 8GB / 1Gbps 유선 / HDMI / DP포트 / USB3.x 10Gbps / USB3.x 5Gbps / USB C타입 40Gbps / 파워서플라이 / 미들타워 / 어항형 / 용도: 게임용,"32GB, M.2 1TB",2559620.0
91,영웅컴퓨터 영웅 게이밍울트라 7556TX 7500X3D RTX5060Ti,7500X3D / RTX 5060 Ti / (AMD) A620 / OS미포함 / 750W / AMD / 라이젠 7000시리즈 / 라이젠5 / 라파엘 / DDR5 / 32GB / M.2 / 1TB / NVIDIA / 그래픽 메모리: 8GB / 1Gbps 유선 / HDMI / DP포트 / USB3.x 5Gbps / 파워서플라이 / 미들타워 / 어항형 / LED쿨러 / 용도: 게임용,"32GB, M.2 1TB",2126800.0
92,영웅컴퓨터 영웅 게이밍울트라 7546 R5 7500F RTX5060,7500F / RTX 5060 / (AMD) A620 / OS미포함 / 600W / AMD / 라이젠 7000시리즈 / 라이젠5 / 라파엘 / DDR5 / 16GB / M.2 / 512GB / NVIDIA / 그래픽 메모리: 8GB / 1Gbps 유선 / HDMI / DP포트 / 파워서플라이 / 미들타워 / LED쿨러 / 용도: 게임용,"16GB, M.2 512GB",1429670.0
93,영웅컴퓨터 영웅 게이밍울트라 9656T,9600X / RTX 5060 Ti / (AMD) A620 / OS미포함 / 750W / AMD / 라이젠 9000시리즈 / 라이젠5 / 그래니트 릿지 / DDR5 / 32GB / M.2 / 1TB / NVIDIA / 그래픽 메모리: 8GB / 1Gbps 유선 / HDMI / DP포트 / 파워서플라이 / 미들타워 / 어항형 / LED쿨러 / 용도: 게임용,"32GB, M.2 1TB",2059630.0
94,영웅컴퓨터 영웅 RL3461F i5-13400F RTX5060Ti,i5-13400F / RTX 5060 Ti / (인텔) H610 / OS미포함 / 600W / 인텔 / 코어 13세대 / 코어i5 / 랩터레이크 / DDR5 / 16GB / M.2 / 512GB / NVIDIA / 그래픽 메모리: 8GB / 1Gbps 유선 / HDMI / DP포트 / 파워서플라이 / 미들타워 / 용도: 게임용,"16GB, M.2 512GB",1537580.0
95,포유컴퓨터 퍼포먼스PC 46 R5 7400F RTX5060,7400F / RTX 5060 / (AMD) B650 / OS미포함 / 600W / AMD / 라이젠 7000시리즈 / 라이젠5 / 라파엘 / DDR5 / 16GB / M.2 / 1TB / NVIDIA / 그래픽 메모리: 8GB / 1Gbps 유선 / HDMI / DP포트 / 파워서플라이 / 미들타워 / 어항형 / LED쿨러 / 용도: 게임용,"16GB, M.2 1TB",1611840.0
96,다나와표준PC DPG 게임용 260122,9800X3D / RTX 5060 Ti / (AMD) B850 / OS미포함 / 750W / AMD / 라이젠 9000시리즈 / 라이젠7 / 그래니트 릿지 / DDR5 / 16GB / M.2 / 1TB / NVIDIA / 그래픽 메모리: 16GB / 1Gbps 유선 / HDMI / DP포트 / 파워서플라이 / 미들타워 / 수랭쿨러 / LED쿨러 / 용도: 게임용,"16GB, M.2 1TB",3346680.0
97,타무즈 TZ300N1FDAA,i5-14400F / GTX 1660 SUPER / (인텔) H610 / OS미포함 / 600W / 인텔 / 코어 14세대 / 코어i5 / 랩터레이크-R / DDR4 / 16GB / M.2 / 512GB / NVIDIA / 그래픽 메모리: 6GB / 1Gbps 유선 / HDMI / DP포트 / USB3.x 5Gbps / 파워서플라이 / 미들타워 / 용도: 게임용,"16GB, M.2 512GB",939450.0
98,포유컴퓨터 퍼포먼스PC 55 i5 14400F RTX5060Ti,i5-14400F / RTX 5060 Ti / (인텔) H610 / OS미포함 / 700W / 인텔 / 코어 14세대 / 코어i5 / 랩터레이크-R / DDR5 / 16GB / M.2 / 500GB / NVIDIA / 1Gbps 유선 / HDMI / DP포트 / 파워서플라이 / 미들타워 / LED쿨러 / 용도: 게임용,"16GB, M.2 500GB",1559040.0
99,영웅컴퓨터 영웅 H게이밍 4756T I7-14700F RTX5060Ti,i7-14700F / RTX 5060 Ti / (인텔) B760 / OS미포함 / 750W / 인텔 / 코어 14세대 / 코어i7 / 랩터레이크-R / DDR5 / 32GB / M.2 / 1TB / NVIDIA / 그래픽 메모리: 8GB / 1Gbps 유선 / HDMI / DP포트 / 파워서플라이 / 미들타워 / 어항형 / LED쿨러 / 용도: 게임용,"32GB, M.2 1TB",2339600.0
100,다나와표준PC DPG 게임용 260223,9800X3D / RTX 5070 / (AMD) B850 / OS미포함 / 850W / AMD / 라이젠 9000시리즈 / 라이젠7 / 그래니트 릿지 / DDR5 / 16GB / M.2 / 1TB / NVIDIA / 그래픽 메모리: 12GB / 1Gbps 유선 / HDMI / DP포트 / 파워서플라이 / 미들타워 / 어항형 / 수랭쿨러 / LED쿨러 / 용도: 게임용,"16GB, M.2 1TB",3650000.0
101,MSI MAG CODEX R2 B5NVM I13 U5-250KF PLUS RTX™ 5060 Ti 게이밍,250KF Plus / RTX 5060 Ti / (인텔) B860 / OS미포함 / 650W / 인텔 / 코어울트라 시리즈2 / 코어 울트라5 / 애로우레이크 / 인텔 AI Boost / 13TOPS / DDR5 / 16GB / M.2 / 1TB / NVIDIA / 그래픽 메모리: 8GB / 7.1채널 / 5Gbps 유선 / 802.11ax(Wi-Fi 6E) 무선 / 블루투스 / HDMI / DP포트 / USB3.x 10Gbps / USB3.x 5Gbps / USB C타입 5Gbps / 파워서플라이 / 미들타워 / 용도: 게임용 / Mystic Light,"16GB, M.2 512GB",1913740.0
102,영웅컴퓨터 영웅 게이밍프로 5646M R5 5600 RTX5050,5600 / RTX 5050 / (AMD) A520 / OS미포함 / 600W / AMD / 라이젠 5000시리즈 / 라이젠5 / 버미어 / DDR4 / 16GB / M.2 / 512GB / NVIDIA / 그래픽 메모리: 8GB / 1Gbps 유선 / HDMI / DP포트 / 파워서플라이 / 미들타워 / 어항형 / LED쿨러 / 용도: 게임용,"16GB, M.2 512GB",1149610.0
103,STCOM STAI-V140,7500F / RTX 5060 / (AMD) A620 / OS미포함 / 600W / AMD / 라이젠 7000시리즈 / 라이젠5 / 라파엘 / DDR5 / 16GB / M.2 / 512GB / NVIDIA / 그래픽 메모리: 8GB / 1Gbps 유선 / HDMI / DP포트 / 파워서플라이 / 미들타워 / 용도: 게임용,"16GB, M.2 512GB",1395630.0
104,STCOM STAI-V109 Win11Home,9600X / RTX 5060 Ti / (AMD) A620 / 윈도우11 / 700W / AMD / 라이젠 9000시리즈 / 라이젠5 / 그래니트 릿지 / DDR5 / 32GB / M.2 / 1TB / NVIDIA / 1Gbps 유선 / HDMI / DP포트 / 파워서플라이 / 미들타워 / 용도: 게임용,"32GB, M.2 1TB",2251300.0
105,다나와표준PC 게임용 250910,7500F / RX 9060 XT / (AMD) B650 / OS미포함 / 750W / AMD / 라이젠 7000시리즈 / 라이젠5 / 라파엘 / DDR5 / 16GB / M.2 / 1TB / AMD / 그래픽 메모리: 8GB / 1Gbps 유선 / HDMI / DP포트 / 파워서플라이 / 미들타워 / 어항형 / LED쿨러 / 용도: 게임용,"16GB, M.2 1TB",2050000.0
106,영웅컴퓨터 울트라게이밍 U7270 270K RTX5070Ti,270K Plus / RTX 5070 Ti / (인텔) B860 / OS미포함 / 850W / 인텔 / 코어울트라 시리즈2 / 코어 울트라7 / 애로우레이크 / 인텔 AI Boost / 13TOPS / DDR5 / 32GB / M.2 / 1TB / NVIDIA / 그래픽 메모리: 16GB / 2.5Gbps 유선 / HDMI / DP포트 / USB3.x 10Gbps / USB3.x 5Gbps / USB C타입 40Gbps / 파워서플라이 / 미들타워 / 어항형 / 용도: 게임용,"32GB, M.2 1TB",3859660.0
107,다나와표준PC 게임용 251109,5600 / RX 9060 / (AMD) A520 / OS미포함 / 500W / AMD / 라이젠 5000시리즈 / 라이젠5 / 버미어 / DDR4 / 32GB / M.2 / 1TB / AMD / 그래픽 메모리: 8GB / 1Gbps 유선 / HDMI / DP포트 / 파워서플라이 / 미들타워 / 어항형 / LED쿨러 / 용도: 게임용,"32GB, M.2 1TB",1839530.0
108,다나와표준PC 게임용 260216,245K / RTX 3050 / (인텔) H810 / OS미포함 / 750W / 인텔 / 코어울트라 시리즈2 / 코어 울트라5 / 애로우레이크 / 인텔 AI Boost / 13TOPS / DDR5 / 16GB / M.2 / 1TB / NVIDIA / 그래픽 메모리: 6GB / 1Gbps 유선 / 파워서플라이 / 미들타워 / 어항형 / LED쿨러 / 용도: 게임용,"16GB, M.2 1TB",1950000.0
109,다나와표준PC 게임용 260112,7600 / RX 7600 / (AMD) B650 / OS미포함 / 1000W / AMD / 라이젠 7000시리즈 / 라이젠5 / 라파엘 / DDR5 / 16GB / M.2 / 1TB / AMD / 그래픽 메모리: 8GB / 1Gbps 유선 / 파워서플라이 / 미들타워 / LED쿨러 / 용도: 게임용,"16GB, M.2 1TB",1782250.0
110,STCOM STCP-i9,9800X3D / RX 9070 XT / (AMD) B650E / OS미포함 / 850W / AMD / 라이젠 9000시리즈 / 라이젠7 / 그래니트 릿지 / DDR5 / 32GB / M.2 / 1TB / AMD / 그래픽 메모리: 16GB / 1Gbps 유선 / HDMI / DP포트 / 파워서플라이 / 미들타워 / 어항형 / LED쿨러 / 용도: 게임용,"32GB, M.2 1TB",3189000.0
111,타무즈 게이밍PC TZ330S6GCAA,7500F / RTX 5060 Ti / (AMD) B650 / OS미포함 / 700W / AMD / 라이젠 7000시리즈 / 라이젠5 / 라파엘 / DDR5 / 16GB / M.2 / 512GB / NVIDIA / 그래픽 메모리: 8GB / 1Gbps 유선 / HDMI / DP포트 / USB3.x 5Gbps / 파워서플라이 / 미들타워 / 어항형 / 용도: 게임용,"16GB, M.2 512GB",1610290.0
112,STCOM STAI-V116,7800X3D / RTX 5070 / (AMD) B650 / OS미포함 / 850W / AMD / 라이젠 7000시리즈 / 라이젠7 / 라파엘 / DDR5 / 16GB / M.2 / 512GB / NVIDIA / 1Gbps 유선 / HDMI / DP포트 / 파워서플라이 / 미들타워 / 용도: 게임용,"16GB, M.2 512GB",2612260.0
113,STCOM 데스크프로 PC A56N56Ti 5600 5060 Ti,5600 / RTX 5060 Ti / (AMD) A520 / OS미포함 / 700W / AMD / 라이젠 5000시리즈 / 라이젠5 / 버미어 / DDR4 / 16GB / M.2 / 1TB / NVIDIA / 그래픽 메모리: 8GB / 1Gbps 유선 / HDMI / DP포트 / 파워서플라이 / 미들타워 / 용도: 게임용,"16GB, M.2 1TB",1473840.0
114,영웅컴퓨터 영웅 게이밍ZE 006,i5-12400F / RTX 3050 / (인텔) H610 / OS미포함 / 600W / 인텔 / 코어 12세대 / 코어i5 / 엘더레이크 / DDR4 / 16GB / M.2 / 256GB / NVIDIA / 그래픽 메모리: 6GB / 1Gbps 유선 / HDMI / DP포트 / DVI / 파워서플라이 / 미들타워 / LED쿨러 / 용도: 게임용,"16GB, M.2 256GB",1079670.0
115,STCOM 데스크프로 PC A96N56Ti 9600X 5060 Ti,9600X / RTX 5060 Ti / (AMD) A620 / OS미포함 / 700W / AMD / 라이젠 9000시리즈 / 라이젠5 / 그래니트 릿지 / DDR5 / 16GB / M.2 / 512GB / NVIDIA / 그래픽 메모리: 8GB / 1Gbps 유선 / HDMI / DP포트 / 파워서플라이 / 미들타워 / 용도: 게임용,"16GB, M.2 512GB",1611830.0
116,STCOM STAI-V147,i5-14400F / RTX 5060 / (인텔) B760 / OS미포함 / 600W / 인텔 / 코어 14세대 / 코어i5 / 랩터레이크-R / DDR5 / 16GB / M.2 / 512GB / NVIDIA / 그래픽 메모리: 8GB / 1Gbps 유선 / HDMI / DP포트 / 파워서플라이 / 미들타워 / 용도: 게임용,"16GB, M.2 512GB",1453590.0
117,다나와표준PC DPG 게임용 260124,9800X3D / RX 9070 XT / (AMD) B850 / OS미포함 / 850W / AMD / 라이젠 9000시리즈 / 라이젠7 / 그래니트 릿지 / DDR5 / 16GB / M.2 / 1TB / AMD / 그래픽 메모리: 16GB / 1Gbps 유선 / HDMI / DP포트 / 파워서플라이 / 미들타워 / 어항형 / 수랭쿨러 / LED쿨러 / 용도: 게임용,"16GB, M.2 1TB",3650920.0
118,다나와표준PC 게임용 250509,5600 / RX 6600 / (AMD) B450 / OS미포함 / 700W / AMD / 라이젠 5000시리즈 / 라이젠5 / 버미어 / DDR4 / 16GB / SSD / 240GB / AMD / 그래픽 메모리: 8GB / 1Gbps 유선 / 파워서플라이 / 미들타워 / 어항형 / LED쿨러 / 용도: 게임용,"16GB, SSD 240GB",1228000.0
119,다나와표준PC 게임용 230816,i5-13400F / RTX 4060 / (인텔) B760 / OS미포함 / 850W / 인텔 / 코어 13세대 / 코어i5 / 엘더레이크 / DDR5 / 16GB / M.2 / 500GB / NVIDIA / 그래픽 메모리: 8GB / 1Gbps 유선 / HDMI / DP포트 / 파워서플라이 / 미들타워 / 용도: 게임용,"16GB, M.2 500GB",1333600.0
120,다나와표준PC 전문가용 260228,9950X3D / RTX 5070 Ti / (AMD) X870E / OS미포함 / 1200W / AMD / 라이젠 9000시리즈 / 라이젠9 / 그래니트 릿지 / DDR5 / 16GB / HDD:4TB / M.2 / 1TB / NVIDIA / 그래픽 메모리: 16GB / 1Gbps 유선 / HDMI / DP포트 / 파워서플라이 / 미들타워 / 어항형 / 수랭쿨러 / LED쿨러 / 용도: 게임용,"16GB, M.2 1TB + HDD 4TB",5775000.0
121,MSI MAG Codex Z2 B7NVL A17 Win11Home,7500F / RTX 5060 / (AMD) B650 / 윈도우11 / 600W / AMD / 라이젠 7000시리즈 / 라이젠5 / 라파엘 / DDR5 / 16GB / M.2 / 1TB / NVIDIA / 그래픽 메모리: 8GB / 2.5Gbps 유선 / HDMI / DP포트 / USB3.x 10Gbps / USB3.x 5Gbps / 파워서플라이 / 미들타워 / LED쿨러 / 용도: 게임용,"16GB, M.2 1TB",1796960.0
122,MSI MAG CODEX R2 A5NVL I08 Win11Pro,225F / RTX 5060 / (인텔) H810 / 윈도우11 프로 / 600W / 인텔 / 코어울트라 시리즈2 / 코어 울트라5 / 애로우레이크 / 인텔 AI Boost / 13TOPS / DDR5 / 16GB / M.2 / 1TB / NVIDIA / 그래픽 메모리: 8GB / 2.5Gbps 유선 / HDMI / DP포트 / USB3.x 5Gbps / 파워서플라이 / 미들타워 / LED쿨러 / 용도: 게임용,"16GB, M.2 1TB",1778470.0
123,다나와표준PC 게임용 260118,7800X3D / RX 9070 / (AMD) B850 / OS미포함 / 750W / AMD / 라이젠 7000시리즈 / 라이젠7 / 라파엘 / DDR5 / 16GB / M.2 / 1TB / AMD / 그래픽 메모리: 16GB / 1Gbps 유선 / HDMI / DP포트 / 파워서플라이 / 빅타워 / 어항형 / LED쿨러 / 용도: 게임용,"16GB, M.2 1TB",2809180.0
124,영웅컴퓨터 영웅 울트라게이밍 9700TS R7 9700X RTX5070Ti,9700X / RTX 5070 Ti / (AMD) B650 / OS미포함 / 800W / AMD / 라이젠 9000시리즈 / 라이젠7 / 그래니트 릿지 / DDR5 / 32GB / M.2 / 1TB / NVIDIA / 그래픽 메모리: 16GB / 1Gbps 유선 / HDMI / DP포트 / 파워서플라이 / 미들타워 / 어항형 / 수랭쿨러 / LED쿨러 / 용도: 게임용,"32GB, M.2 1TB",3629640.0
125,STCOM STAI-V228,9600X / RTX 5060 Ti / (AMD) A620 / OS미포함 / 700W / AMD / 라이젠 9000시리즈 / 라이젠5 / 그래니트 릿지 / DDR5 / 32GB / M.2 / 2TB / NVIDIA / 그래픽 메모리: 8GB / 1Gbps 유선 / HDMI / DP포트 / 파워서플라이 / 미들타워 / 용도: 게임용,"32GB, M.2 2TB",2139910.0
126,다나와표준PC DPG 게임용 260224,9800X3D / RTX 5070 Ti / (AMD) B850 / OS미포함 / 1050W / AMD / 라이젠 9000시리즈 / 라이젠7 / 그래니트 릿지 / DDR5 / 16GB / M.2 / 1TB / NVIDIA / 그래픽 메모리: 16GB / 1Gbps 유선 / HDMI / DP포트 / 파워서플라이 / 미들타워 / 수랭쿨러 / LED쿨러 / 용도: 게임용,"16GB, M.2 1TB",3926990.0
127,다나와표준PC 게임용 260212,i7-14700K / RTX 5060 / (인텔) B760 / OS미포함 / 800W / 인텔 / 코어 14세대 / 코어i7 / 랩터레이크-R / DDR5 / 16GB / M.2 / 1TB / NVIDIA / 그래픽 메모리: 8GB / 1Gbps 유선 / HDMI / DP포트 / 파워서플라이 / 미들타워 / LED쿨러 / 용도: 게임용,"16GB, M.2 1TB",2590000.0
128,다나와표준PC 전문가용 260127,285K / RTX 5070 / (인텔) B860 / OS미포함 / 1000W / 인텔 / 코어울트라 시리즈2 / 코어 울트라9 / 애로우레이크 / 인텔 AI Boost / 13TOPS / DDR5 / 32GB / HDD:4TB / M.2 / 1TB / NVIDIA / 그래픽 메모리: 12GB / 1Gbps 유선 / HDMI / DP포트 / 파워서플라이 / 미들타워 / 어항형 / 수랭쿨러 / LED쿨러 / 용도: 게임용,"32GB, M.2 1TB + HDD 4TB",4711480.0
129,다나와표준PC 게임용 251019,7800X3D / RTX 5060 Ti / (AMD) B850 / OS미포함 / 850W / AMD / 라이젠 7000시리즈 / 라이젠7 / 라파엘 / DDR5 / 16GB / M.2 / 1TB / NVIDIA / 그래픽 메모리: 16GB / 1Gbps 유선 / HDMI / DP포트 / 파워서플라이 / 빅타워 / 어항형 / LED쿨러 / 용도: 게임용,"16GB, M.2 1TB",2710000.0
130,MSI MAG Codex R2 A5NVL I08 U5-225F RTX 5060 게이밍,225F / RTX 5060 / (인텔) H810 / OS미포함 / 600W / 인텔 / 코어울트라 시리즈2 / 코어 울트라5 / 애로우레이크 / 인텔 AI Boost / 13TOPS / DDR5 / 16GB / M.2 / 1TB / NVIDIA / 그래픽 메모리: 8GB / 2.5Gbps 유선 / HDMI / DP포트 / USB3.x 5Gbps / 파워서플라이 / 미들타워 / LED쿨러 / 용도: 게임용,"16GB, M.2 1TB",1666520.0
131,다나와 게임용PC AMD R7-7800X3D RTX5070 S6103,7800X3D / RTX 5070 / (AMD) B650 / OS미포함 / 800W / AMD / 라이젠 7000시리즈 / 라이젠7 / 라파엘 / DDR5 / 16GB / M.2 / 500GB / NVIDIA / 그래픽 메모리: 12GB / 2.5Gbps 유선 / HDMI / DP포트 / USB3.x 10Gbps / USB3.x 5Gbps / USB C타입 10Gbps / 파워서플라이 / 미들타워 / 어항형 / 수랭쿨러 / LED쿨러 / 용도: 게임용,"16GB, M.2 500GB",3275000.0
132,STCOM STAI-V107 Win11Home,7500F / RTX 5060 Ti / (AMD) A620 / 윈도우11 / 700W / AMD / 라이젠 7000시리즈 / 라이젠5 / 라파엘 / DDR5 / 32GB / M.2 / 1TB / NVIDIA / 1Gbps 유선 / HDMI / DP포트 / 파워서플라이 / 미들타워 / 용도: 게임용,"32GB, M.2 1TB",2154480.0
133,영웅컴퓨터 영웅 게이밍울트라 9657,9600X / RTX 5070 / (AMD) B650 / OS미포함 / 800W / AMD / 라이젠 9000시리즈 / 라이젠5 / 그래니트 릿지 / DDR5 / 32GB / M.2 / 1TB / NVIDIA / 그래픽 메모리: 12GB / 1Gbps 유선 / HDMI / DP포트 / 파워서플라이 / 미들타워 / 어항형 / LED쿨러 / 용도: 게임용,"32GB, M.2 1TB",2679600.0
134,다나와표준PC 게임용 230811,i3-13100F / RX 6600 / (인텔) B660 / OS미포함 / 700W / 인텔 / 코어 13세대 / 코어i3 / 랩터레이크 / DDR4 / 16GB / SSD / 250GB / AMD / 그래픽 메모리: 8GB / 1Gbps 유선 / HDMI / DP포트 / 파워서플라이 / 미들타워 / 용도: 게임용,"16GB, SSD 250GB",858940.0
135,다나와표준PC 게임용 260220,245K / RTX 5060 / (인텔) H810 / OS미포함 / 850W / 인텔 / 코어울트라 시리즈2 / 코어 울트라5 / 애로우레이크 / 인텔 AI Boost / 13TOPS / DDR5 / 16GB / M.2 / 1TB / NVIDIA / 그래픽 메모리: 8GB / 1Gbps 유선 / HDMI / DP포트 / 파워서플라이 / 미들타워 / 수랭쿨러 / LED쿨러 / 용도: 게임용,"16GB, M.2 1TB",2381490.0
136,다나와표준PC 게임용 260219,7800X3D / RX 9060 XT / (AMD) B850 / OS미포함 / 750W / AMD / 라이젠 7000시리즈 / 라이젠7 / 라파엘 / DDR5 / 16GB / M.2 / 1TB / AMD / 그래픽 메모리: 16GB / 1Gbps 유선 / HDMI / DP포트 / 파워서플라이 / 빅타워 / 어항형 / LED쿨러 / 용도: 게임용,"16GB, M.2 1TB",2738050.0
137,다나와표준PC 전문가용 260125,265K / RTX 5060 Ti / (인텔) B860 / OS미포함 / 850W / 인텔 / 코어울트라 시리즈2 / 코어 울트라7 / 애로우레이크 / 인텔 AI Boost / 13TOPS / DDR5 / 16GB / M.2 / 1TB / NVIDIA / 그래픽 메모리: 16GB / 1Gbps 유선 / HDMI / DP포트 / 파워서플라이 / 미들타워 / 어항형 / 수랭쿨러 / 용도: 게임용,"16GB, M.2 1TB",3245260.0
138,STCOM STAI-V174,i5-14400F / RX 9060 XT / (인텔) H610 / OS미포함 / 600W / 인텔 / 코어 14세대 / 코어i5 / 랩터레이크-R / DDR4 / 32GB / M.2 / 1TB / AMD / 그래픽 메모리: 16GB / 1Gbps 유선 / HDMI / DP포트 / 파워서플라이 / 미들타워 / 용도: 게임용,"32GB, M.2 1TB",1709860.0
139,영웅컴퓨터 영웅 울트라게이밍 9700XS,9700X / RTX 5080 / (AMD) B650 / OS미포함 / 900W / AMD / 라이젠 9000시리즈 / 라이젠7 / 그래니트 릿지 / DDR5 / 32GB / M.2 / 1TB / NVIDIA / 그래픽 메모리: 16GB / 1Gbps 유선 / HDMI / DP포트 / 파워서플라이 / 미들타워 / 어항형 / 수랭쿨러 / LED쿨러 / 용도: 게임용,"32GB, M.2 1TB",4329640.0
140,영웅컴퓨터 영웅 울트라게이밍 플러스 001,7800X3D / RTX 5070 / (AMD) B650 / OS미포함 / 800W / AMD / 라이젠 7000시리즈 / 라이젠7 / 라파엘 / DDR5 / 32GB / M.2 / 1TB / NVIDIA / 그래픽 메모리: 12GB / 1Gbps 유선 / HDMI / DP포트 / 파워서플라이 / 미들타워 / 어항형 / 수랭쿨러 / LED쿨러 / 용도: 게임용,"32GB, M.2 1TB",2909770.0
141,다나와표준PC 게임용 251011,7500F / RTX 5060 / (AMD) B650 / OS미포함 / 600W / AMD / 라이젠 7000시리즈 / 라이젠5 / 라파엘 / DDR5 / 32GB / M.2 / 1TB / NVIDIA / 그래픽 메모리: 8GB / 1Gbps 유선 / HDMI / DP포트 / 파워서플라이 / 미들타워 / LED쿨러 / 용도: 게임용,"32GB, M.2 1TB",2370000.0
142,다나와표준PC DPG 게임용 230524,7800X3D / RTX 4070 / (AMD) B650 / OS미포함 / 750W / AMD / 라이젠 7000시리즈 / 라이젠7 / 라파엘 / DDR5 / 32GB / M.2 / 500GB / NVIDIA / 그래픽 메모리: 12GB / 1Gbps 유선 / HDMI / DP포트 / 파워서플라이 / 미들타워 / 용도: 게임용,"32GB, M.2 500GB",2356000.0
143,타무즈 게이밍PC TZ33ER8GCAA,225F / RTX 5060 Ti / (인텔) H810 / OS미포함 / 700W / 인텔 / 코어울트라 시리즈2 / 코어 울트라5 / 애로우레이크 / 인텔 AI Boost / 13TOPS / DDR5 / 16GB / M.2 / 1TB / NVIDIA / 그래픽 메모리: 8GB / 1Gbps 유선 / HDMI / DP포트 / USB3.x 5Gbps / 파워서플라이 / 미들타워 / 어항형 / 용도: 게임용,"16GB, M.2 1TB",1601680.0
144,STCOM STAI-V68,i5-14400F / GTX 1660 SUPER / (인텔) H610 / OS미포함 / 600W / 인텔 / 코어 14세대 / 코어i5 / 랩터레이크-R / DDR4 / 32GB / M.2 / 1TB / NVIDIA / 1Gbps 유선 / 파워서플라이 / 미들타워 / 용도: 게임용,"32GB, M.2 1TB",1423160.0
145,다나와표준PC 게임용 250717,7800X3D / RTX 5060 Ti / (AMD) B850 / OS미포함 / 800W / AMD / 라이젠 7000시리즈 / 라이젠7 / 라파엘 / DDR5 / 16GB / M.2 / 1TB / NVIDIA / 그래픽 메모리: 8GB / 1Gbps 유선 / 파워서플라이 / 미들타워 / 용도: 게임용,"16GB, M.2 1TB",2650000.0
146,다나와표준PC 전문가용 250528,9800X3D / RTX 5080 / (AMD) X870E / OS미포함 / 1000W / AMD / 라이젠 9000시리즈 / 라이젠7 / 그래니트 릿지 / DDR5 / 16GB / HDD:4TB / M.2 / 1TB / NVIDIA / 그래픽 메모리: 16GB / 1Gbps 유선 / 파워서플라이 / 미들타워 / 수랭쿨러 / LED쿨러 / 용도: 게임용,"16GB, M.2 1TB + HDD 4TB",5440800.0
147,다나와표준PC 게임용 260109,7500F / RX 6600 / (AMD) B650 / OS미포함 / 800W / AMD / 라이젠 7000시리즈 / 라이젠5 / 라파엘 / DDR5 / 16GB / M.2 / 512GB / AMD / 그래픽 메모리: 8GB / 1Gbps 유선 / 파워서플라이 / 미들타워 / 어항형 / LED쿨러 / 용도: 게임용,"16GB, M.2 512GB",1572990.0
148,다나와표준PC DPG 게임용 260121,245K / RTX 5060 Ti / (인텔) B860 / OS미포함 / 850W / 인텔 / 코어울트라 시리즈2 / 코어 울트라5 / 애로우레이크 / 인텔 AI Boost / 13TOPS / DDR5 / 16GB / M.2 / 1TB / NVIDIA / 그래픽 메모리: 16GB / 1Gbps 유선 / HDMI / DP포트 / 파워서플라이 / 미들타워 / 어항형 / LED쿨러 / 용도: 게임용,"16GB, M.2 1TB",2941020.0
149,다나와표준PC 게임용 260110,7500F / RX 9060 / (AMD) B650 / OS미포함 / 700W / AMD / 라이젠 7000시리즈 / 라이젠5 / 라파엘 / DDR5 / 16GB / M.2 / 1TB / AMD / 그래픽 메모리: 8GB / 1Gbps 유선 / HDMI / DP포트 / 파워서플라이 / 미들타워 / 어항형 / LED쿨러 / 용도: 게임용,"16GB, M.2 1TB",1989990.0
150,다나와표준PC 게임용 251017,9600 / RTX 5070 / (AMD) B850 / OS미포함 / 750W / AMD / 라이젠 9000시리즈 / 라이젠5 / 그래니트 릿지 / DDR5 / 16GB / M.2 / 1TB / NVIDIA / 그래픽 메모리: 12GB / 1Gbps 유선 / HDMI / DP포트 / 파워서플라이 / 미들타워 / 어항형 / LED쿨러 / 용도: 게임용,"16GB, M.2 1TB",2790000.0
151,영웅컴퓨터 영웅 울트라게이밍 플러스 P002,i9-14900KF / RTX 5070 / (인텔) B760 / OS미포함 / 800W / 인텔 / 코어 14세대 / 코어i9 / 랩터레이크-R / DDR5 / 32GB / M.2 / 1TB / NVIDIA / 그래픽 메모리: 12GB / 1Gbps 유선 / HDMI / DP포트 / 파워서플라이 / 미들타워 / 어항형 / LED쿨러 / 용도: 게임용,"32GB, M.2 1TB",3039600.0
152,STCOM STAI-V150 Win11Home,i5-14400F / RTX 5060 / (인텔) H610 / 윈도우11 / 600W / 인텔 / 코어 14세대 / 코어i5 / 랩터레이크-R / DDR4 / 32GB / M.2 / 1TB / NVIDIA / 그래픽 메모리: 8GB / 1Gbps 유선 / HDMI / DP포트 / 파워서플라이 / 미들타워 / 용도: 게임용,"32GB, M.2 1TB",1858380.0
153,다나와표준PC 게임용 240818,7800X3D / RTX 4060 Ti / (AMD) B650 / OS미포함 / 850W / AMD / 라이젠 7000시리즈 / 라이젠7 / 라파엘 / DDR5 / 16GB / M.2 / 500GB / NVIDIA / 그래픽 메모리: 8GB / 1Gbps 유선 / HDMI / DP포트 / 파워서플라이 / 미들타워 / 용도: 게임용,"16GB, M.2 500GB",1834880.0
154,STCOM AI 스펙트럼 PC I27N57TiHD8T 270K RTX5070Ti,270K Plus / RTX 5070 Ti / (인텔) B860 / OS미포함 / 850W / 인텔 / 코어울트라 시리즈2 / 코어 울트라7 / 애로우레이크 / 인텔 AI Boost / 13TOPS / DDR5 / 32GB / HDD:8TB / M.2 / 2TB / NVIDIA / 그래픽 메모리: 16GB / 2.5Gbps 유선 / 802.11be(Wi-Fi 7) 무선 / 블루투스 / HDMI / DP포트 / 파워서플라이 / 미들타워 / 어항형 / 수랭쿨러 / LED쿨러 / 용도: 게임용,"32GB, M.2 2TB + HDD 8TB",4490880.0
155,타무즈 게이밍 TZ310N1GCAA,i5-14400F / RTX 5060 Ti / (인텔) H610 / OS미포함 / 700W / 인텔 / 코어 14세대 / 코어i5 / 랩터레이크-R / DDR4 / 16GB / M.2 / 512GB / NVIDIA / 1Gbps 유선 / HDMI / DP포트 / USB3.x 5Gbps / 파워서플라이 / 미들타워 / 용도: 게임용,"16GB, M.2 512GB",1440130.0
156,다나와표준PC DPG 게임용 260123,9800X3D / RX 9060 XT / (AMD) B850 / OS미포함 / 850W / AMD / 라이젠 9000시리즈 / 라이젠7 / 그래니트 릿지 / DDR5 / 16GB / M.2 / 1TB / AMD / 그래픽 메모리: 16GB / 1Gbps 유선 / HDMI / DP포트 / 파워서플라이 / 미들타워 / 수랭쿨러 / LED쿨러 / 용도: 게임용,"16GB, M.2 1TB",3245260.0
157,다나와표준PC 전문가용 260128,9950X3D / RTX 5070 / (AMD) X870 / OS미포함 / 1200W / AMD / 라이젠 9000시리즈 / 라이젠9 / 그래니트 릿지 / DDR5 / 16GB / HDD:4TB / M.2 / 1TB / NVIDIA / 그래픽 메모리: 12GB / 1Gbps 유선 / HDMI / DP포트 / 파워서플라이 / 미들타워 / 어항형 / 수랭쿨러 / LED쿨러 / 용도: 게임용,"16GB, M.2 1TB + HDD 4TB",4360830.0
158,다나와표준PC 전문가용 260126,9900X3D / RTX 5060 Ti / (AMD) X870E / OS미포함 / 850W / AMD / 라이젠 9000시리즈 / 라이젠9 / 그래니트 릿지 / DDR5 / 16GB / HDD:4TB / M.2 / 1TB / NVIDIA / 그래픽 메모리: 16GB / 1Gbps 유선 / HDMI / DP포트 / 파워서플라이 / 미들타워 / 어항형 / 수랭쿨러 / LED쿨러 / 용도: 게임용,"16GB, M.2 1TB + HDD 4TB",4259410.0
159,영웅컴퓨터 영웅 H게이밍 U7267 265KF RTX5070,265KF / RTX 5070 / (인텔) B860 / OS미포함 / 750W / 인텔 / 코어울트라 시리즈2 / 코어 울트라7 / 애로우레이크 / 인텔 AI Boost / 13TOPS / DDR5 / 32GB / M.2 / 1TB / NVIDIA / 그래픽 메모리: 12GB / 1Gbps 유선 / HDMI / DP포트 / 파워서플라이 / 미들타워 / 어항형 / LED쿨러 / 용도: 게임용,"32GB, M.2 1TB",2835240.0
160,다나와표준PC 게임용 260214,7500F / RTX 5060 / (AMD) B650 / OS미포함 / 850W / AMD / 라이젠 7000시리즈 / 라이젠5 / 라파엘 / DDR5 / 16GB / M.2 / 1TB / NVIDIA / 그래픽 메모리: 8GB / 1Gbps 유선 / HDMI / DP포트 / 파워서플라이 / 미들타워 / LED쿨러 / 용도: 게임용,"16GB, M.2 1TB",2050000.0
161,MSI MAG CODEX R2 A5NVL I08,225F / RTX 5060 / (인텔) H810 / OS미포함 / 600W / 인텔 / 코어울트라 시리즈2 / 코어 울트라5 / 애로우레이크 / 인텔 AI Boost / 13TOPS / DDR5 / 16GB / M.2 / 2TB / NVIDIA / 그래픽 메모리: 8GB / 2.5Gbps 유선 / HDMI / DP포트 / USB3.x 5Gbps / 파워서플라이 / 미들타워 / LED쿨러 / 용도: 게임용,"16GB, M.2 2TB",1915710.0
162,영웅컴퓨터 영웅 게이밍울트라 7556X 7500X3D RTX5060,7500X3D / RTX 5060 / (AMD) A620 / OS미포함 / 750W / AMD / 라이젠 7000시리즈 / 라이젠5 / 라파엘 / DDR5 / 32GB / M.2 / 1TB / NVIDIA / 그래픽 메모리: 8GB / 1Gbps 유선 / HDMI / DP포트 / USB3.x 5Gbps / 파워서플라이 / 미들타워 / 어항형 / LED쿨러 / 용도: 게임용,"32GB, M.2 1TB",1969680.0
163,다나와표준PC 게임용 251119,7800X3D / RTX 5060 Ti / (AMD) B850 / OS미포함 / 750W / AMD / 라이젠 7000시리즈 / 라이젠7 / 라파엘 / DDR5 / 16GB / M.2 / 1TB / NVIDIA / 그래픽 메모리: 16GB / 1Gbps 유선 / HDMI / DP포트 / 파워서플라이 / 미들타워 / 어항형 / LED쿨러 / 용도: 게임용,"16GB, M.2 1TB",3199990.0
164,다나와표준PC 게임용 251215,9600X / RX 9060 XT / (AMD) B850 / OS미포함 / 800W / AMD / 라이젠 9000시리즈 / 라이젠5 / 그래니트 릿지 / DDR5 / 16GB / M.2 / 1TB / AMD / 그래픽 메모리: 8GB / 1Gbps 유선 / HDMI / DP포트 / 파워서플라이 / 미들타워 / 어항형 / LED쿨러 / 용도: 게임용,"16GB, M.2 1TB",2050000.0
165,다나와표준PC 게임용 260119,7800X3D / RX 9070 XT / (AMD) B850 / OS미포함 / 850W / AMD / 라이젠 7000시리즈 / 라이젠7 / 라파엘 / DDR5 / 16GB / M.2 / 1TB / AMD / 그래픽 메모리: 16GB / 1Gbps 유선 / HDMI / DP포트 / 파워서플라이 / 미들타워 / LED쿨러 / 용도: 게임용,"16GB, M.2 1TB",3245130.0
166,포유컴퓨터 퍼포먼스PC 54 i7 14700F RTX5070Ti,i7-14700F / RTX 5070 Ti / (인텔) B760 / OS미포함 / 850W / 인텔 / 코어 14세대 / 코어i7 / 랩터레이크-R / DDR5 / 16GB / M.2 / 500GB / NVIDIA / 1Gbps 유선 / HDMI / DP포트 / 파워서플라이 / 미들타워 / 용도: 게임용,"16GB, M.2 500GB",3313920.0
167,다나와표준PC 게임용 260111,7500F / RTX 5050 / (AMD) B650 / OS미포함 / 850W / AMD / 라이젠 7000시리즈 / 라이젠5 / 라파엘 / DDR5 / 16GB / M.2 / 1TB / NVIDIA / 그래픽 메모리: 8GB / 1Gbps 유선 / HDMI / DP포트 / 파워서플라이 / 미들타워 / LED쿨러 / 용도: 게임용,"16GB, M.2 1TB",1974290.0
168,STCOM STAI-V137,9600X / RTX 5060 / (AMD) A620 / OS미포함 / 600W / AMD / 라이젠 9000시리즈 / 라이젠5 / 그래니트 릿지 / DDR5 / 16GB / M.2 / 512GB / NVIDIA / 그래픽 메모리: 8GB / 1Gbps 유선 / HDMI / DP포트 / 파워서플라이 / 미들타워 / 용도: 게임용,"16GB, M.2 512GB",1479350.0
169,다나와표준PC 게임용 260218,9600X / RTX 5060 Ti / (AMD) B850 / OS미포함 / 850W / AMD / 라이젠 9000시리즈 / 라이젠5 / 그래니트 릿지 / DDR5 / 16GB / M.2 / 1TB / NVIDIA / 그래픽 메모리: 16GB / 1Gbps 유선 / HDMI / DP포트 / 파워서플라이 / 미들타워 / 어항형 / LED쿨러 / 용도: 게임용,"16GB, M.2 1TB",2950000.0
170,다나와표준PC 게임용 250218,7800X3D / RTX 4060 / (AMD) B650 / OS미포함 / 700W / AMD / 라이젠 7000시리즈 / 라이젠7 / 라파엘 / DDR5 / 16GB / M.2 / 500GB / NVIDIA / 그래픽 메모리: 8GB / 1Gbps 유선 / HDMI / DP포트 / 파워서플라이 / 미들타워 / LED쿨러 / 용도: 게임용,"16GB, M.2 500GB",2903720.0
171,영웅컴퓨터 게이밍울트라 7756 7700X3D RTX5060Ti,7700X3D / RTX 5060 Ti / (AMD) A620 / OS미포함 / 700W / AMD / 라이젠 7000시리즈 / 라이젠7 / 라파엘 / DDR5 / 32GB / M.2 / 1TB / NVIDIA / 그래픽 메모리: 8GB / 1Gbps 유선 / HDMI / DP포트 / 파워서플라이 / 미들타워 / 어항형 / LED쿨러 / 용도: 게임용,"32GB, M.2 1TB",2199620.0
172,영웅컴퓨터 영웅 게이밍울트라 7856 R7 7800X3D RTX5060,7800X3D / RTX 5060 / (AMD) A620 / OS미포함 / 700W / AMD / 라이젠 7000시리즈 / 라이젠7 / 라파엘 / DDR5 / 32GB / M.2 / 1TB / NVIDIA / 그래픽 메모리: 8GB / 1Gbps 유선 / HDMI / DP포트 / 파워서플라이 / 미들타워 / 어항형 / LED쿨러 / 용도: 게임용,"32GB, M.2 1TB",2059730.0
173,STCOM STAI-V138 Win11Home,5600 / RTX 5060 / (AMD) A520 / 윈도우11 / 600W / AMD / 라이젠 5000시리즈 / 라이젠5 / 버미어 / DDR4 / 16GB / M.2 / 512GB / NVIDIA / 그래픽 메모리: 8GB / 1Gbps 유선 / HDMI / DP포트 / 파워서플라이 / 미들타워 / 용도: 게임용,"16GB, M.2 512GB",1420340.0
174,영웅컴퓨터 게이밍울트라 7756 7700X3D RTX5060,7700X3D / RTX 5060 / (AMD) A620 / OS미포함 / 700W / AMD / 라이젠 7000시리즈 / 라이젠7 / 라파엘 / DDR5 / 32GB / M.2 / 1TB / NVIDIA / 그래픽 메모리: 8GB / 1Gbps 유선 / HDMI / DP포트 / 파워서플라이 / 미들타워 / 어항형 / LED쿨러 / 용도: 게임용,"32GB, M.2 1TB",2056870.0
175,다나와표준PC 게임용 251218,7800X3D / RX 9060 XT / (AMD) B650 / OS미포함 / 850W / AMD / 라이젠 7000시리즈 / 라이젠7 / 라파엘 / DDR5 / 16GB / M.2 / 1TB / AMD / 그래픽 메모리: 8GB / 1Gbps 유선 / HDMI / DP포트 / 파워서플라이 / 미들타워 / LED쿨러 / 용도: 게임용,"16GB, M.2 1TB",2220000.0
176,STCOM STAI-V177,9600X / RX 9060 XT / (AMD) A620 / OS미포함 / 700W / AMD / 라이젠 9000시리즈 / 라이젠5 / 그래니트 릿지 / DDR5 / 32GB / M.2 / 1TB / AMD / 그래픽 메모리: 16GB / 1Gbps 유선 / HDMI / DP포트 / 파워서플라이 / 미들타워 / 용도: 게임용,"32GB, M.2 1TB",2083980.0
177,다나와표준PC 게임용 260217,9600X / RTX 5060 / (AMD) B650 / OS미포함 / 850W / AMD / 라이젠 9000시리즈 / 라이젠5 / 그래니트 릿지 / DDR5 / 16GB / M.2 / 1TB / NVIDIA / 그래픽 메모리: 8GB / 1Gbps 유선 / HDMI / DP포트 / 파워서플라이 / 미들타워 / 어항형 / LED쿨러 / 용도: 게임용,"16GB, M.2 1TB",2250000.0
178,다나와 게임용PC 인텔 U7-265K RTX5060 Ti S6107,265K / RTX 5060 Ti / (인텔) B860 / OS미포함 / 650W / 인텔 / 코어울트라 시리즈2 / 코어 울트라7 / 애로우레이크 / 인텔 AI Boost / 13TOPS / DDR5 / 16GB / M.2 / 1TB / NVIDIA / 그래픽 메모리: 8GB / 5Gbps 유선 / 802.11be(Wi-Fi 7) 무선 / 블루투스 / HDMI / DP포트 / USB3.x 10Gbps / USB3.x 5Gbps / USB C타입 5Gbps / 썬더볼트4 / 파워서플라이 / 미들타워 / 어항형 / LED쿨러 / 용도: 게임용,"16GB, M.2 1TB",2800000.0
179,다나와 게임용PC AMD R5-5600 RTX3050 S6105,5600 / RTX 3050 / (AMD) A520 / OS미포함 / 500W / AMD / 라이젠 5000시리즈 / 라이젠5 / 버미어 / DDR4 / 16GB / M.2 / 1TB / NVIDIA / 그래픽 메모리: 6GB / 1Gbps 유선 / HDMI / DP포트 / DVI / USB3.x 5Gbps / 파워서플라이 / 미들타워 / 어항형 / 용도: 게임용,"16GB, M.2 1TB",1570000.0
180,STCOM STAI-V53,i5-12400F / RX 580 / (인텔) B760 / OS미포함 / 600W / 인텔 / 코어 12세대 / 코어i5 / 엘더레이크 / DDR5 / 32GB / M.2 / 1TB / AMD / 1Gbps 유선 / 파워서플라이 / 미들타워 / 용도: 게임용,"32GB, M.2 1TB",1514000.0
181,다나와표준PC 전문가용 250927,285K / RTX 5070 / (인텔) Z890 / OS미포함 / 1000W / 인텔 / 코어울트라 시리즈2 / 코어 울트라9 / 애로우레이크 / 인텔 AI Boost / 13TOPS / DDR5 / 32GB / HDD:4TB / M.2 / 1TB / NVIDIA / 그래픽 메모리: 12GB / 1Gbps 유선 / HDMI / DP포트 / 파워서플라이 / 미들타워 / 어항형 / 수랭쿨러 / LED쿨러 / 용도: 게임용,"32GB, M.2 1TB + HDD 4TB",4500000.0
182,다나와표준PC 전문가용 260226,9900X3D / RTX 5070 / (AMD) X870 / OS미포함 / 1000W / AMD / 라이젠 9000시리즈 / 라이젠9 / 그래니트 릿지 / DDR5 / 16GB / HDD:4TB / M.2 / 1TB / NVIDIA / 그래픽 메모리: 12GB / 1Gbps 유선 / HDMI / DP포트 / 파워서플라이 / 미들타워 / 수랭쿨러 / LED쿨러 / 용도: 게임용,"16GB, M.2 1TB + HDD 4TB",4400000.0
183,다나와표준PC DPG 게임용 260221,265K / RTX 5060 Ti / (인텔) B860 / OS미포함 / 850W / 인텔 / 코어울트라 시리즈2 / 코어 울트라7 / 애로우레이크 / 인텔 AI Boost / 13TOPS / DDR5 / 16GB / M.2 / 1TB / NVIDIA / 그래픽 메모리: 16GB / 1Gbps 유선 / HDMI / DP포트 / 파워서플라이 / 미들타워 / LED쿨러 / 용도: 게임용,"16GB, M.2 1TB",3350000.0
184,다나와표준PC 게임용 260215,7500F / RX 9060 XT / (AMD) B850 / OS미포함 / 800W / AMD / 라이젠 7000시리즈 / 라이젠5 / 라파엘 / DDR5 / 16GB / M.2 / 1TB / AMD / 그래픽 메모리: 16GB / 1Gbps 유선 / HDMI / DP포트 / 파워서플라이 / 미들타워 / 어항형 / 용도: 게임용,"16GB, M.2 1TB",2400000.0
185,다나와표준PC DPG 게임용 250423,225F / RTX 5070 / (인텔) Z890 / OS미포함 / 750W / 인텔 / 코어울트라 시리즈2 / 코어 울트라5 / 애로우레이크 / 인텔 AI Boost / 13TOPS / DDR5 / 16GB / M.2 / 1TB / NVIDIA / 그래픽 메모리: 12GB / 1Gbps 유선 / 파워서플라이 / 미들타워 / 어항형 / 수랭쿨러 / LED쿨러 / 용도: 게임용,"16GB, M.2 1TB",3492800.0
186,다나와표준PC 게임용 260211,7500F / RX 7600 / (AMD) B650 / OS미포함 / 1000W / AMD / 라이젠 7000시리즈 / 라이젠5 / 라파엘 / DDR5 / 16GB / M.2 / 1TB / AMD / 그래픽 메모리: 8GB / 1Gbps 유선 / HDMI / DP포트 / 파워서플라이 / 미들타워 / 어항형 / LED쿨러 / 용도: 게임용,"16GB, M.2 1TB",1974290.0
187,STCOM STAI-V109,9600X / RTX 5060 Ti / (AMD) A620 / OS미포함 / 700W / AMD / 라이젠 9000시리즈 / 라이젠5 / 그래니트 릿지 / DDR5 / 32GB / M.2 / 1TB / NVIDIA / 1Gbps 유선 / HDMI / DP포트 / 파워서플라이 / 미들타워 / 용도: 게임용,"32GB, M.2 1TB",2051590.0
188,MSI MAG CODEX R2 A5NVM Win11Pro,225F / RTX 5060 Ti / (인텔) H810 / 윈도우11 프로 / 600W / 인텔 / 코어울트라 시리즈2 / 코어 울트라5 / 애로우레이크 / 인텔 AI Boost / 13TOPS / DDR5 / 16GB / M.2 / 1TB / NVIDIA / 그래픽 메모리: 8GB / 2.5Gbps 유선 / HDMI / DP포트 / USB3.x 5Gbps / 파워서플라이 / 미들타워 / LED쿨러 / 용도: 게임용 / 구성변경상품,"16GB, M.2 1TB",1902670.0
189,포유컴퓨터 퍼포먼스PC 31 i5 14400F RTX5060,i5-14400F / RTX 5060 / (인텔) H610 / OS미포함 / 600W / 인텔 / 코어 14세대 / 코어i5 / 랩터레이크-R / DDR5 / 16GB / M.2 / 500GB / NVIDIA / 1Gbps 유선 / HDMI / DP포트 / 파워서플라이 / 미들타워 / LED쿨러 / 용도: 게임용,"16GB, M.2 500GB",1522560.0
190,다나와표준PC 게임용 250916,i5-14400F / RTX 5070 Ti / (인텔) B760 / OS미포함 / 850W / 인텔 / 코어 14세대 / 코어i5 / 랩터레이크-R / DDR5 / 16GB / M.2 / 500GB / NVIDIA / 그래픽 메모리: 16GB / 1Gbps 유선 / HDMI / DP포트 / 파워서플라이 / 미들타워 / 어항형 / LED쿨러 / 용도: 게임용,"16GB, M.2 500GB",3230000.0
191,다나와표준PC 게임용 250516,i5-14400F / RX 7600 / (인텔) B760 / OS미포함 / 800W / 인텔 / 코어 14세대 / 코어i5 / 랩터레이크-R / DDR5 / 16GB / M.2 / 512GB / AMD / 그래픽 메모리: 8GB / 1Gbps 유선 / 파워서플라이 / 미들타워 / 어항형 / LED쿨러 / 용도: 게임용,"16GB, M.2 512GB",1730000.0
192,다나와표준PC 게임용 250512,i3-14100F / RTX 3050 / (인텔) H610 / OS미포함 / 800W / 인텔 / 코어 14세대 / 코어i3 / 랩터레이크-R / DDR5 / 16GB / M.2 / 512GB / NVIDIA / 그래픽 메모리: 6GB / 1Gbps 유선 / 파워서플라이 / 미들타워 / 어항형 / LED쿨러 / 용도: 게임용,"16GB, M.2 512GB",1390000.0
193,피씨스토어 일사천리 게이밍 i5 14600KF RTX5060,i5-14600KF / RTX 5060 / (인텔) B760 / OS미포함 / 700W / 인텔 / 코어 14세대 / 코어i5 / 랩터레이크-R / DDR5 / 16GB / M.2 / 500GB / NVIDIA / 그래픽 메모리: 8GB / 1Gbps 유선 / HDMI / DP포트 / 파워서플라이 / 미들타워 / LED쿨러 / 용도: 게임용,"16GB, M.2 500GB",1896670.0
194,STCOM 데스크프로 PC A56N56 5600 5060,5600 / RTX 5060 / (AMD) A520 / OS미포함 / 700W / AMD / 라이젠 5000시리즈 / 라이젠5 / 버미어 / DDR4 / 16GB / M.2 / 512GB / NVIDIA / 그래픽 메모리: 8GB / 1Gbps 유선 / HDMI / DP포트 / 파워서플라이 / 미들타워 / 용도: 게임용,"16GB, M.2 512GB",1241990.0
195,다나와표준PC DPG 게임용 250824,9800X3D / RTX 5070 / (AMD) X870E / OS미포함 / 1050W / AMD / 라이젠 9000시리즈 / 라이젠7 / 그래니트 릿지 / DDR5 / 16GB / M.2 / 500GB / NVIDIA / 그래픽 메모리: 12GB / 1Gbps 유선 / 파워서플라이 / 미들타워 / 어항형 / 수랭쿨러 / LED쿨러 / 용도: 게임용,"16GB, M.2 500GB",3520000.0
196,STCOM STAI-V149 Win11Home,i5-14400F / RTX 5060 / (인텔) H610 / 윈도우11 / 600W / 인텔 / 코어 14세대 / 코어i5 / 랩터레이크-R / DDR4 / 16GB / M.2 / 512GB / NVIDIA / 그래픽 메모리: 8GB / 1Gbps 유선 / HDMI / DP포트 / 파워서플라이 / 미들타워 / 용도: 게임용,"16GB, M.2 512GB",1524680.0
197,다나와표준PC 게임용 260116,245K / RTX 5050 / (인텔) H810 / OS미포함 / 850W / 인텔 / 코어울트라 시리즈2 / 코어 울트라5 / 애로우레이크 / 인텔 AI Boost / 13TOPS / DDR5 / 16GB / M.2 / 1TB / NVIDIA / 그래픽 메모리: 8GB / 1Gbps 유선 / HDMI / DP포트 / 파워서플라이 / 미들타워 / 어항형 / LED쿨러 / 용도: 게임용,"16GB, M.2 1TB",1780000.0
198,다나와표준PC 전문가용 250525,265 / RTX 3050 / (인텔) B860 / OS미포함 / 850W / 인텔 / 코어울트라 시리즈2 / 코어 울트라7 / 애로우레이크 / 인텔 AI Boost / 13TOPS / DDR5 / 16GB / M.2 / 1TB / NVIDIA / 그래픽 메모리: 6GB / 1Gbps 유선 / 파워서플라이 / 미들타워 / 어항형 / 수랭쿨러 / LED쿨러 / 용도: 게임용,"16GB, M.2 1TB",2200000.0
199,다나와표준PC 게임용 260213,7500F / RX 9060 / (AMD) B650 / OS미포함 / 700W / AMD / 라이젠 7000시리즈 / 라이젠5 / 라파엘 / DDR5 / 16GB / M.2 / 1TB / AMD / 그래픽 메모리: 8GB / 1Gbps 유선 / HDMI / DP포트 / 파워서플라이 / 미들타워 / LED쿨러 / 용도: 게임용,"16GB, M.2 1TB",2050000.0
200,다나와표준PC 전문가용 260225,285K / RTX 5060 Ti / (인텔) B860 / OS미포함 / 850W / 인텔 / 코어울트라 시리즈2 / 코어 울트라9 / 애로우레이크 / 인텔 AI Boost / 13TOPS / DDR5 / 16GB / M.2 / 1TB / NVIDIA / 그래픽 메모리: 8GB / 1Gbps 유선 / HDMI / DP포트 / 파워서플라이 / 미들타워 / 어항형 / 수랭쿨러 / LED쿨러 / 용도: 게임용,"16GB, M.2 1TB",3850000.0
201,다나와표준PC 게임용 260209,7400F / RX 6600 / (AMD) B650 / OS미포함 / 800W / AMD / 라이젠 7000시리즈 / 라이젠5 / 라파엘 / DDR5 / 16GB / M.2 / 1TB / AMD / 그래픽 메모리: 8GB / 1Gbps 유선 / 파워서플라이 / 미들타워 / 어항형 / LED쿨러 / 용도: 게임용,"16GB, M.2 1TB",1601000.0
202,다나와표준PC 게임용 260115,9600X / RX 9060 XT / (AMD) B850 / OS미포함 / 800W / AMD / 라이젠 9000시리즈 / 라이젠5 / 그래니트 릿지 / DDR5 / 16GB / M.2 / 1TB / AMD / 그래픽 메모리: 16GB / 1Gbps 유선 / HDMI / DP포트 / 파워서플라이 / 미들타워 / 어항형 / LED쿨러 / 용도: 게임용,"16GB, M.2 1TB",2248000.0
203,제이씨현 제플PC 게이밍 익스프레션 G27,245K / RTX 5060 / (인텔) B860 / OS미포함 / 700W / 인텔 / 코어울트라 시리즈2 / 코어 울트라5 / 애로우레이크 / 인텔 AI Boost / 13TOPS / DDR5 / 32GB / M.2 / 1TB / NVIDIA / 그래픽 메모리: 8GB / 1Gbps 유선 / HDMI / DP포트 / 파워서플라이 / 미들타워 / 용도: 게임용,"32GB, M.2 1TB",1690000.0
204,영웅컴퓨터 울트라게이밍 P007 R7 7800X3D RTX5080,7800X3D / RTX 5080 / (AMD) B650 / OS미포함 / 900W / AMD / 라이젠 7000시리즈 / 라이젠7 / 라파엘 / DDR5 / 32GB / M.2 / 1TB / NVIDIA / 그래픽 메모리: 16GB / 1Gbps 유선 / HDMI / DP포트 / 파워서플라이 / 미들타워 / 어항형 / LED쿨러 / 용도: 게임용,"32GB, M.2 1TB",4319630.0
205,포유컴퓨터 퍼포먼스PC 38 R5 7400F RTX5070,7400F / RTX 5070 / (AMD) B650 / OS미포함 / 800W / AMD / 라이젠 7000시리즈 / 라이젠5 / 라파엘 / DDR5 / 16GB / M.2 / 500GB / NVIDIA / 1Gbps 유선 / HDMI / DP포트 / 파워서플라이 / 미들타워 / LED쿨러 / 용도: 게임용,"16GB, M.2 500GB",2179200.0
206,영웅컴퓨터 게이밍울트라 7456 R5 7400F RTX5060,7400F / RTX 5060 / (AMD) A620 / OS미포함 / 600W / AMD / 라이젠 7000시리즈 / 라이젠5 / 라파엘 / DDR5 / 16GB / M.2 / 512GB / NVIDIA / 그래픽 메모리: 8GB / 1Gbps 유선 / HDMI / DP포트 / 파워서플라이 / 미들타워 / LED쿨러 / 용도: 게임용,"16GB, M.2 512GB",1396680.0
207,영웅컴퓨터 영웅 게이밍울트라 7556G,7500F / RTX 5060 / (AMD) A620 / OS미포함 / 600W / AMD / 라이젠 7000시리즈 / 라이젠5 / 라파엘 / DDR5 / 16GB / M.2 / 500GB / NVIDIA / 그래픽 메모리: 8GB / 1Gbps 유선 / HDMI / DP포트 / 파워서플라이 / 미들타워 / 어항형 / LED쿨러 / 용도: 게임용,"16GB, M.2 512GB",1449680.0
208,STCOM STCP-i5,i5-14400F / RTX 5060 / (인텔) H610 / OS미포함 / 600W / 인텔 / 코어 14세대 / 코어i5 / 랩터레이크-R / DDR4 / 32GB / M.2 / 1TB / NVIDIA / 그래픽 메모리: 8GB / 1Gbps 유선 / HDMI / DP포트 / 파워서플라이 / 미들타워 / LED쿨러 / 용도: 게임용,"32GB, M.2 1TB",1598000.0
209,다나와표준PC 온라인강의용 250908,i5-12400F / RTX 5060 / (인텔) B760 / OS미포함 / 600W / 인텔 / 코어 12세대 / 코어i5 / 엘더레이크 / DDR5 / 16GB / M.2 / 1TB / NVIDIA / 그래픽 메모리: 8GB / 1Gbps 유선 / HDMI / DP포트 / 파워서플라이 / 미들타워 / LED쿨러 / 용도: 게임용,"16GB, M.2 1TB",1760000.0
210,STCOM STAI-V178,7500F / RX 9070 XT / (AMD) A620 / OS미포함 / 850W / AMD / 라이젠 7000시리즈 / 라이젠5 / 라파엘 / DDR5 / 32GB / M.2 / 1TB / AMD / 그래픽 메모리: 16GB / 1Gbps 유선 / HDMI / DP포트 / 파워서플라이 / 미들타워 / 용도: 게임용,"32GB, M.2 1TB",2508860.0
211,STCOM STAI-V52,i5-12400F / RX 580 / (인텔) B760 / OS미포함 / 600W / 인텔 / 코어 12세대 / 코어i5 / 엘더레이크 / DDR5 / 16GB / M.2 / 512GB / AMD / 1Gbps 유선 / 파워서플라이 / 미들타워 / 용도: 게임용,"16GB, M.2 512GB",1058330.0
212,STCOM STAI-V25,7500F / RX 7600 / (AMD) B650 / OS미포함 / 600W / AMD / 라이젠 7000시리즈 / 라이젠5 / 라파엘 / DDR5 / 16GB / M.2 / 512GB / AMD / 1Gbps 유선 / 파워서플라이 / 미들타워 / 용도: 게임용,"16GB, M.2 512GB",1448770.0
213,STCOM STAI-V105 Win11Home,5600 / RTX 5060 Ti / (AMD) A520 / 윈도우11 / 700W / AMD / 라이젠 5000시리즈 / 라이젠5 / 버미어 / DDR4 / 32GB / M.2 / 1TB / NVIDIA / 1Gbps 유선 / HDMI / DP포트 / 파워서플라이 / 미들타워 / 용도: 게임용,"32GB, M.2 1TB",1866840.0
214,다나와표준PC 게임용 251214,9600X / RTX 5060 / (AMD) B850 / OS미포함 / 1000W / AMD / 라이젠 9000시리즈 / 라이젠5 / 그래니트 릿지 / DDR5 / 16GB / M.2 / 1TB / NVIDIA / 그래픽 메모리: 8GB / 1Gbps 유선 / HDMI / DP포트 / 파워서플라이 / 미들타워 / 어항형 / LED쿨러 / 용도: 게임용,"16GB, M.2 1TB",2120000.0
215,다나와표준PC 게임용 250909,7500F / RTX 5050 / (AMD) B650 / OS미포함 / 700W / AMD / 라이젠 7000시리즈 / 라이젠5 / 라파엘 / DDR5 / 16GB / M.2 / 512GB / NVIDIA / 그래픽 메모리: 8GB / 1Gbps 유선 / HDMI / DP포트 / 파워서플라이 / 미들타워 / 어항형 / LED쿨러 / 용도: 게임용,"16GB, M.2 512GB",1654000.0
216,다나와표준PC 게임용 251118,9700X / RX 9070 / (AMD) B850 / OS미포함 / 850W / AMD / 라이젠 9000시리즈 / 라이젠7 / 그래니트 릿지 / DDR5 / 16GB / M.2 / 1TB / AMD / 그래픽 메모리: 16GB / 1Gbps 유선 / HDMI / DP포트 / 파워서플라이 / 미들타워 / 어항형 / LED쿨러 / 용도: 게임용,"16GB, M.2 1TB",2850000.0
217,마이피씨샵 DIY 게이밍 미니PC 14400F RTX4060,i5-14400F / RTX 4060 / (인텔) H610 / OS미포함 / 600W / 인텔 / 코어 14세대 / 코어i5 / 랩터레이크-R / DDR5 / 16GB / M.2 / 500GB / NVIDIA / 그래픽 메모리: 8GB / 1Gbps 유선 / HDMI / DP포트 / 파워서플라이 / 미니타워 / 용도: 게임용,"16GB, M.2 500GB",1850690.0
218,STCOM STAI-V66,i5-12400F / RX 580 / (인텔) H610 / OS미포함 / 600W / 인텔 / 코어 12세대 / 코어i5 / 엘더레이크 / DDR4 / 32GB / M.2 / 1TB / AMD / 1Gbps 유선 / 파워서플라이 / 미들타워 / 용도: 게임용,"32GB, M.2 1TB",1265030.0
219,다나와표준PC 전문가용 250928,9950X3D / RTX 5080 / (AMD) X870E / OS미포함 / 1200W / AMD / 라이젠 9000시리즈 / 라이젠9 / 그래니트 릿지 / DDR5 / 32GB / HDD:4TB / M.2 / 1TB / NVIDIA / 그래픽 메모리: 16GB / 1Gbps 유선 / HDMI / DP포트 / 파워서플라이 / 미들타워 / 어항형 / 수랭쿨러 / LED쿨러 / 용도: 게임용,"32GB, M.2 1TB + HDD 4TB",7700000.0
220,STCOM STAI-V144,9600X / RTX 5060 / (AMD) A620 / OS미포함 / 600W / AMD / 라이젠 9000시리즈 / 라이젠5 / 그래니트 릿지 / DDR5 / 32GB / M.2 / 1TB / NVIDIA / 그래픽 메모리: 8GB / 1Gbps 유선 / HDMI / DP포트 / 파워서플라이 / 미들타워 / 용도: 게임용,"32GB, M.2 1TB",1891510.0
221,STCOM STAI-V54,i5-12400F / RX 7600 / (인텔) B760 / OS미포함 / 600W / 인텔 / 코어 12세대 / 코어i5 / 엘더레이크 / DDR5 / 16GB / M.2 / 512GB / AMD / 1Gbps 유선 / 파워서플라이 / 미들타워 / 용도: 게임용,"16GB, M.2 512GB",1290760.0
222,피씨스토어 베스트 게이밍 i5 13400F RTX3050,i5-13400F / RTX 3050 / (인텔) H610 / OS미포함 / 600W / 인텔 / 코어 13세대 / 코어i5 / 랩터레이크 / DDR5 / 16GB / M.2 / 500GB / NVIDIA / 그래픽 메모리: 6GB / 1Gbps 유선 / HDMI / DP포트 / 파워서플라이 / 미들타워 / 어항형 / LED쿨러 / 용도: 게임용,"16GB, M.2 500GB",1290390.0
223,MSI MAG 코덱스 X5 11TGK-R3070,i7-11700KF / RTX 3070 / (인텔) Z590 / 윈도우10 / 850W / 인텔 / 코어 11세대 / 코어i7 / 로켓레이크S / DDR4 / 16GB / M.2 / 512GB / NVIDIA / 그래픽 메모리: 8GB / 7.1채널 / 1Gbps 유선 / 802.11ax(Wi-Fi 6) 무선 / 블루투스 / USB3.x 10Gbps / USB3.x 5Gbps / USB C타입 5Gbps / 파워서플라이 / 미들타워 / 용도: 게임용,"16GB, M.2 512GB",2789990.0
224,타무즈 게이밍PC TZ33ER8FBAA,225F / RTX 5060 / (인텔) H810 / OS미포함 / 600W / 인텔 / 코어울트라 시리즈2 / 코어 울트라5 / 애로우레이크 / 인텔 AI Boost / 13TOPS / DDR5 / 16GB / M.2 / 1TB / NVIDIA / 그래픽 메모리: 8GB / 1Gbps 유선 / HDMI / DP포트 / USB3.x 5Gbps / 파워서플라이 / 미들타워 / 어항형 / 용도: 게임용,"16GB, M.2 1TB",1505600.0
225,다나와표준PC 게임용 250716,i5-14400F / RTX 5060 / (인텔) B760 / OS미포함 / 850W / 인텔 / 코어 14세대 / 코어i5 / 랩터레이크-R / DDR5 / 16GB / M.2 / 500GB / NVIDIA / 그래픽 메모리: 8GB / 1Gbps 유선 / 파워서플라이 / 미들타워 / LED쿨러 / 용도: 게임용,"16GB, M.2 500GB",1797000.0
226,다나와표준PC 게임용 250410,7500F / RTX 3050 / (AMD) A620 / OS미포함 / 750W / AMD / 라이젠 7000시리즈 / 라이젠5 / 라파엘 / DDR5 / 16GB / M.2 / 256GB / NVIDIA / 그래픽 메모리: 6GB / 1Gbps 유선 / 파워서플라이 / 미들타워 / 어항형 / LED쿨러 / 용도: 게임용,"16GB, M.2 256GB",1380000.0
227,STCOM STAI-V46,9800X3D / RX 7800 XT / (AMD) B650 / OS미포함 / 700W / AMD / 라이젠 9000시리즈 / 라이젠7 / 그래니트 릿지 / DDR5 / 32GB / M.2 / 1TB / AMD / 1Gbps 유선 / 파워서플라이 / 미들타워 / 용도: 게임용,"32GB, M.2 1TB",2870460.0
228,피씨스토어 어항 PC 라이젠5 5600 GTX1660,5600 / GTX 1660 SUPER / (AMD) A520 / OS미포함 / 600W / AMD / 라이젠 5000시리즈 / 라이젠5 / 버미어 / DDR4 / 16GB / M.2 / 500GB / NVIDIA / 그래픽 메모리: 6GB / 1Gbps 유선 / 파워서플라이 / 미들타워 / LED쿨러 / 용도: 게임용,"16GB, M.2 500GB",1068110.0
229,다나와표준PC 온라인강의용 251005,8600G / 760M / (AMD) A620 / OS미포함 / 700W / AMD / 라이젠 8000시리즈 / 라이젠5 / 피닉스 / DDR5 / 32GB / SSD / 240GB / AMD / 1Gbps 유선 / 파워서플라이 / 미들타워 / LED쿨러 / 용도: 게임용,"32GB, SSD 240GB",1350000.0
230,STCOM STAI-V105,5600 / RTX 5060 Ti / (AMD) A520 / OS미포함 / 700W / AMD / 라이젠 5000시리즈 / 라이젠5 / 버미어 / DDR4 / 32GB / M.2 / 1TB / NVIDIA / 1Gbps 유선 / HDMI / DP포트 / 파워서플라이 / 미들타워 / 용도: 게임용,"32GB, M.2 1TB",1648630.0
231,STCOM STAI-V51,i5-12400F / GTX 1660 SUPER / (인텔) B760 / OS미포함 / 600W / 인텔 / 코어 12세대 / 코어i5 / 엘더레이크 / DDR5 / 32GB / M.2 / 1TB / NVIDIA / 1Gbps 유선 / 파워서플라이 / 미들타워 / 용도: 게임용,"32GB, M.2 1TB",1604020.0
232,피씨스토어 일사천리 게이밍 i5 14400F RTX5060,i5-14400F / RTX 5060 / (인텔) H610 / OS미포함 / 700W / 인텔 / 코어 14세대 / 코어i5 / 랩터레이크-R / DDR5 / 16GB / M.2 / 500GB / NVIDIA / 그래픽 메모리: 8GB / 1Gbps 유선 / HDMI / DP포트 / 파워서플라이 / 미들타워 / LED쿨러 / 용도: 게임용,"16GB, M.2 500GB",1666810.0
233,MSI MAG Codex R2 A5NVM I19 I5-14400F RTX 5060 Ti 게이밍,i5-14400F / RTX 5060 Ti / (인텔) H610 / OS미포함 / 600W / 인텔 / 코어 14세대 / 코어i5 / 랩터레이크-R / DDR4 / 16GB / M.2 / 1TB / NVIDIA / 그래픽 메모리: 8GB / 1Gbps 유선 / HDMI / DP포트 / USB3.x 5Gbps / 파워서플라이 / 미들타워 / LED쿨러 / 용도: 게임용,"16GB, M.2 1TB",1502080.0
234,다나와표준PC 전문가용 250828,9950X3D / RTX 5080 / (AMD) X870E / OS미포함 / 1200W / AMD / 라이젠 9000시리즈 / 라이젠9 / 그래니트 릿지 / DDR5 / 16GB / HDD:4TB / M.2 / 1TB / NVIDIA / 그래픽 메모리: 16GB / 1Gbps 유선 / 파워서플라이 / 미들타워 / 어항형 / 수랭쿨러 / LED쿨러 / 용도: 게임용,"16GB, M.2 1TB + HDD 4TB",6900000.0
235,STCOM STAI-V67,i5-14400F / GTX 1660 SUPER / (인텔) H610 / OS미포함 / 600W / 인텔 / 코어 14세대 / 코어i5 / 랩터레이크-R / DDR4 / 16GB / M.2 / 512GB / NVIDIA / 1Gbps 유선 / 파워서플라이 / 미들타워 / 용도: 게임용,"16GB, M.2 512GB",1061260.0
236,다나와표준PC DPG 게임용 251024,7800X3D / RX 9070 XT / (AMD) B850 / OS미포함 / 1050W / AMD / 라이젠 7000시리즈 / 라이젠7 / 라파엘 / DDR5 / 16GB / M.2 / 1TB / NVIDIA / 그래픽 메모리: 16GB / 1Gbps 유선 / 802.11ax(Wi-Fi 6) 무선 / 블루투스 / HDMI / DP포트 / 파워서플라이 / 빅타워 / 어항형 / 수랭쿨러 / LED쿨러 / 용도: 게임용,"16GB, M.2 1TB",3900000.0
237,다나와표준PC 전문가용 250926,9900X3D / RTX 5070 Ti / (AMD) X870E / OS미포함 / 1000W / AMD / 라이젠 9000시리즈 / 라이젠9 / 그래니트 릿지 / DDR5 / 16GB / HDD:2TB / M.2 / 1TB / NVIDIA / 그래픽 메모리: 16GB / 1Gbps 유선 / HDMI / DP포트 / 파워서플라이 / 빅타워 / 어항형 / 수랭쿨러 / LED쿨러 / 용도: 게임용,"16GB, M.2 1TB + HDD 2TB",4500000.0
238,STCOM STAI-V65,i5-12400F / GTX 1660 SUPER / (인텔) H610 / OS미포함 / 600W / 인텔 / 코어 12세대 / 코어i5 / 엘더레이크 / DDR4 / 32GB / M.2 / 1TB / NVIDIA / 1Gbps 유선 / 파워서플라이 / 미들타워 / 용도: 게임용,"32GB, M.2 1TB",1330260.0
239,STCOM STCP-AA31,9800X3D / RTX 5070 / (AMD) B850 / OS미포함 / 800W / AMD / 라이젠 9000시리즈 / 라이젠7 / 그래니트 릿지 / DDR5 / 32GB / M.2 / 2TB / NVIDIA / 그래픽 메모리: 12GB / 1Gbps 유선 / HDMI / DP포트 / 파워서플라이 / 미들타워 / 어항형 / 용도: 게임용,"32GB, M.2 2TB",3530000.0
240,MSI MAG CODEX R2 A5NVL I08 Win11Home,225F / RTX 5060 / (인텔) H810 / 윈도우11 / 600W / 인텔 / 코어울트라 시리즈2 / 코어 울트라5 / 애로우레이크 / 인텔 AI Boost / 13TOPS / DDR5 / 16GB / M.2 / 1TB / NVIDIA / 그래픽 메모리: 8GB / 2.5Gbps 유선 / HDMI / DP포트 / USB3.x 5Gbps / 파워서플라이 / 미들타워 / LED쿨러 / 용도: 게임용,"16GB, M.2 1TB",1778470.0
241,영웅컴퓨터 영웅컴퓨터 H게이밍 U5256 250KF RTX5060Ti,250KF Plus / RTX 5060 Ti / (인텔) B860 / OS미포함 / 750W / 인텔 / 코어울트라 시리즈2 / 코어 울트라5 / 애로우레이크 / 인텔 AI Boost / 13TOPS / DDR5 / 32GB / M.2 / 1TB / NVIDIA / 그래픽 메모리: 8GB / 1Gbps 유선 / HDMI / DP포트 / 파워서플라이 / 미들타워 / 어항형 / LED쿨러 / 용도: 게임용,"32GB, M.2 1TB",2219630.0
242,다나와표준PC 게임용 250619,9800X3D / RTX 5070 / (AMD) X870E / OS미포함 / 850W / AMD / 라이젠 9000시리즈 / 라이젠7 / 그래니트 릿지 / DDR5 / 16GB / M.2 / 1TB / NVIDIA / 그래픽 메모리: 12GB / 1Gbps 유선 / 파워서플라이 / 미들타워 / 용도: 게임용,"16GB, M.2 1TB",3544000.0
243,다나와표준PC 게임용 230909,5600 / GTX 1660 SUPER / (AMD) B550 / OS미포함 / 600W / AMD / 라이젠 5000시리즈 / 라이젠5 / 버미어 / DDR4 / 16GB / M.2 / 1TB / NVIDIA / 그래픽 메모리: 6GB / 1Gbps 유선 / HDMI / DP포트 / DVI / 파워서플라이 / 미들타워 / 용도: 게임용,"16GB, M.2 1TB",1350000.0
244,영웅컴퓨터 영웅 울트라게이밍 플러스 002,7500F / RTX 5070 / (AMD) B650 / OS미포함 / 800W / AMD / 라이젠 7000시리즈 / 라이젠5 / 라파엘 / DDR5 / 32GB / M.2 / 1TB / NVIDIA / 그래픽 메모리: 12GB / 1Gbps 유선 / HDMI / DP포트 / 파워서플라이 / 미들타워 / 어항형 / 수랭쿨러 / LED쿨러 / 용도: 게임용,"32GB, M.2 1TB",2609650.0
245,STCOM STAI-V188,5600 / RX 9060 / (AMD) A520 / OS미포함 / 600W / AMD / 라이젠 5000시리즈 / 라이젠5 / 버미어 / DDR4 / 32GB / M.2 / 1TB / AMD / 그래픽 메모리: 8GB / 1Gbps 유선 / 파워서플라이 / 미들타워 / 용도: 게임용,"32GB, M.2 1TB",1479560.0
246,STCOM STAI-V70,i5-14400F / RX 580 / (인텔) H610 / OS미포함 / 600W / 인텔 / 코어 14세대 / 코어i5 / 랩터레이크-R / DDR4 / 32GB / M.2 / 1TB / AMD / 1Gbps 유선 / 파워서플라이 / 미들타워 / 용도: 게임용,"32GB, M.2 1TB",1331040.0
247,피씨스토어 베스트 게이밍 i5 13400F RTX5060,i5-13400F / RTX 5060 / (인텔) H610 / OS미포함 / 700W / 인텔 / 코어 13세대 / 코어i5 / 랩터레이크 / DDR5 / 16GB / M.2 / 1TB / NVIDIA / 그래픽 메모리: 8GB / 1Gbps 유선 / HDMI / DP포트 / 파워서플라이 / 미들타워 / LED쿨러 / 용도: 게임용,"16GB, M.2 1TB",1788590.0
248,영웅컴퓨터 영웅 게이밍울트라 7857T 7800X3D RTX5070Ti,7800X3D / RTX 5070 Ti / (AMD) B650 / OS미포함 / 800W / AMD / 라이젠 7000시리즈 / 라이젠7 / 라파엘 / DDR5 / 32GB / M.2 / 1TB / NVIDIA / 그래픽 메모리: 16GB / 2.5Gbps 유선 / HDMI / DP포트 / USB3.x 10Gbps / USB3.x 5Gbps / 파워서플라이 / 미들타워 / 어항형 / LED쿨러 / 용도: 게임용,"32GB, M.2 1TB",3539760.0
249,피씨스토어 베스트 게이밍PC 울트라 7 265K RTX5060Ti,265K / RTX 5060 Ti / (인텔) B860 / OS미포함 / 700W / 인텔 / 코어울트라 시리즈2 / 코어 울트라7 / 애로우레이크 / 인텔 AI Boost / 13TOPS / DDR5 / 16GB / M.2 / 500GB / NVIDIA / 그래픽 메모리: 8GB / 1Gbps 유선 / HDMI / DP포트 / 파워서플라이 / 미들타워 / 어항형 / LED쿨러 / 용도: 게임용,"16GB, M.2 500GB",2228800.0
250,다나와표준PC 게임용 250510,7500F / RTX 3050 / (AMD) B650 / OS미포함 / 750W / AMD / 라이젠 7000시리즈 / 라이젠5 / 라파엘 / DDR5 / 16GB / M.2 / 256GB / NVIDIA / 그래픽 메모리: 6GB / 1Gbps 유선 / 파워서플라이 / 미들타워 / LED쿨러 / 용도: 게임용,"16GB, M.2 256GB",1340000.0
251,STCOM STAI-V27,7500F / RX 7800 XT / (AMD) B650 / OS미포함 / 700W / AMD / 라이젠 7000시리즈 / 라이젠5 / 라파엘 / DDR5 / 32GB / M.2 / 1TB / AMD / 1Gbps 유선 / 파워서플라이 / 미들타워 / 용도: 게임용,"32GB, M.2 1TB",2272920.0
252,영웅컴퓨터 영웅 베이직 L3446,i5-14400F / RTX 5060 / (인텔) H610 / OS미포함 / 600W / 인텔 / 코어 14세대 / 코어i5 / 랩터레이크 / DDR4 / 16GB / M.2 / 500GB / NVIDIA / 그래픽 메모리: 8GB / 1Gbps 유선 / HDMI / DP포트 / 파워서플라이 / 미들타워 / LED쿨러 / 용도: 게임용,"16GB, M.2 500GB",1259950.0
253,다나와표준PC DPG 게임용 251022,7800X3D / RTX 5070 / (AMD) B850 / OS미포함 / 850W / AMD / 라이젠 7000시리즈 / 라이젠7 / 라파엘 / DDR5 / 16GB / M.2 / 1TB / NVIDIA / 그래픽 메모리: 12GB / 1Gbps 유선 / 802.11ax(Wi-Fi 6) 무선 / 블루투스 / HDMI / DP포트 / 파워서플라이 / 빅타워 / 수랭쿨러 / LED쿨러 / 용도: 게임용,"16GB, M.2 1TB",3500000.0
254,다나와표준PC DPG 게임용 250922,9800X3D / RTX 5060 Ti / (AMD) B850 / OS미포함 / 850W / AMD / 라이젠 9000시리즈 / 라이젠7 / 그래니트 릿지 / DDR5 / 16GB / M.2 / 1TB / NVIDIA / 그래픽 메모리: 16GB / 1Gbps 유선 / HDMI / DP포트 / 파워서플라이 / 미들타워 / 어항형 / LED쿨러 / 용도: 게임용,"16GB, M.2 1TB",3478610.0
255,다나와표준PC 게임용 250913,9600X / RTX 5060 / (AMD) B850 / OS미포함 / 700W / AMD / 라이젠 9000시리즈 / 라이젠5 / 그래니트 릿지 / DDR5 / 16GB / M.2 / 500GB / NVIDIA / 그래픽 메모리: 8GB / 1Gbps 유선 / HDMI / DP포트 / 파워서플라이 / 미들타워 / LED쿨러 / 용도: 게임용,"16GB, M.2 500GB",1979000.0
256,다나와표준PC 게임용 250820,265KF / RTX 5060 / (인텔) B860 / OS미포함 / 800W / 인텔 / 코어울트라 시리즈2 / 코어 울트라7 / 애로우레이크 / 인텔 AI Boost / 13TOPS / DDR5 / 16GB / M.2 / 1TB / NVIDIA / 그래픽 메모리: 8GB / 1Gbps 유선 / HDMI / DP포트 / 파워서플라이 / 미들타워 / 어항형 / 수랭쿨러 / LED쿨러 / 용도: 게임용,"16GB, M.2 1TB",2530000.0
257,다나와표준PC 게임용 251217,7800X3D / RTX 5060 / (AMD) B650 / OS미포함 / 750W / AMD / 라이젠 7000시리즈 / 라이젠7 / 라파엘 / DDR5 / 16GB / M.2 / 1TB / NVIDIA / 그래픽 메모리: 8GB / 1Gbps 유선 / HDMI / DP포트 / 파워서플라이 / 빅타워 / 어항형 / LED쿨러 / 용도: 게임용,"16GB, M.2 1TB",2390000.0
258,다나와표준PC 게임용 251211,7500F / RTX 5060 / (AMD) B650 / OS미포함 / 850W / AMD / 라이젠 7000시리즈 / 라이젠5 / 라파엘 / DDR5 / 16GB / M.2 / 1TB / NVIDIA / 그래픽 메모리: 8GB / 1Gbps 유선 / HDMI / DP포트 / 파워서플라이 / 미들타워 / LED쿨러 / 용도: 게임용,"16GB, M.2 1TB",2100000.0
259,다나와표준PC DPG 게임용 250823,265KF / RTX 5070 / (인텔) B860 / OS미포함 / 1000W / 인텔 / 코어울트라 시리즈2 / 코어 울트라7 / 애로우레이크 / 인텔 AI Boost / 13TOPS / DDR5 / 16GB / M.2 / 1TB / NVIDIA / 그래픽 메모리: 12GB / 1Gbps 유선 / HDMI / DP포트 / 파워서플라이 / 미들타워 / 어항형 / LED쿨러 / 용도: 게임용,"16GB, M.2 1TB",3498650.0
260,다나와표준PC DPG 게임용 250724,9800X3D / RTX 5070 / (AMD) X870E / OS미포함 / 1050W / AMD / 라이젠 9000시리즈 / 라이젠7 / 그래니트 릿지 / DDR5 / 16GB / M.2 / 500GB / NVIDIA / 그래픽 메모리: 12GB / 1Gbps 유선 / 파워서플라이 / 빅타워 / 어항형 / 수랭쿨러 / LED쿨러 / 용도: 게임용,"16GB, M.2 500GB",3440000.0
261,다나와표준PC 게임용 250714,7600X / RX 9060 XT / (AMD) B850 / OS미포함 / 850W / AMD / 라이젠 7000시리즈 / 라이젠5 / 라파엘 / DDR5 / 16GB / M.2 / 500GB / AMD / 그래픽 메모리: 8GB / 1Gbps 유선 / 파워서플라이 / 미들타워 / 어항형 / LED쿨러 / 용도: 게임용,"16GB, M.2 500GB",2050000.0
262,다나와표준PC 게임용 250711,7500F / RTX 5060 / (AMD) B650 / OS미포함 / 750W / AMD / 라이젠 7000시리즈 / 라이젠5 / 라파엘 / DDR5 / 16GB / M.2 / 500GB / NVIDIA / 그래픽 메모리: 8GB / 1Gbps 유선 / 파워서플라이 / 미들타워 / 어항형 / LED쿨러 / 용도: 게임용,"16GB, M.2 500GB",1750000.0
263,다나와표준PC 게임용 250617,7800X3D / RTX 5060 Ti / (AMD) B650 / OS미포함 / 850W / AMD / 라이젠 7000시리즈 / 라이젠7 / 라파엘 / DDR5 / 16GB / M.2 / 1TB / NVIDIA / 그래픽 메모리: 8GB / 1Gbps 유선 / 파워서플라이 / 미들타워 / LED쿨러 / 용도: 게임용,"16GB, M.2 1TB",2594000.0
264,STCOM STAI-V80,9800X3D / RX 9070 / (AMD) B650 / OS미포함 / 800W / AMD / 라이젠 9000시리즈 / 라이젠7 / 그래니트 릿지 / DDR5 / 32GB / M.2 / 1TB / AMD / 1Gbps 유선 / 파워서플라이 / 미들타워 / 용도: 게임용,"32GB, M.2 1TB",3148980.0
265,STCOM STAI-V50,i5-12400F / GTX 1660 SUPER / (인텔) B760 / OS미포함 / 600W / 인텔 / 코어 12세대 / 코어i5 / 엘더레이크 / DDR5 / 16GB / M.2 / 512GB / NVIDIA / 1Gbps 유선 / 파워서플라이 / 미들타워 / 용도: 게임용,"16GB, M.2 512GB",1148360.0
266,STCOM STAI-V79,9600X / RX 9070 / (AMD) B650 / OS미포함 / 800W / AMD / 라이젠 9000시리즈 / 라이젠5 / 그래니트 릿지 / DDR5 / 32GB / M.2 / 1TB / AMD / 1Gbps 유선 / HDMI / DP포트 / 파워서플라이 / 미들타워 / 용도: 게임용,"32GB, M.2 1TB",2710800.0
267,피씨스토어 감성 어항 PC 5600 RTX5060,5600 / RTX 5060 / (AMD) A520 / OS미포함 / 700W / AMD / 라이젠 5000시리즈 / 라이젠5 / 버미어 / DDR4 / 16GB / M.2 / 500GB / NVIDIA / 그래픽 메모리: 8GB / 1Gbps 유선 / HDMI / DP포트 / 파워서플라이 / 미들타워 / 어항형 / LED쿨러 / 용도: 게임용,"16GB, M.2 500GB",1464820.0
268,다나와표준PC 게임용 250713,7500F / RTX 5060 Ti / (AMD) B650 / OS미포함 / 700W / AMD / 라이젠 7000시리즈 / 라이젠5 / 라파엘 / DDR5 / 16GB / M.2 / 500GB / NVIDIA / 그래픽 메모리: 8GB / 1Gbps 유선 / 파워서플라이 / 미들타워 / 어항형 / LED쿨러 / 용도: 게임용,"16GB, M.2 500GB",1925000.0
269,STCOM STCP-SA03,9800X3D / RTX 5070 / (AMD) B650E / OS미포함 / 850W / AMD / 라이젠 9000시리즈 / 라이젠7 / 라파엘 / DDR5 / 32GB / M.2 / 2TB / NVIDIA / 그래픽 메모리: 12GB / 1Gbps 유선 / HDMI / DP포트 / 파워서플라이 / 미들타워 / 어항형 / 수랭쿨러 / LED쿨러 / 용도: 게임용,"32GB, M.2 2TB",3652000.0
270,다나와표준PC DPG 게임용 251224,9800X3D / RX 9070 XT / (AMD) X870E / OS미포함 / 850W / AMD / 라이젠 9000시리즈 / 라이젠7 / 그래니트 릿지 / DDR5 / 16GB / M.2 / 1TB / AMD / 그래픽 메모리: 16GB / 1Gbps 유선 / HDMI / DP포트 / 파워서플라이 / 미들타워 / 어항형 / 수랭쿨러 / LED쿨러 / 용도: 게임용,"16GB, M.2 1TB",4176140.0
271,STCOM STAI-V108,9600X / RTX 5060 Ti / (AMD) A620 / OS미포함 / 700W / AMD / 라이젠 9000시리즈 / 라이젠5 / 그래니트 릿지 / DDR5 / 16GB / M.2 / 512GB / NVIDIA / 1Gbps 유선 / HDMI / DP포트 / 파워서플라이 / 미들타워 / 용도: 게임용,"16GB, M.2 512GB",1620110.0
272,다나와표준PC 전문가용 251027,285K / RTX 5070 / (인텔) Z890 / OS미포함 / 1000W / 인텔 / 코어울트라 시리즈2 / 코어 울트라9 / 애로우레이크 / 인텔 AI Boost / 13TOPS / DDR5 / 32GB / HDD:4TB / M.2 / 1TB / NVIDIA / 그래픽 메모리: 12GB / 1Gbps 유선 / 802.11ax(Wi-Fi 6) 무선 / 블루투스 / HDMI / DP포트 / 파워서플라이 / 미들타워 / 어항형 / 수랭쿨러 / LED쿨러 / 용도: 게임용,"32GB, M.2 1TB + HDD 4TB",5058570.0
273,STCOM STAI-V136,i5-14400F / RTX 5060 Ti / (인텔) H610 / OS미포함 / 700W / 인텔 / 코어 14세대 / 코어i5 / 랩터레이크-R / DDR4 / 32GB / M.2 / 1TB / NVIDIA / 그래픽 메모리: 8GB / 1Gbps 유선 / HDMI / DP포트 / 파워서플라이 / 미들타워 / 용도: 게임용,"32GB, M.2 1TB",1750750.0
274,다나와표준PC 게임용 250620,265F / RTX 5070 / (인텔) B860 / OS미포함 / 850W / 인텔 / 코어울트라 시리즈2 / 코어 울트라7 / 애로우레이크 / 인텔 AI Boost / 13TOPS / DDR5 / 16GB / M.2 / 1TB / NVIDIA / 그래픽 메모리: 12GB / 1Gbps 유선 / 파워서플라이 / 미들타워 / 수랭쿨러 / LED쿨러 / 용도: 게임용,"16GB, M.2 1TB",2900000.0
275,포유컴퓨터 퍼포먼스PC 36 R5 9600X RTX5060,9600X / RTX 5060 / (AMD) B850 / OS미포함 / 700W / AMD / 라이젠 9000시리즈 / 라이젠5 / 그래니트 릿지 / DDR5 / 16GB / M.2 / 500GB / NVIDIA / 1Gbps 유선 / HDMI / DP포트 / 파워서플라이 / 미들타워 / LED쿨러 / 용도: 게임용,"16GB, M.2 500GB",4478390.0
276,다나와표준PC 게임용 251219,7800X3D / RTX 5060 Ti / (AMD) B850 / OS미포함 / 750W / AMD / 라이젠 7000시리즈 / 라이젠7 / 라파엘 / DDR5 / 16GB / M.2 / 1TB / NVIDIA / 그래픽 메모리: 16GB / 1Gbps 유선 / HDMI / DP포트 / 파워서플라이 / 미들타워 / 용도: 게임용,"16GB, M.2 1TB",3040000.0
277,다나와표준PC 게임용 251111,7500F / RTX 5060 / (AMD) B650 / OS미포함 / 1000W / AMD / 라이젠 7000시리즈 / 라이젠5 / 라파엘 / DDR5 / 16GB / M.2 / 500GB / NVIDIA / 그래픽 메모리: 8GB / 1Gbps 유선 / HDMI / DP포트 / 파워서플라이 / 미들타워 / 어항형 / 용도: 게임용,"16GB, M.2 500GB",2050000.0
278,다나와표준PC 전문가용 251025,9800X3D / RTX 5060 Ti / (AMD) X870E / OS미포함 / 1000W / AMD / 라이젠 9000시리즈 / 라이젠7 / 그래니트 릿지 / DDR5 / 16GB / M.2 / 1TB / NVIDIA / 그래픽 메모리: 16GB / 1Gbps 유선 / 802.11ax(Wi-Fi 6) 무선 / 블루투스 / HDMI / DP포트 / 파워서플라이 / 미들타워 / 어항형 / 수랭쿨러 / LED쿨러 / 용도: 게임용,"16GB, M.2 1TB",4049990.0
279,다나와표준PC 게임용 251016,i5-14600KF / RTX 5060 / (인텔) B760 / OS미포함 / 750W / 인텔 / 코어 14세대 / 코어i5 / 랩터레이크-R / DDR5 / 16GB / M.2 / 500GB / NVIDIA / 그래픽 메모리: 8GB / 1Gbps 유선 / HDMI / DP포트 / 파워서플라이 / 미들타워 / 어항형 / LED쿨러 / 용도: 게임용,"16GB, M.2 500GB",1990000.0
280,다나와표준PC DPG 게임용 250923,265KF / RTX 5060 / (인텔) B860 / OS미포함 / 850W / 인텔 / 코어울트라 시리즈2 / 코어 울트라7 / 애로우레이크 / 인텔 AI Boost / 13TOPS / DDR5 / 16GB / M.2 / 1TB / NVIDIA / 그래픽 메모리: 8GB / 1Gbps 유선 / HDMI / DP포트 / 파워서플라이 / 미들타워 / 어항형 / 수랭쿨러 / LED쿨러 / 용도: 게임용,"16GB, M.2 1TB",2949000.0
281,다나와표준PC DPG 게임용 250822,9800X3D / RTX 5060 Ti / (AMD) B850 / OS미포함 / 850W / AMD / 라이젠 9000시리즈 / 라이젠7 / 그래니트 릿지 / DDR5 / 16GB / M.2 / 1TB / NVIDIA / 그래픽 메모리: 16GB / 1Gbps 유선 / HDMI / DP포트 / 파워서플라이 / 미들타워 / 어항형 / 수랭쿨러 / LED쿨러 / 용도: 게임용,"16GB, M.2 1TB",3000000.0
282,다나와표준PC 게임용 250817,7800X3D / RTX 5060 / (AMD) B850 / OS미포함 / 850W / AMD / 라이젠 7000시리즈 / 라이젠7 / 라파엘 / DDR5 / 16GB / M.2 / 1TB / NVIDIA / 그래픽 메모리: 8GB / 1Gbps 유선 / HDMI / DP포트 / 파워서플라이 / 미들타워 / 수랭쿨러 / 용도: 게임용,"16GB, M.2 1TB",2400000.0
283,다나와표준PC 게임용 250715,7800X3D / RTX 5060 / (AMD) B850 / OS미포함 / 850W / AMD / 라이젠 7000시리즈 / 라이젠7 / 라파엘 / DDR5 / 16GB / M.2 / 512GB / NVIDIA / 그래픽 메모리: 8GB / 1Gbps 유선 / 파워서플라이 / 미들타워 / LED쿨러 / 용도: 게임용,"16GB, M.2 512GB",2350000.0
284,다나와표준PC DPG 게임용 250623,225F / RTX 5070 / (인텔) B860 / OS미포함 / 850W / 인텔 / 코어울트라 시리즈2 / 코어 울트라5 / 애로우레이크 / 인텔 AI Boost / 13TOPS / DDR5 / 16GB / M.2 / 1TB / NVIDIA / 그래픽 메모리: 12GB / 1Gbps 유선 / 파워서플라이 / 미들타워 / 수랭쿨러 / LED쿨러 / 용도: 게임용,"16GB, M.2 1TB",2996000.0
285,STCOM STAI-V60,i5-14400F / RX 580 / (인텔) B760 / OS미포함 / 600W / 인텔 / 코어 14세대 / 코어i5 / 랩터레이크-R / DDR5 / 32GB / M.2 / 1TB / AMD / 1Gbps 유선 / 파워서플라이 / 미들타워 / 용도: 게임용,"32GB, M.2 1TB",1590250.0
286,STCOM STAI-V228 Win11Home,9600X / RTX 5060 Ti / (AMD) A620 / 윈도우11 / 700W / AMD / 라이젠 9000시리즈 / 라이젠5 / 그래니트 릿지 / DDR5 / 32GB / M.2 / 2TB / NVIDIA / 그래픽 메모리: 8GB / 1Gbps 유선 / HDMI / DP포트 / 파워서플라이 / 미들타워 / 용도: 게임용,"32GB, M.2 2TB",2369740.0
287,타무즈 게이밍PC TZ33ES6FBAA,7500F / RTX 5060 / (AMD) B650 / OS미포함 / 600W / AMD / 라이젠 7000시리즈 / 라이젠5 / 라파엘 / DDR5 / 16GB / M.2 / 1TB / NVIDIA / 그래픽 메모리: 8GB / 1Gbps 유선 / HDMI / DP포트 / USB3.x 5Gbps / 파워서플라이 / 미들타워 / 어항형 / 용도: 게임용,"16GB, M.2 1TB",1508720.0
288,STCOM 데스크프로 PC A75N56 7500F 5060,7500F / RTX 5060 / (AMD) A620 / OS미포함 / 700W / AMD / 라이젠 7000시리즈 / 라이젠5 / 라파엘 / DDR5 / 16GB / M.2 / 512GB / NVIDIA / 그래픽 메모리: 8GB / 1Gbps 유선 / HDMI / DP포트 / 파워서플라이 / 미들타워 / 용도: 게임용,"16GB, M.2 512GB",1453240.0
289,다나와표준PC 게임용 251114,9600 / RTX 5060 / (AMD) B650 / OS미포함 / 850W / AMD / 라이젠 9000시리즈 / 라이젠5 / 그래니트 릿지 / DDR5 / 16GB / M.2 / 512GB / NVIDIA / 그래픽 메모리: 8GB / 1Gbps 유선 / HDMI / DP포트 / 파워서플라이 / 미들타워 / LED쿨러 / 용도: 게임용,"16GB, M.2 512GB",2050000.0
290,STCOM STAI-V157 Win11Home,7500F / RX 9060 XT / (AMD) A620 / 윈도우11 / 600W / AMD / 라이젠 7000시리즈 / 라이젠5 / 라파엘 / DDR5 / 16GB / M.2 / 512GB / AMD / 그래픽 메모리: 8GB / 1Gbps 유선 / HDMI / DP포트 / 파워서플라이 / 미들타워 / 용도: 게임용,"16GB, M.2 512GB",1648760.0
291,타무즈 게이밍PC TZ33ES6GCAA,7500F / RTX 5060 Ti / (AMD) B650 / OS미포함 / 700W / AMD / 라이젠 7000시리즈 / 라이젠5 / 라파엘 / DDR5 / 16GB / M.2 / 1TB / NVIDIA / 그래픽 메모리: 8GB / 1Gbps 유선 / HDMI / DP포트 / USB3.x 5Gbps / 파워서플라이 / 미들타워 / 어항형 / 용도: 게임용,"16GB, M.2 1TB",1604910.0
292,STCOM 데스크프로 PC A96N56 9600X 5060,9600X / RTX 5060 / (AMD) A620 / OS미포함 / 700W / AMD / 라이젠 9000시리즈 / 라이젠5 / 그래니트 릿지 / DDR5 / 16GB / M.2 / 512GB / NVIDIA / 그래픽 메모리: 8GB / 1Gbps 유선 / HDMI / DP포트 / 파워서플라이 / 미들타워 / 용도: 게임용,"16GB, M.2 512GB",1539720.0
293,영웅컴퓨터 영웅 게이밍울트라 7550 R5 7500F RTX5050,7500F / RTX 5050 / (AMD) A620 / OS미포함 / 600W / AMD / 라이젠 7000시리즈 / 라이젠5 / 라파엘 / DDR5 / 16GB / M.2 / 512GB / NVIDIA / 그래픽 메모리: 8GB / 1Gbps 유선 / HDMI / DP포트 / 파워서플라이 / 미들타워 / LED쿨러 / 용도: 게임용,"16GB, M.2 512GB",1318540.0
294,STCOM STAI-V104,5600 / RTX 5060 Ti / (AMD) A520 / OS미포함 / 700W / AMD / 라이젠 5000시리즈 / 라이젠5 / 버미어 / DDR4 / 16GB / M.2 / 512GB / NVIDIA / 1Gbps 유선 / HDMI / DP포트 / 파워서플라이 / 미들타워 / 용도: 게임용,"16GB, M.2 512GB",1322030.0
295,다나와표준PC 게임용 250911,7500F / RTX 3050 / (AMD) B650 / OS미포함 / 800W / AMD / 라이젠 7000시리즈 / 라이젠5 / 라파엘 / DDR5 / 16GB / M.2 / 500GB / NVIDIA / 그래픽 메모리: 6GB / 1Gbps 유선 / HDMI / DP포트 / 파워서플라이 / 미들타워 / 어항형 / LED쿨러 / 용도: 게임용,"16GB, M.2 500GB",1465000.0
296,다나와표준PC 게임용 250809,7500F / RTX 5050 / (AMD) B650 / OS미포함 / 700W / AMD / 라이젠 7000시리즈 / 라이젠5 / 라파엘 / DDR5 / 16GB / SSD / 240GB / NVIDIA / 그래픽 메모리: 8GB / 1Gbps 유선 / HDMI / DP포트 / 파워서플라이 / 미들타워 / LED쿨러 / 용도: 게임용,"16GB, SSD 240GB",1505000.0
297,다나와표준PC 온라인강의용 250808,i5-12400F / RTX 3050 / (인텔) H610 / OS미포함 / 800W / 인텔 / 코어 12세대 / 코어i5 / 엘더레이크 / DDR5 / 16GB / M.2 / 500GB / NVIDIA / 그래픽 메모리: 6GB / 1Gbps 유선 / 파워서플라이 / 미들타워 / 어항형 / LED쿨러 / 용도: 게임용,"16GB, M.2 500GB",1440000.0
298,STCOM STAI-V82,5600 / GTX 1660 SUPER / (AMD) A520 / OS미포함 / 600W / AMD / 라이젠 5000시리즈 / 라이젠5 / 버미어 / DDR4 / 32GB / M.2 / 1TB / NVIDIA / 1Gbps 유선 / 파워서플라이 / 미들타워 / 용도: 게임용,"32GB, M.2 1TB",1274640.0
299,다나와표준PC 게임용 251209,7500F / RX 9060 / (AMD) B650 / OS미포함 / 750W / AMD / 라이젠 7000시리즈 / 라이젠5 / 라파엘 / DDR5 / 16GB / M.2 / 512GB / AMD / 그래픽 메모리: 8GB / 1Gbps 유선 / HDMI / DP포트 / 파워서플라이 / 미들타워 / 어항형 / LED쿨러 / 용도: 게임용,"16GB, M.2 512GB",1700000.0
300,다나와표준PC DPG 게임용 250924,9800X3D / RTX 5070 / (AMD) X870E / OS미포함 / 850W / AMD / 라이젠 9000시리즈 / 라이젠7 / 그래니트 릿지 / DDR5 / 16GB / M.2 / 1TB / NVIDIA / 그래픽 메모리: 12GB / 1Gbps 유선 / HDMI / DP포트 / 파워서플라이 / 미들타워 / 어항형 / 수랭쿨러 / LED쿨러 / 용도: 게임용,"16GB, M.2 1TB",3820000.0
301,다나와표준PC 게임용 250915,9600X / RX 9060 XT / (AMD) B850 / OS미포함 / 850W / AMD / 라이젠 9000시리즈 / 라이젠5 / 그래니트 릿지 / DDR5 / 16GB / M.2 / 500GB / AMD / 그래픽 메모리: 8GB / 1Gbps 유선 / HDMI / DP포트 / 파워서플라이 / 미들타워 / 어항형 / 용도: 게임용,"16GB, M.2 500GB",2250000.0
302,다나와표준PC 게임용 250914,9600X / RX 9070 XT / (AMD) B650 / OS미포함 / 850W / AMD / 라이젠 9000시리즈 / 라이젠5 / 그래니트 릿지 / DDR5 / 16GB / M.2 / 512GB / AMD / 그래픽 메모리: 16GB / 1Gbps 유선 / HDMI / DP포트 / 파워서플라이 / 미들타워 / LED쿨러 / 용도: 게임용,"16GB, M.2 512GB",2750000.0
303,다나와표준PC 전문가용 250727,285K / RTX 5080 / (인텔) Z890 / OS미포함 / 1000W / 인텔 / 코어울트라 시리즈2 / 코어 울트라9 / 애로우레이크 / 인텔 AI Boost / 13TOPS / DDR5 / 16GB / HDD:4TB / M.2 / 512GB / NVIDIA / 그래픽 메모리: 16GB / 1Gbps 유선 / 파워서플라이 / 미들타워 / 어항형 / 수랭쿨러 / LED쿨러 / 용도: 게임용,"16GB, M.2 512GB + HDD 4TB",6080900.0
304,다나와표준PC 게임용 250420,265F / RTX 5070 / (인텔) Z890 / OS미포함 / 850W / 인텔 / 코어울트라 시리즈2 / 코어 울트라7 / 애로우레이크 / 인텔 AI Boost / 13TOPS / DDR5 / 16GB / M.2 / 1TB / NVIDIA / 그래픽 메모리: 12GB / 1Gbps 유선 / 파워서플라이 / 미들타워 / 어항형 / 수랭쿨러 / LED쿨러 / 용도: 게임용,"16GB, M.2 1TB",3650800.0
305,STCOM STAI-V58,i5-14400F / GTX 1660 SUPER / (인텔) B760 / OS미포함 / 600W / 인텔 / 코어 14세대 / 코어i5 / 랩터레이크-R / DDR5 / 32GB / M.2 / 1TB / NVIDIA / 1Gbps 유선 / 파워서플라이 / 미들타워 / 용도: 게임용,"32GB, M.2 1TB",1699520.0
306,다나와표준PC 게임용 260113,9600X / RTX 5060 / (AMD) B850 / OS미포함 / 800W / AMD / 라이젠 9000시리즈 / 라이젠5 / 그래니트 릿지 / DDR5 / 16GB / M.2 / 1TB / NVIDIA / 그래픽 메모리: 8GB / 1Gbps 유선 / HDMI / DP포트 / 파워서플라이 / 미들타워 / 어항형 / 용도: 게임용,"16GB, M.2 1TB",1990990.0
307,다나와표준PC DPG 게임용 251222,9800X3D / RTX 5060 / (AMD) B850 / OS미포함 / 750W / AMD / 라이젠 9000시리즈 / 라이젠7 / 그래니트 릿지 / DDR5 / 16GB / M.2 / 1TB / NVIDIA / 그래픽 메모리: 8GB / 1Gbps 유선 / HDMI / DP포트 / 파워서플라이 / 미들타워 / LED쿨러 / 용도: 게임용,"16GB, M.2 1TB",2840000.0
308,다나와표준PC DPG 게임용 251221,245K / RTX 5060 Ti / (인텔) B860 / OS미포함 / 850W / 인텔 / 코어울트라 시리즈2 / 코어 울트라5 / 애로우레이크 / 인텔 AI Boost / 13TOPS / DDR5 / 16GB / M.2 / 1TB / NVIDIA / 그래픽 메모리: 8GB / 1Gbps 유선 / HDMI / DP포트 / 파워서플라이 / 미들타워 / 어항형 / LED쿨러 / 용도: 게임용,"16GB, M.2 1TB",2344000.0
309,다나와표준PC 게임용 251213,9600X / RX 9060 / (AMD) B650 / OS미포함 / 700W / AMD / 라이젠 9000시리즈 / 라이젠5 / 그래니트 릿지 / DDR5 / 16GB / M.2 / 1TB / AMD / 그래픽 메모리: 8GB / 1Gbps 유선 / HDMI / DP포트 / 파워서플라이 / 미들타워 / 어항형 / LED쿨러 / 용도: 게임용,"16GB, M.2 1TB",2070000.0
310,다나와표준PC 게임용 251212,7600 / RTX 5060 / (AMD) B850 / OS미포함 / 850W / AMD / 라이젠 7000시리즈 / 라이젠5 / 라파엘 / DDR5 / 16GB / M.2 / 1TB / NVIDIA / 그래픽 메모리: 8GB / 1Gbps 유선 / HDMI / DP포트 / 파워서플라이 / 미들타워 / 어항형 / 용도: 게임용,"16GB, M.2 1TB",2140000.0
311,다나와표준PC DPG 게임용 251021,245K / RTX 5060 / (인텔) B860 / OS미포함 / 850W / 인텔 / 코어울트라 시리즈2 / 코어 울트라5 / 애로우레이크 / 인텔 AI Boost / 13TOPS / DDR5 / 16GB / M.2 / 1TB / NVIDIA / 그래픽 메모리: 8GB / 1Gbps 유선 / 802.11ax(Wi-Fi 6) 무선 / 블루투스 / HDMI / DP포트 / 파워서플라이 / 미들타워 / LED쿨러 / 용도: 게임용,"16GB, M.2 1TB",2390000.0
312,다나와표준PC 게임용 251020,i5-14600KF / RX 9070 XT / (인텔) B760 / OS미포함 / 750W / 인텔 / 코어 14세대 / 코어i5 / 랩터레이크-R / DDR5 / 16GB / M.2 / 1TB / AMD / 그래픽 메모리: 16GB / 1Gbps 유선 / HDMI / DP포트 / 파워서플라이 / 미들타워 / 수랭쿨러 / LED쿨러 / 용도: 게임용,"16GB, M.2 1TB",3360000.0
313,다나와표준PC 게임용 251012,225F / RTX 5060 / (인텔) B860 / OS미포함 / 850W / 인텔 / 코어울트라 시리즈2 / 코어 울트라5 / 애로우레이크 / 인텔 AI Boost / 13TOPS / DDR5 / 16GB / M.2 / 500GB / NVIDIA / 그래픽 메모리: 8GB / 1Gbps 유선 / HDMI / DP포트 / 파워서플라이 / 미들타워 / 어항형 / LED쿨러 / 용도: 게임용,"16GB, M.2 500GB",1860000.0
314,다나와표준PC 게임용 250819,7800X3D / RTX 5070 / (AMD) B850 / OS미포함 / 750W / AMD / 라이젠 7000시리즈 / 라이젠7 / 라파엘 / DDR5 / 16GB / M.2 / 1TB / NVIDIA / 그래픽 메모리: 12GB / 1Gbps 유선 / HDMI / DP포트 / 파워서플라이 / 미들타워 / LED쿨러 / 용도: 게임용,"16GB, M.2 1TB",3600000.0
315,다나와표준PC 게임용 250814,9600X / RTX 5060 / (AMD) B650 / OS미포함 / 850W / AMD / 라이젠 9000시리즈 / 라이젠5 / 그래니트 릿지 / DDR5 / 16GB / M.2 / 500GB / NVIDIA / 그래픽 메모리: 8GB / 1Gbps 유선 / HDMI / DP포트 / 파워서플라이 / 미들타워 / 어항형 / LED쿨러 / 용도: 게임용,"16GB, M.2 500GB",2020000.0
316,다나와표준PC 전문가용 250725,265K / RTX 5070 / (인텔) B860 / OS미포함 / 1000W / 인텔 / 코어울트라 시리즈2 / 코어 울트라7 / 애로우레이크 / 인텔 AI Boost / 13TOPS / DDR5 / 16GB / M.2 / 512GB / NVIDIA / 그래픽 메모리: 12GB / 1Gbps 유선 / 파워서플라이 / 미들타워 / 어항형 / 수랭쿨러 / LED쿨러 / 용도: 게임용,"16GB, M.2 512GB",3490000.0
317,다나와표준PC 전문가용 250627,265KF / RTX 5070 / (인텔) Z890 / OS미포함 / 1050W / 인텔 / 코어울트라 시리즈2 / 코어 울트라7 / 애로우레이크 / 인텔 AI Boost / 13TOPS / DDR5 / 16GB / HDD:4TB / M.2 / 512GB / NVIDIA / 그래픽 메모리: 12GB / 1Gbps 유선 / 파워서플라이 / 미들타워 / 어항형 / 수랭쿨러 / LED쿨러 / 용도: 게임용,"16GB, M.2 512GB + HDD 4TB",3694000.0
318,다나와표준PC 게임용 250615,7600 / RTX 5060 / (AMD) B850 / OS미포함 / 700W / AMD / 라이젠 7000시리즈 / 라이젠5 / 라파엘 / DDR5 / 16GB / M.2 / 512GB / NVIDIA / 그래픽 메모리: 8GB / 1Gbps 유선 / 파워서플라이 / 미들타워 / 어항형 / LED쿨러 / 용도: 게임용,"16GB, M.2 512GB",2300000.0
319,STCOM STAI-V78,7800X3D / RX 9070 / (AMD) B650 / OS미포함 / 800W / AMD / 라이젠 7000시리즈 / 라이젠7 / 라파엘 / DDR5 / 32GB / M.2 / 1TB / AMD / 1Gbps 유선 / 파워서플라이 / 미들타워 / 용도: 게임용,"32GB, M.2 1TB",3006940.0
320,STCOM STAI-V55,i5-12400F / RX 7600 / (인텔) B760 / OS미포함 / 600W / 인텔 / 코어 12세대 / 코어i5 / 엘더레이크 / DDR5 / 32GB / M.2 / 1TB / AMD / 1Gbps 유선 / 파워서플라이 / 미들타워 / 용도: 게임용,"32GB, M.2 1TB",1747340.0
321,다나와표준PC 게임용 251117,9700X / RX 9060 XT / (AMD) B650 / OS미포함 / 750W / AMD / 라이젠 9000시리즈 / 라이젠7 / 그래니트 릿지 / DDR5 / 16GB / M.2 / 512GB / AMD / 그래픽 메모리: 8GB / 1Gbps 유선 / HDMI / DP포트 / 파워서플라이 / 미들타워 / LED쿨러 / 용도: 게임용,"16GB, M.2 512GB",2250000.0
322,MSI PRO DP180 14 i5-14400,i5-14400 / UHD 730 / (인텔) H610 / 윈도우11 프로 / 인텔 / 코어 14세대 / 코어i5 / 랩터레이크-R / DDR4 / 32GB / M.2 / 1TB / INTEL / 2.5Gbps 유선 / 1Gbps 유선 / 802.11ax(Wi-Fi 6E) 무선 / 블루투스 / 듀얼랜 / HDMI / DP포트 / D-SUB / USB3.x 5Gbps / USB C타입 10Gbps / 파워서플라이 / 미들타워 / 7.59kg / 용도: 게임용 / 구성변경상품,,
323,다나와표준PC 전문가용 250728,9950X3D / RTX 5080 / (AMD) X870E / OS미포함 / 1200W / AMD / 라이젠 9000시리즈 / 라이젠9 / 그래니트 릿지 / DDR5 / 16GB / HDD:4TB / M.2 / 1TB / NVIDIA / 그래픽 메모리: 16GB / 1Gbps 유선 / 파워서플라이 / 미들타워 / 어항형 / 수랭쿨러 / 용도: 게임용,"16GB, M.2 1TB + HDD 4TB",6700000.0
324,다나와표준PC 게임용 250614,7600 / RTX 5060 Ti / (AMD) B850 / OS미포함 / 800W / AMD / 라이젠 7000시리즈 / 라이젠5 / 라파엘 / DDR5 / 16GB / M.2 / 500GB / NVIDIA / 그래픽 메모리: 8GB / 1Gbps 유선 / 파워서플라이 / 미들타워 / 어항형 / LED쿨러 / 용도: 게임용,"16GB, M.2 500GB",2250000.0
325,다나와표준PC 전문가용 250427,265KF / RTX 3050 / (인텔) Z890 / OS미포함 / 1000W / 인텔 / 코어울트라 시리즈2 / 코어 울트라7 / 애로우레이크 / 인텔 AI Boost / 13TOPS / DDR5 / 16GB / HDD:4TB / M.2 / 1TB / NVIDIA / 그래픽 메모리: 6GB / 1Gbps 유선 / 파워서플라이 / 미들타워 / 어항형 / 수랭쿨러 / LED쿨러 / 용도: 게임용,"16GB, M.2 1TB + HDD 4TB",2600000.0
326,STCOM STAI-V59,i5-14400F / RX 580 / (인텔) B760 / OS미포함 / 600W / 인텔 / 코어 14세대 / 코어i5 / 랩터레이크-R / DDR5 / 16GB / M.2 / 512GB / AMD / 1Gbps 유선 / 파워서플라이 / 미들타워 / 용도: 게임용,"16GB, M.2 512GB",1147740.0
327,다나와표준PC DPG 게임용 251121,7800X3D / RX 9060 XT / (AMD) B650 / OS미포함 / 750W / AMD / 라이젠 7000시리즈 / 라이젠7 / 라파엘 / DDR5 / 16GB / M.2 / 1TB / AMD / 그래픽 메모리: 16GB / 1Gbps 유선 / HDMI / DP포트 / 파워서플라이 / 빅타워 / 어항형 / LED쿨러 / 용도: 게임용,"16GB, M.2 1TB",3195540.0
328,다나와표준PC 게임용 251113,7600 / RX 9060 / (AMD) B650 / OS미포함 / 700W / AMD / 라이젠 7000시리즈 / 라이젠5 / 라파엘 / DDR5 / 16GB / M.2 / 512GB / AMD / 그래픽 메모리: 8GB / 1Gbps 유선 / HDMI / DP포트 / 파워서플라이 / 미들타워 / 어항형 / 용도: 게임용,"16GB, M.2 512GB",1900000.0
329,다나와표준PC DPG 게임용 250624,7800X3D / RTX 5070 / (AMD) X870E / OS미포함 / 850W / AMD / 라이젠 7000시리즈 / 라이젠7 / 라파엘 / DDR5 / 16GB / M.2 / 500GB / NVIDIA / 그래픽 메모리: 12GB / 1Gbps 유선 / 파워서플라이 / 미들타워 / 어항형 / 수랭쿨러 / LED쿨러 / 용도: 게임용,"16GB, M.2 500GB",3250000.0
330,STCOM STAI-V69,i5-14400F / RX 580 / (인텔) H610 / OS미포함 / 600W / 인텔 / 코어 14세대 / 코어i5 / 랩터레이크-R / DDR4 / 16GB / M.2 / 512GB / AMD / 1Gbps 유선 / 파워서플라이 / 미들타워 / 용도: 게임용,"16GB, M.2 512GB",969140.0
331,다나와표준PC 게임용 220809,5500 / RX 6500 XT / (AMD) A520 / OS미포함 / 500W / AMD / 라이젠 5000시리즈 / 라이젠5 / 세잔 / DDR4 / 16GB / M.2 / 500GB / AMD / 그래픽 메모리: 4GB / 1Gbps 유선 / HDMI / DP포트 / USB3.x 5Gbps / 파워서플라이 / 미들타워 / 용도: 게임용,"16GB, M.2 500GB",1713140.0
332,다나와표준PC 게임용 250213,7500F / RTX 4060 / (AMD) B650 / OS미포함 / 600W / AMD / 라이젠 7000시리즈 / 라이젠5 / 라파엘 / DDR5 / 16GB / M.2 / 500GB / NVIDIA / 그래픽 메모리: 8GB / 1Gbps 유선 / HDMI / DP포트 / 파워서플라이 / 미들타워 / 어항형 / LED쿨러 / 용도: 게임용,"16GB, M.2 500GB",2304400.0
333,포유컴퓨터 퍼포먼스PC 48 R5 7400F RX9070,7400F / RX 9070 / (AMD) B650 / OS미포함 / 800W / AMD / 라이젠 7000시리즈 / 라이젠5 / 라파엘 / DDR5 / 16GB / M.2 / 500GB / AMD / 1Gbps 유선 / HDMI / DP포트 / 파워서플라이 / 미들타워 / LED쿨러 / 용도: 게임용,"16GB, M.2 500GB",1761600.0
334,MSI MPG 인피니트 Z3 9900X RTX 5080 AI 게이밍,9900X / RTX 5080 / (AMD) B850 / OS미포함 / 850W / AMD / 라이젠 9000시리즈 / 라이젠9 / 그래니트 릿지 / DDR5 / 32GB / M.2 / 1TB / NVIDIA / 그래픽 메모리: 16GB / 7.1채널 / 5Gbps 유선 / 802.11ax(Wi-Fi 6E) 무선 / 블루투스 / HDMI / USB3.x 10Gbps / USB3.x 5Gbps / USB C타입 10Gbps / USB C타입 5Gbps / 파워서플라이 / 미들타워 / LED쿨러 / 4kg ~ 7kg / 용도: 게임용,"32GB, M.2 1TB",8690000.0
335,다나와표준PC 게임용 250618,7800X3D / RTX 5060 Ti / (AMD) B850 / OS미포함 / 800W / AMD / 라이젠 7000시리즈 / 라이젠7 / 라파엘 / DDR5 / 16GB / M.2 / 1TB / NVIDIA / 그래픽 메모리: 16GB / 1Gbps 유선 / 파워서플라이 / 미들타워 / 어항형 / LED쿨러 / 용도: 게임용,"16GB, M.2 1TB",2987180.0
336,다나와표준PC 게임용 250609,5600 / RX 6600 / (AMD) A520 / OS미포함 / 800W / AMD / 라이젠 5000시리즈 / 라이젠5 / 버미어 / DDR4 / 16GB / SSD / 240GB / AMD / 그래픽 메모리: 8GB / 1Gbps 유선 / 파워서플라이 / 미들타워 / 어항형 / LED쿨러 / 용도: 게임용,"16GB, SSD 240GB",1240000.0
337,다나와표준PC ULTIMAKE ULT-R500F-4060TI,7500F / RTX 4060 Ti / (AMD) A620 / OS미포함 / 750W / AMD / 라이젠 7000시리즈 / 라이젠5 / 라파엘 / DDR5 / 16GB / M.2 / 500GB / NVIDIA / 그래픽 메모리: 8GB / 1Gbps 유선 / HDMI / DP포트 / 파워서플라이 / 미들타워 / 어항형 / 용도: 게임용,"16GB, M.2 500GB",2713840.0
338,STCOM STAI-V141,5600 / RTX 5060 / (AMD) A520 / OS미포함 / 600W / AMD / 라이젠 5000시리즈 / 라이젠5 / 버미어 / DDR4 / 32GB / M.2 / 1TB / NVIDIA / 그래픽 메모리: 8GB / 1Gbps 유선 / HDMI / DP포트 / 파워서플라이 / 미들타워 / 용도: 게임용,"32GB, M.2 1TB",1539150.0
339,영웅컴퓨터 영웅 울트라게이밍 플러스 P004 285K RTX5070,285K / RTX 5070 / (인텔) B860 / OS미포함 / 800W / 인텔 / 코어울트라 시리즈2 / 코어 울트라9 / 애로우레이크 / 인텔 AI Boost / 13TOPS / DDR5 / 32GB / M.2 / 1TB / NVIDIA / 그래픽 메모리: 12GB / 1Gbps 유선 / HDMI / DP포트 / 파워서플라이 / 미들타워 / 어항형 / 수랭쿨러 / LED쿨러 / 용도: 게임용,"32GB, M.2 1TB",3219610.0
340,STCOM STAI-V135,i5-14400F / RTX 5060 Ti / (인텔) H610 / OS미포함 / 700W / 인텔 / 코어 14세대 / 코어i5 / 랩터레이크-R / DDR4 / 16GB / M.2 / 512GB / NVIDIA / 그래픽 메모리: 8GB / 1Gbps 유선 / HDMI / DP포트 / 파워서플라이 / 미들타워 / 용도: 게임용,"16GB, M.2 512GB",1426910.0
341,영웅컴퓨터 영웅 울트라게이밍 U7265 265KF RTX5070Ti,265KF / RTX 5070 Ti / (인텔) B860 / OS미포함 / 800W / 인텔 / 코어울트라 시리즈2 / 코어 울트라7 / 애로우레이크 / 인텔 AI Boost / 13TOPS / DDR5 / 32GB / M.2 / 1TB / NVIDIA / 그래픽 메모리: 16GB / 1Gbps 유선 / HDMI / DP포트 / 파워서플라이 / 미들타워 / 어항형 / 수랭쿨러 / 용도: 게임용,"32GB, M.2 1TB",3704660.0
342,다나와표준PC 게임용 230819,i5-13600KF / RTX 4060 Ti / (인텔) B760 / OS미포함 / 750W / 인텔 / 코어 13세대 / 코어i5 / 엘더레이크 / DDR5 / 16GB / M.2 / 1TB / NVIDIA / 그래픽 메모리: 8GB / 1Gbps 유선 / HDMI / DP포트 / 파워서플라이 / 미들타워 / 용도: 게임용,"16GB, M.2 1TB",1894000.0
343,영웅컴퓨터 게이밍울트라 7757 7700X3D RTX5070,7700X3D / RTX 5070 / (AMD) B650 / OS미포함 / 800W / AMD / 라이젠 7000시리즈 / 라이젠7 / 라파엘 / DDR5 / 32GB / M.2 / 1TB / NVIDIA / 그래픽 메모리: 12GB / 1Gbps 유선 / HDMI / DP포트 / 파워서플라이 / 미들타워 / 어항형 / LED쿨러 / 용도: 게임용,"32GB, M.2 1TB",2785860.0
344,타무즈 게이밍PC TZ320S6GCAA,7500F / RTX 5060 Ti / (AMD) B650 / OS미포함 / 700W / AMD / 라이젠 7000시리즈 / 라이젠5 / 라파엘 / DDR5 / 16GB / M.2 / 512GB / NVIDIA / 그래픽 메모리: 8GB / 1Gbps 유선 / HDMI / DP포트 / USB3.x 5Gbps / 파워서플라이 / 미들타워 / 용도: 게임용,"16GB, M.2 512GB",1650570.0
345,STCOM STAI-V139,i5-12400F / RTX 5060 / (인텔) B760 / OS미포함 / 600W / 인텔 / 코어 12세대 / 코어i5 / 엘더레이크 / DDR5 / 16GB / M.2 / 512GB / NVIDIA / 그래픽 메모리: 8GB / 1Gbps 유선 / HDMI / DP포트 / 파워서플라이 / 미들타워 / 용도: 게임용,"16GB, M.2 512GB",1382750.0
346,MSI MAG Codex R2 A15NVN 에센셜 I05-E U5-225F RTX 5060 Ti 게이밍,225F / RTX 5060 Ti / (인텔) H810 / OS미포함 / 600W / 인텔 / 코어울트라 시리즈2 / 코어 울트라5 / 애로우레이크 / 인텔 AI Boost / 13TOPS / DDR5 / 16GB / M.2 / 1TB / NVIDIA / 그래픽 메모리: 16GB / 2.5Gbps 유선 / HDMI / DP포트 / USB3.x 5Gbps / 파워서플라이 / 미들타워 / LED쿨러 / 용도: 게임용,"16GB, M.2 1TB",1752060.0
347,다나와표준PC 게임용 250610,7500F / RTX 3050 / (AMD) B650 / OS미포함 / 700W / AMD / 라이젠 7000시리즈 / 라이젠5 / 라파엘 / DDR5 / 16GB / M.2 / 500GB / NVIDIA / 그래픽 메모리: 6GB / 1Gbps 유선 / 파워서플라이 / 미들타워 / LED쿨러 / 용도: 게임용,"16GB, M.2 500GB",1490000.0
348,다나와표준PC 게임용 250419,9800X3D / RTX 5070 / (AMD) B850 / OS미포함 / 850W / AMD / 라이젠 9000시리즈 / 라이젠7 / 그래니트 릿지 / DDR5 / 16GB / M.2 / 1TB / NVIDIA / 그래픽 메모리: 12GB / 1Gbps 유선 / 파워서플라이 / 미들타워 / 용도: 게임용,"16GB, M.2 1TB",3600000.0
349,다나와표준PC 전문가용 250226,9800X3D / RTX 4060 / (AMD) X870E / OS미포함 / 1200W / AMD / 라이젠 9000시리즈 / 라이젠7 / 그래니트 릿지 / DDR5 / 32GB / HDD:2TB / M.2 / 1TB / NVIDIA / 그래픽 메모리: 8GB / 2.5Gbps 유선 / 802.11be(Wi-Fi 7) 무선 / 블루투스 / HDMI / DP포트 / 파워서플라이 / 미들타워 / 어항형 / 수랭쿨러 / LED쿨러 / 용도: 게임용,"32GB, M.2 1TB + HDD 2TB",4007710.0
350,다나와표준PC 전문가용 250625,265 / RTX 3050 / (인텔) B860 / OS미포함 / 850W / 인텔 / 코어울트라 시리즈2 / 코어 울트라7 / 애로우레이크 / 인텔 AI Boost / 13TOPS / DDR5 / 16GB / M.2 / 512GB / NVIDIA / 그래픽 메모리: 6GB / 1Gbps 유선 / 파워서플라이 / 미들타워 / 어항형 / 수랭쿨러 / LED쿨러 / 용도: 게임용,"16GB, M.2 512GB",2304300.0
351,다나와표준PC 게임용 251010,7500F / RX 9060 XT / (AMD) B850 / OS미포함 / 1000W / AMD / 라이젠 7000시리즈 / 라이젠5 / 라파엘 / DDR5 / 16GB / M.2 / 1TB / AMD / 그래픽 메모리: 8GB / 1Gbps 유선 / 802.11ax(Wi-Fi 6E) 무선 / 블루투스 / HDMI / DP포트 / 파워서플라이 / 미들타워 / LED쿨러 / 용도: 게임용,"16GB, M.2 1TB",2050000.0
352,다나와표준PC 전문가용 251225,265K / RTX 5060 / (인텔) B860 / OS미포함 / 700W / 인텔 / 코어울트라 시리즈2 / 코어 울트라7 / 애로우레이크 / 인텔 AI Boost / 13TOPS / DDR5 / 32GB / M.2 / 1TB / NVIDIA / 그래픽 메모리: 8GB / 1Gbps 유선 / HDMI / DP포트 / 파워서플라이 / 미들타워 / 어항형 / 수랭쿨러 / LED쿨러 / 용도: 게임용,"32GB, M.2 1TB",3700000.0
353,다나와표준PC 전문가용 251128,9950X3D / RTX 5080 / (AMD) X870E / OS미포함 / 1200W / AMD / 라이젠 9000시리즈 / 라이젠9 / 그래니트 릿지 / DDR5 / 16GB / HDD:4TB / M.2 / 1TB / NVIDIA / 그래픽 메모리: 16GB / 1Gbps 유선 / HDMI / DP포트 / 파워서플라이 / 미들타워 / 어항형 / 수랭쿨러 / LED쿨러 / 용도: 게임용,"16GB, M.2 1TB + HDD 4TB",6232520.0
354,다나와표준PC DPG 게임용 251124,9800X3D / RX 9070 XT / (AMD) B850 / OS미포함 / 850W / AMD / 라이젠 9000시리즈 / 라이젠7 / 그래니트 릿지 / DDR5 / 16GB / M.2 / 1TB / AMD / 그래픽 메모리: 16GB / 1Gbps 유선 / HDMI / DP포트 / 파워서플라이 / 미들타워 / 어항형 / 수랭쿨러 / 용도: 게임용,"16GB, M.2 1TB",4199990.0
355,다나와표준PC 게임용 251116,245K / RTX 5060 / (인텔) B860 / OS미포함 / 850W / 인텔 / 코어울트라 시리즈2 / 코어 울트라5 / 애로우레이크 / 인텔 AI Boost / 13TOPS / DDR5 / 16GB / M.2 / 1TB / NVIDIA / 그래픽 메모리: 8GB / 1Gbps 유선 / HDMI / DP포트 / 파워서플라이 / 미들타워 / LED쿨러 / 용도: 게임용,"16GB, M.2 1TB",2320000.0
356,다나와표준PC 게임용 251112,i5-14400F / RTX 5050 / (인텔) B760 / OS미포함 / 800W / 인텔 / 코어 14세대 / 코어i5 / 랩터레이크-R / DDR5 / 16GB / M.2 / 1TB / NVIDIA / 그래픽 메모리: 8GB / 1Gbps 유선 / HDMI / DP포트 / 파워서플라이 / 미들타워 / 어항형 / LED쿨러 / 용도: 게임용,"16GB, M.2 1TB",1804390.0
357,다나와표준PC 전문가용 251026,9800X3D / RTX 5070 / (AMD) X870E / OS미포함 / 1000W / AMD / 라이젠 9000시리즈 / 라이젠7 / 그래니트 릿지 / DDR5 / 16GB / HDD:2TB / M.2 / 1TB / NVIDIA / 그래픽 메모리: 12GB / 1Gbps 유선 / 802.11ax(Wi-Fi 6) 무선 / 블루투스 / HDMI / DP포트 / 파워서플라이 / 미들타워 / 어항형 / 수랭쿨러 / LED쿨러 / 용도: 게임용,"16GB, M.2 1TB + HDD 2TB",4448730.0
358,다나와표준PC 게임용 251014,7600 / RTX 5060 Ti / (AMD) B650 / OS미포함 / 850W / AMD / 라이젠 7000시리즈 / 라이젠5 / 라파엘 / DDR5 / 16GB / M.2 / 1TB / NVIDIA / 그래픽 메모리: 8GB / 1Gbps 유선 / 802.11ax(Wi-Fi 6) 무선 / 블루투스 / HDMI / DP포트 / 파워서플라이 / 미들타워 / 어항형 / LED쿨러 / 용도: 게임용,"16GB, M.2 1TB",2500000.0
359,다나와표준PC DPG 게임용 250921,i5-14600KF / RTX 5060 / (인텔) B760 / OS미포함 / 750W / 인텔 / 코어 14세대 / 코어i5 / 랩터레이크-R / DDR5 / 16GB / M.2 / 1TB / NVIDIA / 그래픽 메모리: 8GB / 1Gbps 유선 / HDMI / DP포트 / 파워서플라이 / 미들타워 / 수랭쿨러 / LED쿨러 / 용도: 게임용,"16GB, M.2 1TB",2550000.0
360,다나와표준PC 게임용 250917,7800X3D / RTX 5060 / (AMD) B650 / OS미포함 / 800W / AMD / 라이젠 7000시리즈 / 라이젠7 / 라파엘 / DDR5 / 16GB / M.2 / 1TB / NVIDIA / 그래픽 메모리: 8GB / 1Gbps 유선 / HDMI / DP포트 / 파워서플라이 / 미들타워 / 어항형 / LED쿨러 / 용도: 게임용,"16GB, M.2 1TB",2450000.0
361,다나와표준PC 전문가용 250827,285K / RTX 5070 / (인텔) Z890 / OS미포함 / 1000W / 인텔 / 코어울트라 시리즈2 / 코어 울트라9 / 애로우레이크 / 인텔 AI Boost / 13TOPS / DDR5 / 16GB / HDD:4TB / M.2 / 512GB / NVIDIA / 그래픽 메모리: 12GB / 1Gbps 유선 / HDMI / DP포트 / 파워서플라이 / 미들타워 / 어항형 / 수랭쿨러 / LED쿨러 / 용도: 게임용,"16GB, M.2 512G + HDD 4TB",3580000.0
362,다나와표준PC 게임용 250813,9600X / RX 9060 XT / (AMD) B850 / OS미포함 / 700W / AMD / 라이젠 9000시리즈 / 라이젠5 / 그래니트 릿지 / DDR5 / 16GB / M.2 / 500GB / AMD / 그래픽 메모리: 8GB / 1Gbps 유선 / HDMI / DP포트 / 파워서플라이 / 미들타워 / 어항형 / LED쿨러 / 용도: 게임용,"16GB, M.2 500GB",1950000.0
363,STCOM STAI-V143 Win11Home,7500F / RTX 5060 / (AMD) A620 / 윈도우11 / 600W / AMD / 라이젠 7000시리즈 / 라이젠5 / 라파엘 / DDR5 / 32GB / M.2 / 1TB / NVIDIA / 그래픽 메모리: 8GB / 1Gbps 유선 / HDMI / DP포트 / 파워서플라이 / 미들타워 / 용도: 게임용,"32GB, M.2 1TB",2019120.0
364,다나와표준PC 게임용 250720,245K / RTX 5060 / (인텔) B860 / OS미포함 / 850W / 인텔 / 코어울트라 시리즈2 / 코어 울트라5 / 애로우레이크 / 인텔 AI Boost / 13TOPS / DDR5 / 16GB / M.2 / 1TB / NVIDIA / 그래픽 메모리: 8GB / 1Gbps 유선 / 파워서플라이 / 미들타워 / 수랭쿨러 / LED쿨러 / 용도: 게임용,"16GB, M.2 1TB",2600000.0
365,다나와표준PC 게임용 250710,7500F / RTX 3050 / (AMD) B650 / OS미포함 / 800W / AMD / 라이젠 7000시리즈 / 라이젠5 / 라파엘 / DDR5 / 16GB / M.2 / 500GB / NVIDIA / 그래픽 메모리: 6GB / 1Gbps 유선 / 파워서플라이 / 미들타워 / 어항형 / LED쿨러 / 용도: 게임용,"16GB, M.2 500GB",1590000.0
366,다나와표준PC 게임용 250611,7500F / RTX 3050 / (AMD) B650 / OS미포함 / 800W / AMD / 라이젠 7000시리즈 / 라이젠5 / 라파엘 / DDR5 / 16GB / M.2 / 500GB / NVIDIA / 그래픽 메모리: 6GB / 1Gbps 유선 / 파워서플라이 / 미들타워 / 어항형 / LED쿨러 / 용도: 게임용,"16GB, M.2 500GB",1570000.0
367,다나와표준PC DPG 게임용 250524,7800X3D / RTX 5070 / (AMD) X870E / OS미포함 / 850W / AMD / 라이젠 7000시리즈 / 라이젠7 / 라파엘 / DDR5 / 16GB / M.2 / 1TB / NVIDIA / 그래픽 메모리: 12GB / 1Gbps 유선 / 파워서플라이 / 미들타워 / 어항형 / 수랭쿨러 / LED쿨러 / 용도: 게임용,"16GB, M.2 1TB",3850000.0
368,다나와표준PC DPG 게임용 250522,7600 / RTX 5070 / (AMD) B850 / OS미포함 / 750W / AMD / 라이젠 7000시리즈 / 라이젠5 / 라파엘 / DDR5 / 16GB / M.2 / 1TB / NVIDIA / 그래픽 메모리: 12GB / 1Gbps 유선 / 파워서플라이 / 미들타워 / 수랭쿨러 / LED쿨러 / 용도: 게임용,"16GB, M.2 1TB",3249990.0
369,다나와표준PC DPG 게임용 250424,7800X3D / RTX 5070 / (AMD) B650 / OS미포함 / 850W / AMD / 라이젠 7000시리즈 / 라이젠7 / 라파엘 / DDR5 / 16GB / M.2 / 1TB / NVIDIA / 그래픽 메모리: 12GB / 1Gbps 유선 / 파워서플라이 / 미들타워 / 어항형 / 수랭쿨러 / LED쿨러 / 용도: 게임용,"16GB, M.2 1TB",3497120.0
370,STCOM STAI-V57,i5-14400F / GTX 1660 SUPER / (인텔) B760 / OS미포함 / 600W / 인텔 / 코어 14세대 / 코어i5 / 랩터레이크-R / DDR5 / 16GB / M.2 / 512GB / NVIDIA / 1Gbps 유선 / 파워서플라이 / 미들타워 / 용도: 게임용,"16GB, M.2 512GB",1237980.0
371,STCOM STAI-V45,7800X3D / RX 7800 XT / (AMD) B650 / OS미포함 / 700W / AMD / 라이젠 7000시리즈 / 라이젠7 / 라파엘 / DDR5 / 32GB / M.2 / 1TB / AMD / 1Gbps 유선 / 파워서플라이 / 미들타워 / 용도: 게임용,"32GB, M.2 1TB",2726580.0
372,피씨스토어 감성 어항 PC 5600 RTX5060Ti 240,5600 / RTX 5060 Ti / (AMD) A520 / OS미포함 / 700W / AMD / 라이젠 5000시리즈 / 라이젠5 / 버미어 / DDR4 / 16GB / M.2 / 500GB / NVIDIA / 그래픽 메모리: 8GB / 1Gbps 유선 / HDMI / DP포트 / 파워서플라이 / 미들타워 / 어항형 / LED쿨러 / 용도: 게임용,"16GB, M.2 500GB",1615520.0
373,STCOM STAI-V7 Win11,5600 / RX 7600 / (AMD) A520 / 윈도우11 / 600W / AMD / 라이젠 5000시리즈 / 라이젠5 / 버미어 / DDR4 / 16GB / M.2 / 512GB / AMD / 1Gbps 유선 / 파워서플라이 / 미들타워 / 용도: 게임용,"16GB, M.2 512GB",1316940.0
374,영웅컴퓨터 울트라게이밍 P006 i9-14900KF RTX5080,i9-14900KF / RTX 5080 / (인텔) B760 / OS미포함 / 900W / 인텔 / 코어 14세대 / 코어i9 / 랩터레이크-R / DDR5 / 32GB / M.2 / 1TB / NVIDIA / 그래픽 메모리: 16GB / 1Gbps 유선 / HDMI / DP포트 / 파워서플라이 / 미들타워 / 어항형 / LED쿨러 / 용도: 게임용,"32GB, M.2 1TB",4449610.0
375,영웅컴퓨터 영웅 게이밍SE 001 i5-12400F RTX5050,i5-12400F / RTX 5050 / (인텔) H610 / OS미포함 / 600W / 인텔 / 코어 12세대 / 코어i5 / 엘더레이크 / DDR4 / 16GB / M.2 / 512GB / NVIDIA / 그래픽 메모리: 8GB / 1Gbps 유선 / HDMI / DP포트 / 파워서플라이 / 미들타워 / 어항형 / 용도: 게임용,"16GB, M.2 512GB",1159620.0
376,다나와표준PC 게임용 250519,9800X3D / RTX 5070 / (AMD) B850 / OS미포함 / 850W / AMD / 라이젠 9000시리즈 / 라이젠7 / 그래니트 릿지 / DDR5 / 16GB / M.2 / 1TB / NVIDIA / 그래픽 메모리: 12GB / 1Gbps 유선 / 파워서플라이 / 미들타워 / 어항형 / 수랭쿨러 / LED쿨러 / 용도: 게임용,"16GB, M.2 1TB",3700000.0
377,영웅컴퓨터 영웅 울트라게이밍 플러스 003,9600X / RTX 5070 / (AMD) B650 / OS미포함 / 800W / AMD / 라이젠 9000시리즈 / 라이젠5 / 그래니트 릿지 / DDR5 / 32GB / M.2 / 1TB / NVIDIA / 그래픽 메모리: 12GB / 1Gbps 유선 / HDMI / DP포트 / 파워서플라이 / 미들타워 / 어항형 / 수랭쿨러 / LED쿨러 / 용도: 게임용,"32GB, M.2 1TB",2759640.0
378,포유컴퓨터 퍼포먼스PC 56 i5 14400F RTX5070,i5-14400F / RTX 5070 / (인텔) B760 / OS미포함 / 800W / 인텔 / 코어 14세대 / 코어i5 / 랩터레이크-R / DDR5 / 16GB / M.2 / 500GB / NVIDIA / 1Gbps 유선 / HDMI / DP포트 / 파워서플라이 / 미들타워 / 용도: 게임용,"16GB, M.2 500GB",2229120.0
379,다나와표준PC 게임용 250920,265KF / RTX 5060 / (인텔) B860 / OS미포함 / 850W / 인텔 / 코어울트라 시리즈2 / 코어 울트라7 / 애로우레이크 / 인텔 AI Boost / 13TOPS / DDR5 / 16GB / M.2 / 1TB / NVIDIA / 그래픽 메모리: 8GB / 1Gbps 유선 / HDMI / DP포트 / 파워서플라이 / 미들타워 / 수랭쿨러 / LED쿨러 / 용도: 게임용,"16GB, M.2 1TB",2700000.0
380,다나와표준PC 게임용 250918,7800X3D / RX 9060 XT / (AMD) B850 / OS미포함 / 750W / AMD / 라이젠 7000시리즈 / 라이젠7 / 라파엘 / DDR5 / 16GB / M.2 / 1TB / AMD / 그래픽 메모리: 16GB / 1Gbps 유선 / HDMI / DP포트 / 파워서플라이 / 빅타워 / 어항형 / LED쿨러 / 용도: 게임용,"16GB, M.2 1TB",2800000.0
381,다나와표준PC DPG 게임용 250422,7600 / RTX 5070 / (AMD) A620 / OS미포함 / 850W / AMD / 라이젠 7000시리즈 / 라이젠5 / 라파엘 / DDR5 / 16GB / M.2 / 1TB / NVIDIA / 그래픽 메모리: 12GB / 1Gbps 유선 / 파워서플라이 / 미들타워 / LED쿨러 / 용도: 게임용,"16GB, M.2 1TB",2949990.0
382,STCOM STAI-V176,7500F / RX 9060 XT / (AMD) A620 / OS미포함 / 600W / AMD / 라이젠 7000시리즈 / 라이젠5 / 라파엘 / DDR5 / 32GB / M.2 / 1TB / AMD / 그래픽 메모리: 16GB / 1Gbps 유선 / HDMI / DP포트 / 파워서플라이 / 미들타워 / 용도: 게임용,"32GB, M.2 1TB",1969300.0
383,STCOM STAI-V160,9600X / RX 9060 XT / (AMD) A620 / OS미포함 / 700W / AMD / 라이젠 9000시리즈 / 라이젠5 / 그래니트 릿지 / DDR5 / 32GB / M.2 / 1TB / AMD / 그래픽 메모리: 8GB / 1Gbps 유선 / HDMI / DP포트 / 파워서플라이 / 미들타워 / 용도: 게임용,"32GB, M.2 1TB",2014420.0
384,제이씨현 제플PC 게이밍 익스프레션 G31,225F / RX 7600 / (인텔) H810 / OS미포함 / 600W / 인텔 / 코어울트라 시리즈2 / 코어 울트라5 / 애로우레이크 / DDR5 / 16GB / M.2 / 1TB / AMD / 1Gbps 유선 / HDMI / DP포트 / 파워서플라이 / 미들타워 / LED쿨러 / 용도: 게임용,"16GB, M.2 1TB",1390000.0
385,STCOM STAI-V187,5600 / RX 9060 / (AMD) A520 / OS미포함 / 600W / AMD / 라이젠 5000시리즈 / 라이젠5 / 버미어 / DDR4 / 16GB / M.2 / 512GB / AMD / 그래픽 메모리: 8GB / 1Gbps 유선 / 파워서플라이 / 미들타워 / 용도: 게임용,"16GB, M.2 512GB",1123300.0
386,STCOM STAI-V156,5600 / RX 9060 XT / (AMD) A520 / OS미포함 / 600W / AMD / 라이젠 5000시리즈 / 라이젠5 / 버미어 / DDR4 / 32GB / M.2 / 1TB / AMD / 그래픽 메모리: 8GB / 1Gbps 유선 / HDMI / DP포트 / 파워서플라이 / 미들타워 / 용도: 게임용,"32GB, M.2 1TB",1536900.0
387,영웅컴퓨터 영웅 H게이밍 4656T I5-14600KF RTX5060Ti,i5-14600KF / RTX 5060 Ti / (인텔) B760 / OS미포함 / 750W / 인텔 / 코어 14세대 / 코어i5 / 랩터레이크-R / DDR5 / 32GB / M.2 / 1TB / NVIDIA / 그래픽 메모리: 8GB / 1Gbps 유선 / HDMI / DP포트 / 파워서플라이 / 미들타워 / 어항형 / LED쿨러 / 용도: 게임용,"32GB, M.2 1TB",2229630.0
388,STCOM STAI-V71,i5-14400F / RX 7600 / (인텔) H610 / OS미포함 / 600W / 인텔 / 코어 14세대 / 코어i5 / 랩터레이크-R / DDR4 / 16GB / M.2 / 512GB / AMD / 1Gbps 유선 / 파워서플라이 / 미들타워 / 용도: 게임용,"16GB, M.2 512GB",1205080.0
389,다나와표준PC 게임용 250811,7500F / RTX 5060 Ti / (AMD) B850 / OS미포함 / 800W / AMD / 라이젠 7000시리즈 / 라이젠5 / 라파엘 / DDR5 / 16GB / M.2 / 500GB / NVIDIA / 그래픽 메모리: 16GB / 1Gbps 유선 / HDMI / DP포트 / 파워서플라이 / 미들타워 / LED쿨러 / 용도: 게임용,"16GB, M.2 500GB",2360000.0
390,STCOM STAI-V158,7500F / RX 9060 XT / (AMD) A620 / OS미포함 / 600W / AMD / 라이젠 7000시리즈 / 라이젠5 / 라파엘 / DDR5 / 32GB / M.2 / 1TB / AMD / 그래픽 메모리: 8GB / 1Gbps 유선 / HDMI / DP포트 / 파워서플라이 / 미들타워 / 용도: 게임용,"32GB, M.2 1TB",1899740.0
391,STCOM STAI-V234,7500F / RTX 5060 / (AMD) A620 / OS미포함 / 600W / AMD / 라이젠 7000시리즈 / 라이젠5 / 라파엘 / DDR5 / 32GB / M.2 / 2TB / NVIDIA / 그래픽 메모리: 8GB / 1Gbps 유선 / HDMI / DP포트 / 파워서플라이 / 미들타워 / 용도: 게임용,"32GB, M.2 2TB",1934750.0
392,다나와표준PC 게임용 260117,7800X3D / RTX 5060 / (AMD) B850 / OS미포함 / 800W / AMD / 라이젠 7000시리즈 / 라이젠7 / 라파엘 / DDR5 / 16GB / M.2 / 1TB / NVIDIA / 그래픽 메모리: 8GB / 1Gbps 유선 / HDMI / DP포트 / 파워서플라이 / 미들타워 / 어항형 / LED쿨러 / 용도: 게임용,"16GB, M.2 1TB",3099520.0
393,STCOM STAI-V193,i5-14400F / RX 9060 / (인텔) H610 / OS미포함 / 600W / 인텔 / 코어 14세대 / 코어i5 / 랩터레이크-R / DDR4 / 16GB / M.2 / 512GB / AMD / 그래픽 메모리: 8GB / 1Gbps 유선 / 파워서플라이 / 미들타워 / 용도: 게임용,"16GB, M.2 512GB",1177600.0
394,다나와표준PC 게임용 230818,7800X3D / RTX 4060 Ti / (AMD) A620 / OS미포함 / 800W / AMD / 라이젠 7000시리즈 / 라이젠7 / 라파엘 / DDR5 / 16GB / M.2 / 1TB / NVIDIA / 그래픽 메모리: 8GB / 1Gbps 유선 / HDMI / DP포트 / 파워서플라이 / 미들타워 / 용도: 게임용,"16GB, M.2 1TB",1956000.0
395,다나와표준PC DPG 게임용 250222,7600 / RTX 4060 / (AMD) B650 / OS미포함 / 850W / AMD / 라이젠 7000시리즈 / 라이젠5 / 라파엘 / DDR5 / 16GB / M.2 / 1TB / NVIDIA / 그래픽 메모리: 8GB / 1Gbps 유선 / HDMI / DP포트 / 파워서플라이 / 미들타워 / LED쿨러 / 용도: 게임용,"16GB, M.2 1TB",2701260.0
396,타무즈 게이밍 TZ310N3GCAA,i5-14400F / RTX 5060 Ti / (인텔) B760 / OS미포함 / 700W / 인텔 / 코어 14세대 / 코어i5 / 랩터레이크-R / DDR5 / 16GB / M.2 / 512GB / NVIDIA / 1Gbps 유선 / HDMI / DP포트 / USB3.x 5Gbps / 파워서플라이 / 미들타워 / 용도: 게임용,"16GB, M.2 512GB",1623310.0
397,영웅컴퓨터 영웅 울트라게이밍 플러스 004 R7 9700X RTX5070,9700X / RTX 5070 / (AMD) B650 / OS미포함 / 800W / AMD / 라이젠 9000시리즈 / 라이젠7 / 그래니트 릿지 / DDR5 / 32GB / M.2 / 1TB / NVIDIA / 그래픽 메모리: 12GB / 1Gbps 유선 / HDMI / DP포트 / 파워서플라이 / 미들타워 / 어항형 / 수랭쿨러 / LED쿨러 / 용도: 게임용,"32GB, M.2 1TB",2879610.0
398,STCOM STAI-V119 Win11Home,9800X3D / RTX 5070 / (AMD) B650 / 윈도우11 / 850W / AMD / 라이젠 9000시리즈 / 라이젠7 / 그래니트 릿지 / DDR5 / 32GB / M.2 / 1TB / NVIDIA / 1Gbps 유선 / HDMI / DP포트 / 파워서플라이 / 미들타워 / 용도: 게임용,"32GB, M.2 1TB",3415960.0
399,STCOM STAI-V106,7500F / RTX 5060 Ti / (AMD) A620 / OS미포함 / 700W / AMD / 라이젠 7000시리즈 / 라이젠5 / 라파엘 / DDR5 / 16GB / M.2 / 512GB / NVIDIA / 1Gbps 유선 / HDMI / DP포트 / 파워서플라이 / 미들타워 / 용도: 게임용,"16GB, M.2 512GB",1517990.0
400,다나와표준PC 전문가용 251126,9950X / RTX 5070 Ti / (AMD) X870E / OS미포함 / 1000W / AMD / 라이젠 9000시리즈 / 라이젠9 / 그래니트 릿지 / DDR5 / 16GB / HDD:2TB / M.2 / 1TB / NVIDIA / 그래픽 메모리: 16GB / 1Gbps 유선 / HDMI / DP포트 / 파워서플라이 / 미들타워 / 어항형 / 수랭쿨러 / LED쿨러 / 용도: 게임용,"16GB, M.2 1TB + HDD 2TB",5399990.0
401,STCOM STAI-V175,5600 / RX 9060 XT / (AMD) A520 / OS미포함 / 600W / AMD / 라이젠 5000시리즈 / 라이젠5 / 버미어 / DDR4 / 32GB / M.2 / 1TB / AMD / 그래픽 메모리: 16GB / 1Gbps 유선 / HDMI / DP포트 / 파워서플라이 / 미들타워 / 용도: 게임용,"32GB, M.2 1TB",1607400.0
402,다나와표준PC DPG 게임용 250622,7500F / RTX 5060 / (AMD) B650 / OS미포함 / 750W / AMD / 라이젠 7000시리즈 / 라이젠5 / 라파엘 / DDR5 / 16GB / M.2 / 1TB / NVIDIA / 그래픽 메모리: 8GB / 1Gbps 유선 / 파워서플라이 / 미들타워 / 수랭쿨러 / LED쿨러 / 용도: 게임용,"16GB, M.2 1TB",2052000.0
403,다나와표준PC 게임용 250612,i3-14100F / RTX 3050 / (인텔) H610 / OS미포함 / 750W / 인텔 / 코어 14세대 / 코어i3 / 랩터레이크-R / DDR5 / 16GB / M.2 / 500GB / NVIDIA / 그래픽 메모리: 6GB / 1Gbps 유선 / 파워서플라이 / 미들타워 / 어항형 / LED쿨러 / 용도: 게임용,"16GB, M.2 500GB",1390000.0
404,영웅컴퓨터 영웅 게이밍울트라 7556T R5 7500F RTX5060Ti,7500F / RTX 5060 Ti / (AMD) A620 / OS미포함 / 750W / AMD / 라이젠 7000시리즈 / 라이젠5 / 라파엘 / DDR5 / 32GB / M.2 / 1TB / NVIDIA / 그래픽 메모리: 8GB / 1Gbps 유선 / HDMI / DP포트 / 파워서플라이 / 미들타워 / 어항형 / LED쿨러 / 용도: 게임용,"32GB, M.2 1TB",1947050.0
405,다나와표준PC 게임용 250520,265F / RTX 5070 / (인텔) B860 / OS미포함 / 850W / 인텔 / 코어울트라 시리즈2 / 코어 울트라7 / 애로우레이크 / 인텔 AI Boost / 13TOPS / DDR5 / 16GB / M.2 / 1TB / NVIDIA / 그래픽 메모리: 12GB / 1Gbps 유선 / 파워서플라이 / 미들타워 / 수랭쿨러 / LED쿨러 / 용도: 게임용,"16GB, M.2 1TB",2740000.0
406,영웅컴퓨터 영웅 게이밍울트라 7557X 7500X3D RTX5070,7500X3D / RTX 5070 / (AMD) A620 / OS미포함 / 750W / AMD / 라이젠 7000시리즈 / 라이젠5 / 라파엘 / DDR5 / 32GB / M.2 / 1TB / NVIDIA / 그래픽 메모리: 12GB / 1Gbps 유선 / HDMI / DP포트 / USB3.x 5Gbps / 파워서플라이 / 미들타워 / 어항형 / LED쿨러 / 용도: 게임용,"32GB, M.2 1TB",2696030.0
407,다나와표준PC DPG 게임용 251223,9800X3D / RTX 5060 Ti / (AMD) B850 / OS미포함 / 850W / AMD / 라이젠 9000시리즈 / 라이젠7 / 그래니트 릿지 / DDR5 / 16GB / M.2 / 1TB / NVIDIA / 그래픽 메모리: 16GB / 1Gbps 유선 / HDMI / DP포트 / 파워서플라이 / 미들타워 / 수랭쿨러 / LED쿨러 / 용도: 게임용,"16GB, M.2 1TB",3600000.0
408,다나와표준PC 전문가용 251125,9800X3D / RTX 5070 Ti / (AMD) X870E / OS미포함 / 850W / AMD / 라이젠 9000시리즈 / 라이젠7 / 그래니트 릿지 / DDR5 / 16GB / M.2 / 1TB / NVIDIA / 그래픽 메모리: 16GB / 1Gbps 유선 / HDMI / DP포트 / 파워서플라이 / 미들타워 / 어항형 / 수랭쿨러 / LED쿨러 / 용도: 게임용,"16GB, M.2 1TB",5345990.0
409,다나와표준PC 게임용 250815,9600X / RX 9060 XT / (AMD) B850 / OS미포함 / 850W / AMD / 라이젠 9000시리즈 / 라이젠5 / 그래니트 릿지 / DDR5 / 16GB / M.2 / 512GB / AMD / 그래픽 메모리: 16GB / 1Gbps 유선 / HDMI / DP포트 / 파워서플라이 / 미들타워 / 어항형 / LED쿨러 / 용도: 게임용,"16GB, M.2 512GB",2250000.0
410,다나와표준PC DPG 게임용 250722,9800X3D / RTX 5070 / (AMD) X870E / OS미포함 / 850W / AMD / 라이젠 9000시리즈 / 라이젠7 / 그래니트 릿지 / DDR5 / 16GB / M.2 / 1TB / NVIDIA / 그래픽 메모리: 12GB / 1Gbps 유선 / 파워서플라이 / 미들타워 / 어항형 / 수랭쿨러 / LED쿨러 / 용도: 게임용,"16GB, M.2 1TB",3550000.0
411,다나와표준PC 게임용 250709,7500F / RX 6600 / (AMD) B650 / OS미포함 / 700W / AMD / 라이젠 7000시리즈 / 라이젠5 / 라파엘 / DDR5 / 16GB / SSD / 240GB / AMD / 그래픽 메모리: 8GB / 1Gbps 유선 / 파워서플라이 / 미들타워 / LED쿨러 / 용도: 게임용,"16GB, SSD 240GB",1939000.0
412,다나와표준PC 전문가용 250628,9800X3D / RX 7900 XTX / (AMD) X870E / OS미포함 / 1000W / AMD / 라이젠 9000시리즈 / 라이젠7 / 그래니트 릿지 / DDR5 / 16GB / HDD:4TB / M.2 / 1TB / AMD / 그래픽 메모리: 24GB / 1Gbps 유선 / 파워서플라이 / 빅타워 / 어항형 / 수랭쿨러 / LED쿨러 / 용도: 게임용,"16GB, M.2 1TB + HDD 4TB",4600000.0
413,다나와표준PC 게임용 250511,7500F / RTX 3050 / (AMD) B650 / OS미포함 / 800W / AMD / 라이젠 7000시리즈 / 라이젠5 / 라파엘 / DDR5 / 16GB / M.2 / 500GB / NVIDIA / 그래픽 메모리: 6GB / 1Gbps 유선 / 파워서플라이 / 미들타워 / 어항형 / LED쿨러 / 용도: 게임용,"16GB, M.2 500GB",1510000.0
414,다나와표준PC DPG 게임용 250421,i5-14600KF / RX 7600 / (인텔) B760 / OS미포함 / 850W / 인텔 / 코어 14세대 / 코어i5 / 랩터레이크-R / DDR5 / 16GB / M.2 / 1TB / AMD / 그래픽 메모리: 8GB / 1Gbps 유선 / 파워서플라이 / 미들타워 / LED쿨러 / 용도: 게임용,"16GB, M.2 1TB",1800000.0
415,다나와표준PC 게임용 250411,7500F / RTX 3050 / (AMD) B650 / OS미포함 / 800W / AMD / 라이젠 7000시리즈 / 라이젠5 / 라파엘 / DDR5 / 16GB / M.2 / 500GB / NVIDIA / 그래픽 메모리: 6GB / 1Gbps 유선 / 파워서플라이 / 미들타워 / 어항형 / LED쿨러 / 용도: 게임용,"16GB, M.2 500GB",1522800.0
416,영웅컴퓨터 영웅 울트라게이밍 T7265 265KF RTX5080,265KF / RTX 5080 / (인텔) B860 / OS미포함 / 900W / 인텔 / 코어울트라 시리즈2 / 코어 울트라7 / 애로우레이크 / 인텔 AI Boost / 13TOPS / DDR5 / 32GB / M.2 / 1TB / NVIDIA / 그래픽 메모리: 16GB / 1Gbps 유선 / HDMI / DP포트 / 파워서플라이 / 미들타워 / 어항형 / 수랭쿨러 / LED쿨러 / 용도: 게임용,"32GB, M.2 1TB",4339800.0
417,영웅컴퓨터 영웅 H게이밍 U7266,265KF / RTX 5060 Ti / (인텔) B860 / OS미포함 / 750W / 인텔 / 코어울트라 시리즈2 / 코어 울트라7 / 애로우레이크 / 인텔 AI Boost / 13TOPS / DDR5 / 32GB / M.2 / 1TB / NVIDIA / 그래픽 메모리: 8GB / 1Gbps 유선 / HDMI / DP포트 / 파워서플라이 / 미들타워 / 어항형 / 용도: 게임용,"32GB, M.2 1TB",2309670.0
418,영웅컴퓨터 영웅 H게이밍 2570F 225F RTX5070,225F / RTX 5070 / (인텔) H810 / OS미포함 / 750W / 인텔 / 코어울트라 시리즈2 / 코어 울트라5 / 애로우레이크 / 인텔 AI Boost / 13TOPS / DDR5 / 32GB / M.2 / 1TB / NVIDIA / 그래픽 메모리: 12GB / 1Gbps 유선 / HDMI / DP포트 / 파워서플라이 / 미들타워 / 어항형 / LED쿨러 / 용도: 게임용,"32GB, M.2 1TB",2586200.0
419,STCOM STAI-V153,i5-14400F / RX 9060 XT / (인텔) H610 / OS미포함 / 600W / 인텔 / 코어 14세대 / 코어i5 / 랩터레이크-R / DDR4 / 16GB / M.2 / 512GB / AMD / 그래픽 메모리: 8GB / 1Gbps 유선 / HDMI / DP포트 / 파워서플라이 / 미들타워 / 용도: 게임용,"16GB, M.2 512GB",1284040.0
420,영웅컴퓨터 영웅 울트라게이밍 006 i9-14900KF RTX5070Ti,i9-14900KF / RTX 5070 Ti / (인텔) B760 / OS미포함 / 800W / 인텔 / 코어 14세대 / 코어i9 / 랩터레이크-R / DDR5 / 32GB / M.2 / 1TB / NVIDIA / 그래픽 메모리: 16GB / 1Gbps 유선 / HDMI / DP포트 / 파워서플라이 / 미들타워 / 어항형 / 수랭쿨러 / LED쿨러 / 용도: 게임용,"32GB, M.2 1TB",3809640.0
421,STCOM STAI-V145,i5-12400F / RTX 5060 / (인텔) H610 / OS미포함 / 600W / 인텔 / 코어 12세대 / 코어i5 / 엘더레이크 / DDR4 / 16GB / M.2 / 512GB / NVIDIA / 그래픽 메모리: 8GB / 1Gbps 유선 / HDMI / DP포트 / 파워서플라이 / 미들타워 / 용도: 게임용,"16GB, M.2 512GB",1242910.0
422,STCOM STAI-V155,5600 / RX 9060 XT / (AMD) A520 / OS미포함 / 600W / AMD / 라이젠 5000시리즈 / 라이젠5 / 버미어 / DDR4 / 16GB / M.2 / 512GB / AMD / 그래픽 메모리: 8GB / 1Gbps 유선 / HDMI / DP포트 / 파워서플라이 / 미들타워 / 용도: 게임용,"16GB, M.2 512GB",1181580.0
423,영웅컴퓨터 영웅 울트라게이밍 플러스 P001,i7-14700KF / RTX 5070 / (인텔) B760 / OS미포함 / 800W / 인텔 / 코어 14세대 / 코어i7 / 랩터레이크-R / DDR5 / 32GB / M.2 / 1TB / NVIDIA / 그래픽 메모리: 12GB / 1Gbps 유선 / HDMI / DP포트 / 파워서플라이 / 미들타워 / 어항형 / LED쿨러 / 용도: 게임용,"32GB, M.2 1TB",2935680.0
424,STCOM STAI-V235,9600X / RTX 5060 / (AMD) A620 / OS미포함 / 600W / AMD / 라이젠 9000시리즈 / 라이젠5 / 그래니트 릿지 / DDR5 / 32GB / M.2 / 2TB / NVIDIA / 그래픽 메모리: 8GB / 1Gbps 유선 / HDMI / DP포트 / 파워서플라이 / 미들타워 / 용도: 게임용,"32GB, M.2 2TB",2028590.0
425,STCOM STAI-V190,9600X / RX 9060 / (AMD) A620 / OS미포함 / 600W / AMD / 라이젠 9000시리즈 / 라이젠5 / 그래니트 릿지 / DDR5 / 32GB / M.2 / 1TB / AMD / 그래픽 메모리: 8GB / 1Gbps 유선 / 파워서플라이 / 미들타워 / 용도: 게임용,"32GB, M.2 1TB",1917600.0
426,다나와표준PC ULTIMAKE ULT-IU285K-5070,285K / RTX 5070 / (인텔) Z890 / OS미포함 / 1000W / 인텔 / 코어울트라 시리즈2 / 코어 울트라9 / 애로우레이크 / 인텔 AI Boost / 13TOPS / DDR5 / 64GB / M.2 / 1TB / NVIDIA / 그래픽 메모리: 12GB / 1Gbps 유선 / HDMI / DP포트 / 파워서플라이 / 미들타워 / 수랭쿨러 / LED쿨러 / 용도: 게임용,"64GB, M.2 1TB",6948050.0
427,영웅컴퓨터 울트라게이밍 P004,i7-14700KF / RTX 5080 / (인텔) B760 / OS미포함 / 900W / 인텔 / 코어 14세대 / 코어i7 / 랩터레이크-R / DDR5 / 32GB / M.2 / 1TB / NVIDIA / 그래픽 메모리: 16GB / 1Gbps 유선 / HDMI / DP포트 / 파워서플라이 / 미들타워 / 어항형 / LED쿨러 / 용도: 게임용,"32GB, M.2 1TB",4339640.0
428,STCOM STAI-V201,7500F / RTX 5050 / (AMD) A620 / OS미포함 / 600W / AMD / 라이젠 7000시리즈 / 라이젠5 / 라파엘 / DDR5 / 16GB / M.2 / 512GB / NVIDIA / 그래픽 메모리: 8GB / 파워서플라이 / 용도: 게임용,"16GB, M.2 512GB",1402480.0
429,영웅컴퓨터 영웅 H게이밍 U5247,245KF / RTX 5070 / (인텔) B860 / OS미포함 / 750W / 인텔 / 코어울트라 시리즈2 / 코어 울트라5 / 애로우레이크 / 인텔 AI Boost / 13TOPS / DDR5 / 32GB / M.2 / 1TB / NVIDIA / 그래픽 메모리: 12GB / 1Gbps 유선 / HDMI / DP포트 / 파워서플라이 / 미들타워 / 어항형 / LED쿨러 / 용도: 게임용,"32GB, M.2 1TB",2669680.0
430,STCOM STAI-V194,i5-14400F / RX 9060 / (인텔) H610 / OS미포함 / 600W / 인텔 / 코어 14세대 / 코어i5 / 랩터레이크-R / DDR4 / 32GB / M.2 / 1TB / AMD / 그래픽 메모리: 8GB / 1Gbps 유선 / 파워서플라이 / 미들타워 / 용도: 게임용,"32GB, M.2 1TB",1558520.0
431,STCOM STAI-V189,9600X / RX 9060 / (AMD) A620 / OS미포함 / 600W / AMD / 라이젠 9000시리즈 / 라이젠5 / 그래니트 릿지 / DDR5 / 16GB / M.2 / 512GB / AMD / 그래픽 메모리: 8GB / 1Gbps 유선 / 파워서플라이 / 미들타워 / 용도: 게임용,"16GB, M.2 512GB",1465460.0
432,STCOM STAI-V149,i5-14400F / RTX 5060 / (인텔) H610 / OS미포함 / 600W / 인텔 / 코어 14세대 / 코어i5 / 랩터레이크-R / DDR4 / 16GB / M.2 / 512GB / NVIDIA / 그래픽 메모리: 8GB / 1Gbps 유선 / HDMI / DP포트 / 파워서플라이 / 미들타워 / 용도: 게임용,"16GB, M.2 512GB",1311910.0
433,STCOM STAI-V148,i5-14400F / RTX 5060 / (인텔) B760 / OS미포함 / 600W / 인텔 / 코어 14세대 / 코어i5 / 랩터레이크-R / DDR5 / 32GB / M.2 / 1TB / NVIDIA / 그래픽 메모리: 8GB / 1Gbps 유선 / HDMI / DP포트 / 파워서플라이 / 미들타워 / 용도: 게임용,"32GB, M.2 1TB",1865750.0
434,STCOM STAI-V146,i5-12400F / RTX 5060 / (인텔) H610 / OS미포함 / 600W / 인텔 / 코어 12세대 / 코어i5 / 엘더레이크 / DDR4 / 32GB / M.2 / 1TB / NVIDIA / 그래픽 메모리: 8GB / 1Gbps 유선 / HDMI / DP포트 / 파워서플라이 / 미들타워 / 용도: 게임용,"32GB, M.2 1TB",1569510.0
435,STCOM STAI-V142,i5-12400F / RTX 5060 / (인텔) B760 / OS미포함 / 600W / 인텔 / 코어 12세대 / 코어i5 / 엘더레이크 / DDR5 / 32GB / M.2 / 1TB / NVIDIA / 그래픽 메모리: 8GB / 1Gbps 유선 / HDMI / DP포트 / 파워서플라이 / 미들타워 / 용도: 게임용,"32GB, M.2 1TB",1793990.0
436,STCOM STAI-V159,9600X / RX 9060 XT / (AMD) A620 / OS미포함 / 700W / AMD / 라이젠 9000시리즈 / 라이젠5 / 그래니트 릿지 / DDR5 / 16GB / M.2 / 512GB / AMD / 그래픽 메모리: 8GB / 1Gbps 유선 / HDMI / DP포트 / 파워서플라이 / 미들타워 / 용도: 게임용,"16GB, M.2 512GB",1561340.0
437,STCOM STAI-V152,i5-12400F / RX 9060 XT / (인텔) H610 / OS미포함 / 600W / 인텔 / 코어 12세대 / 코어i5 / 엘더레이크 / DDR4 / 32GB / M.2 / 1TB / AMD / 그래픽 메모리: 8GB / 1Gbps 유선 / HDMI / DP포트 / 파워서플라이 / 미들타워 / 용도: 게임용,"32GB, M.2 1TB",1547240.0
438,영웅컴퓨터 영웅 H게이밍 4757 i7-14700F RTX5070,i7-14700F / RTX 5070 / (인텔) B760 / OS미포함 / 700W / 인텔 / 코어 14세대 / 코어i7 / 랩터레이크-R / DDR5 / 32GB / M.2 / 1TB / NVIDIA / 그래픽 메모리: 12GB / 1Gbps 유선 / HDMI / DP포트 / 파워서플라이 / 미들타워 / 어항형 / LED쿨러 / 용도: 게임용,"32GB, M.2 1TB",2865510.0
439,STCOM STAI-V61,i5-14400F / RX 7600 / (인텔) B760 / OS미포함 / 600W / 인텔 / 코어 14세대 / 코어i5 / 랩터레이크-R / DDR5 / 16GB / M.2 / 512GB / AMD / 1Gbps 유선 / 파워서플라이 / 미들타워 / 용도: 게임용,"16GB, M.2 512GB",1382740.0
440,다나와표준PC 전문가용 250426,9800X3D / RX 7600 / (AMD) B850 / OS미포함 / 1050W / AMD / 라이젠 9000시리즈 / 라이젠7 / 그래니트 릿지 / DDR5 / 16GB / HDD:2TB / M.2 / 1TB / AMD / 그래픽 메모리: 8GB / 1Gbps 유선 / 파워서플라이 / 미들타워 / 수랭쿨러 / 용도: 게임용,"16GB, M.2 1TB + HDD 2TB",3090000.0
441,다나와표준PC 게임용 250418,7800X3D / RTX 4060 / (AMD) B650 / OS미포함 / 750W / AMD / 라이젠 7000시리즈 / 라이젠7 / 라파엘 / DDR5 / 16GB / M.2 / 1TB / NVIDIA / 그래픽 메모리: 8GB / 1Gbps 유선 / 파워서플라이 / 미들타워 / 어항형 / LED쿨러 / 용도: 게임용,"16GB, M.2 1TB",2853040.0
442,영웅컴퓨터 영웅 H게이밍 4460F I5-14400F RTX5060,i5-14400F / RTX 5060 / (인텔) H610 / OS미포함 / 600W / 인텔 / 코어 14세대 / 코어i5 / 랩터레이크-R / DDR5 / 16GB / M.2 / 500GB / NVIDIA / 그래픽 메모리: 8GB / 1Gbps 유선 / HDMI / DP포트 / 파워서플라이 / 미들타워 / 용도: 게임용,"16GB, M.2 500GB",1425970.0
443,타무즈 게이밍PC TZ30ES6FBAA,7500F / RTX 5060 / (AMD) B650 / OS미포함 / 600W / AMD / 라이젠 7000시리즈 / 라이젠5 / 라파엘 / DDR5 / 16GB / M.2 / 1TB / NVIDIA / 그래픽 메모리: 8GB / 1Gbps 유선 / HDMI / DP포트 / USB3.x 5Gbps / 파워서플라이 / 미들타워 / 용도: 게임용,"16GB, M.2 1TB",1513210.0
444,다나와표준PC DPG 게임용 251123,i7-14700KF / RTX 5060 Ti / (인텔) Z790 / OS미포함 / 850W / 인텔 / 코어 14세대 / 코어i7 / 랩터레이크-R / DDR5 / 16GB / M.2 / 1TB / NVIDIA / 그래픽 메모리: 16GB / 1Gbps 유선 / HDMI / DP포트 / 파워서플라이 / 미들타워 / 수랭쿨러 / 용도: 게임용,"16GB, M.2 1TB",3590720.0
445,다나와표준PC 게임용 250415,7600 / RTX 4060 / (AMD) B650 / OS미포함 / 850W / AMD / 라이젠 7000시리즈 / 라이젠5 / 라파엘 / DDR5 / 16GB / M.2 / 512GB / NVIDIA / 그래픽 메모리: 8GB / 1Gbps 유선 / 파워서플라이 / 미들타워 / 어항형 / LED쿨러 / 용도: 게임용,"16GB, M.2 512GB",2362680.0
446,타무즈 게이밍 TZ310N1FBAA,i5-14400F / RTX 5060 / (인텔) H610 / OS미포함 / 600W / 인텔 / 코어 14세대 / 코어i5 / 랩터레이크-R / DDR4 / 16GB / M.2 / 512GB / NVIDIA / 1Gbps 유선 / HDMI / DP포트 / USB3.x 5Gbps / 파워서플라이 / 미들타워 / 용도: 게임용,"16GB, M.2 512GB",1344070.0
447,STCOM STAI-V227 Win11Home,7500F / RTX 5060 Ti / (AMD) A620 / 윈도우11 / 700W / AMD / 라이젠 7000시리즈 / 라이젠5 / 라파엘 / DDR5 / 32GB / M.2 / 2TB / NVIDIA / 그래픽 메모리: 8GB / 1Gbps 유선 / HDMI / DP포트 / 파워서플라이 / 미들타워 / 용도: 게임용,"32GB, M.2 2TB",2271980.0
448,다나와표준PC 전문가용 251127,285K / RTX 5080 / (인텔) Z890 / OS미포함 / 1000W / 인텔 / 코어울트라 시리즈2 / 코어 울트라9 / 애로우레이크 / 인텔 AI Boost / 13TOPS / DDR5 / 32GB / HDD:4TB / M.2 / 1TB / NVIDIA / 그래픽 메모리: 16GB / 1Gbps 유선 / HDMI / DP포트 / 파워서플라이 / 미들타워 / 어항형 / 수랭쿨러 / LED쿨러 / 용도: 게임용,"32GB, M.2 1TB + HDD 4TB",6400000.0
449,STCOM STAI-V186 Win11Home,7500F / RX 9060 / (AMD) A620 / 윈도우11 / 600W / AMD / 라이젠 7000시리즈 / 라이젠5 / 라파엘 / DDR5 / 16GB / M.2 / 512GB / AMD / 그래픽 메모리: 8GB / 1Gbps 유선 / 파워서플라이 / 미들타워 / 용도: 게임용,"16GB, M.2 512GB",1553820.0
450,STCOM STAI-V2 Win11,5600 / GTX 1660 SUPER / (AMD) A520 / 윈도우11 / 600W / AMD / 라이젠 5000시리즈 / 라이젠5 / 버미어 / DDR4 / 16GB / M.2 / 512GB / NVIDIA / 1Gbps 유선 / 파워서플라이 / 미들타워 / 용도: 게임용,"16GB, M.2 512GB",1174060.0
451,STCOM STAI-V218,250K Plus / RTX 5060 Ti / (인텔) B860 / OS미포함 / 700W / 인텔 / 코어울트라 시리즈2 / 코어 울트라5 / 애로우레이크 / 인텔 AI Boost / 13TOPS / DDR5 / 32GB / M.2 / 1TB / NVIDIA / 그래픽 메모리: 8GB / 1Gbps 유선 / 파워서플라이 / 용도: 게임용,"32GB, M.2 1TB",2211670.0
452,STCOM STAI-V107,7500F / RTX 5060 Ti / (AMD) A620 / OS미포함 / 700W / AMD / 라이젠 7000시리즈 / 라이젠5 / 라파엘 / DDR5 / 32GB / M.2 / 1TB / NVIDIA / 1Gbps 유선 / HDMI / DP포트 / 파워서플라이 / 미들타워 / 용도: 게임용,"32GB, M.2 1TB",1929230.0
453,STCOM STAI-V221,225F / RTX 5060 / (인텔) H810 / OS미포함 / 700W / 인텔 / 코어울트라 시리즈2 / 코어 울트라5 / 애로우레이크 / 인텔 AI Boost / 13TOPS / DDR5 / 16GB / M.2 / 512GB / NVIDIA / 그래픽 메모리: 8GB / 1Gbps 유선 / 파워서플라이 / 용도: 게임용,"16GB, M.2 512GB",1422310.0
454,영웅컴퓨터 영웅컴퓨터 H게이밍 U5257 250KF RTX5070,250KF Plus / RTX 5070 / (인텔) B860 / OS미포함 / 750W / 인텔 / 코어울트라 시리즈2 / 코어 울트라5 / 애로우레이크 / 인텔 AI Boost / 13TOPS / DDR5 / 32GB / M.2 / 1TB / NVIDIA / 그래픽 메모리: 12GB / 1Gbps 유선 / HDMI / DP포트 / 파워서플라이 / 미들타워 / 어항형 / LED쿨러 / 용도: 게임용,"32GB, M.2 1TB",2744430.0
455,STCOM STAI-V143,7500F / RTX 5060 / (AMD) A620 / OS미포함 / 600W / AMD / 라이젠 7000시리즈 / 라이젠5 / 라파엘 / DDR5 / 32GB / M.2 / 1TB / NVIDIA / 그래픽 메모리: 8GB / 1Gbps 유선 / HDMI / DP포트 / 파워서플라이 / 미들타워 / 용도: 게임용,"32GB, M.2 1TB",1796750.0
456,영웅컴퓨터 영웅 울트라게이밍 U5245,245KF / RTX 5070 Ti / (인텔) B860 / OS미포함 / 800W / 인텔 / 코어울트라 시리즈2 / 코어 울트라5 / 애로우레이크 / 인텔 AI Boost / 13TOPS / DDR5 / 32GB / M.2 / 1TB / NVIDIA / 그래픽 메모리: 16GB / 1Gbps 유선 / HDMI / DP포트 / 파워서플라이 / 미들타워 / 어항형 / 수랭쿨러 / LED쿨러 / 용도: 게임용,"32GB, M.2 1TB",3529670.0
457,STCOM STAI-V226,5600 / RTX 5060 Ti / (AMD) A520 / OS미포함 / 700W / AMD / 라이젠 5000시리즈 / 라이젠5 / 버미어 / 인텔 AI Boost / 13TOPS / DDR4 / 32GB / M.2 / 2TB / NVIDIA / 그래픽 메모리: 8GB / 1Gbps 유선 / HDMI / DP포트 / 파워서플라이 / 미들타워 / 용도: 게임용,"32GB, M.2 2TB",1790310.0
458,STCOM STAI-V223,225F / RTX 5060 Ti / (인텔) H810 / OS미포함 / 700W / 인텔 / 코어울트라 시리즈2 / 코어 울트라5 / 애로우레이크 / 인텔 AI Boost / 13TOPS / DDR5 / 16GB / M.2 / 512GB / NVIDIA / 그래픽 메모리: 8GB / 1Gbps 유선 / 파워서플라이 / 용도: 게임용,"16GB, M.2 512GB",1527190.0
459,STCOM STAI-V216,250KF Plus / RTX 5060 / (인텔) B860 / OS미포함 / 700W / 인텔 / 코어울트라 시리즈2 / 코어 울트라5 / 애로우레이크 / 인텔 AI Boost / 13TOPS / DDR5 / 32GB / M.2 / 1TB / NVIDIA / 그래픽 메모리: 8GB / 1Gbps 유선 / HDMI / DP포트 / 파워서플라이 / 용도: 게임용,"32GB, M.2 1TB",2105870.0
460,STCOM STAI-V196,i5-12400F / RTX 5050 / (인텔) H610 / OS미포함 / 600W / 인텔 / 코어 12세대 / 코어i5 / 엘더레이크 / DDR4 / 32GB / M.2 / 1TB / NVIDIA / 그래픽 메모리: 8GB / 파워서플라이 / 용도: 게임용,"32GB, M.2 1TB",1575440.0
461,STCOM STAI-V191,i5-12400F / RX 9060 / (인텔) H610 / OS미포함 / 600W / 인텔 / 코어 12세대 / 코어i5 / 엘더레이크 / DDR4 / 16GB / M.2 / 512GB / AMD / 그래픽 메모리: 8GB / 1Gbps 유선 / 파워서플라이 / 미들타워 / 용도: 게임용,"16GB, M.2 512GB",1128000.0
462,STCOM STAI-V151,i5-12400F / RX 9060 XT / (인텔) H610 / OS미포함 / 600W / 인텔 / 코어 12세대 / 코어i5 / 엘더레이크 / DDR4 / 16GB / M.2 / 512GB / AMD / 그래픽 메모리: 8GB / 1Gbps 유선 / HDMI / DP포트 / 파워서플라이 / 미들타워 / 용도: 게임용,"16GB, M.2 512GB",1190980.0
463,영웅컴퓨터 영웅 H게이밍 4561F I5 14400F RTX5060Ti,i5-14400F / RTX 5060 Ti / (인텔) H610 / OS미포함 / 600W / 인텔 / 코어 14세대 / 코어i5 / 랩터레이크-R / DDR5 / 16GB / M.2 / 500GB / NVIDIA / 그래픽 메모리: 8GB / 1Gbps 유선 / HDMI / DP포트 / 파워서플라이 / 미들타워 / 어항형 / LED쿨러 / 용도: 게임용,"16GB, M.2 500GB",1549640.0
464,영웅컴퓨터 영웅 H게이밍 4657 i5-14600KF RTX5070,i5-14600KF / RTX 5070 / (인텔) B760 / OS미포함 / 750W / 인텔 / 코어 14세대 / 코어i5 / 랩터레이크-R / DDR5 / 32GB / M.2 / 1TB / NVIDIA / 그래픽 메모리: 12GB / 1Gbps 유선 / HDMI / DP포트 / 파워서플라이 / 미들타워 / 어항형 / LED쿨러 / 용도: 게임용,"32GB, M.2 1TB",2646090.0
465,영웅컴퓨터 영웅 H게이밍 4457 i5-14400F RTX5070,i5-14400F / RTX 5070 / (인텔) B760 / OS미포함 / 700W / 인텔 / 코어 14세대 / 코어i5 / 랩터레이크-R / DDR5 / 32GB / M.2 / 1TB / NVIDIA / 그래픽 메모리: 12GB / 1Gbps 유선 / HDMI / DP포트 / 파워서플라이 / 미들타워 / 어항형 / LED쿨러 / 용도: 게임용,"32GB, M.2 1TB",2549620.0
466,영웅컴퓨터 영웅 울트라게이밍 T5245,245KF / RTX 5080 / (인텔) B860 / OS미포함 / 900W / 인텔 / 코어울트라 시리즈2 / 코어 울트라5 / 애로우레이크 / 인텔 AI Boost / 13TOPS / DDR5 / 32GB / M.2 / 1TB / NVIDIA / 그래픽 메모리: 16GB / 1Gbps 유선 / HDMI / DP포트 / 파워서플라이 / 미들타워 / 어항형 / 수랭쿨러 / LED쿨러 / 용도: 게임용,"32GB, M.2 1TB",4227690.0
467,영웅컴퓨터 영웅 H게이밍 4646K,i5-14600KF / RTX 5060 / (인텔) B760 / OS미포함 / 700W / 인텔 / 코어 14세대 / 코어i5 / 랩터레이크-R / DDR5 / 16GB / M.2 / 500GB / NVIDIA / 그래픽 메모리: 8GB / 1Gbps 유선 / HDMI / DP포트 / 파워서플라이 / 미들타워 / LED쿨러 / 용도: 게임용,"16GB, M.2 500GB",1639600.0
468,영웅컴퓨터 영웅 H게이밍 4746,i7-14700F / RTX 5060 / (인텔) B760 / OS미포함 / 700W / 인텔 / 코어 14세대 / 코어i7 / 랩터레이크-R / DDR5 / 16GB / M.2 / 500GB / NVIDIA / 그래픽 메모리: 8GB / 1Gbps 유선 / HDMI / DP포트 / 파워서플라이 / 미들타워 / LED쿨러 / 용도: 게임용,"16GB, M.2 500GB",1869630.0
469,영웅컴퓨터 영웅 울트라게이밍 004 I7-14700KF RTX5070Ti,i7-14700KF / RTX 5070 Ti / (인텔) B760 / OS미포함 / 800W / 인텔 / 코어 14세대 / 코어i7 / 랩터레이크-R / DDR5 / 32GB / M.2 / 1TB / NVIDIA / 그래픽 메모리: 16GB / 1Gbps 유선 / HDMI / DP포트 / 파워서플라이 / 미들타워 / 어항형 / LED쿨러 / 용도: 게임용,"32GB, M.2 1TB",3719590.0
470,STCOM STAI-V227,7500F / RTX 5060 Ti / (AMD) A620 / OS미포함 / 700W / AMD / 라이젠 7000시리즈 / 라이젠5 / 라파엘 / DDR5 / 32GB / M.2 / 2TB / NVIDIA / 그래픽 메모리: 8GB / 1Gbps 유선 / HDMI / DP포트 / 파워서플라이 / 미들타워 / 용도: 게임용,"32GB, M.2 2TB",2045150.0
471,STCOM STAI-V224,225F / RTX 5060 Ti / (인텔) H810 / OS미포함 / 700W / 인텔 / 코어울트라 시리즈2 / 코어 울트라5 / 애로우레이크 / 인텔 AI Boost / 13TOPS / DDR5 / 32GB / M.2 / 1TB / NVIDIA / 그래픽 메모리: 8GB / 1Gbps 유선 / 파워서플라이 / 용도: 게임용,"32GB, M.2 1TB",1938430.0
472,STCOM STAI-V222,225F / RTX 5060 / (인텔) H810 / OS미포함 / 700W / 인텔 / 코어울트라 시리즈2 / 코어 울트라5 / 애로우레이크 / 인텔 AI Boost / 13TOPS / DDR5 / 32GB / M.2 / 1TB / NVIDIA / 그래픽 메모리: 8GB / 1Gbps 유선 / 파워서플라이 / 용도: 게임용,"32GB, M.2 1TB",1833550.0
473,STCOM STAI-V217,250KF Plus / RTX 5060 Ti / (인텔) B860 / OS미포함 / 700W / 인텔 / 코어울트라 시리즈2 / 코어 울트라5 / 애로우레이크 / 인텔 AI Boost / 13TOPS / DDR5 / 16GB / M.2 / 512GB / NVIDIA / 그래픽 메모리: 8GB / 1Gbps 유선 / HDMI / DP포트 / 파워서플라이 / 용도: 게임용,"16GB, M.2 512GB",1800430.0
474,STCOM STAI-V215,250KF Plus / RTX 5060 / (인텔) B860 / OS미포함 / 700W / 인텔 / 코어울트라 시리즈2 / 코어 울트라5 / 애로우레이크 / 인텔 AI Boost / 13TOPS / DDR5 / 16GB / M.2 / 512GB / NVIDIA / 그래픽 메모리: 8GB / 1Gbps 유선 / HDMI / DP포트 / 파워서플라이 / 용도: 게임용,"16GB, M.2 512GB",1694630.0
475,STCOM STAI-V209,250KF Plus / RTX 5060 / (인텔) B860 / OS미포함 / 700W / 인텔 / 코어울트라 시리즈2 / 코어 울트라5 / 애로우레이크 / DDR5 / 16GB / M.2 / 512GB / NVIDIA / 그래픽 메모리: 8GB / 파워서플라이 / 용도: 게임용,"16GB, M.2 512GB",1684510.0
476,STCOM STAI-V206,245KF / RTX 5060 Ti / (인텔) H810 / OS미포함 / 700W / 인텔 / 코어울트라 시리즈2 / 코어 울트라5 / 애로우레이크 / DDR5 / 32GB / M.2 / 1TB / NVIDIA / 그래픽 메모리: 8GB / 파워서플라이 / 용도: 게임용,"32GB, M.2 1TB",2023990.0
477,STCOM STAI-V203,245KF / RTX 5060 / (인텔) H810 / OS미포함 / 600W / 인텔 / 코어울트라 시리즈2 / 코어 울트라5 / 애로우레이크 / DDR5 / 16GB / M.2 / 512GB / NVIDIA / 그래픽 메모리: 8GB / 파워서플라이 / 용도: 게임용,"16GB, M.2 512GB",1507870.0
478,STCOM STAI-V198,i5-14400F / RTX 5050 / (인텔) H610 / OS미포함 / 600W / 인텔 / 코어 14세대 / 코어i5 / 랩터레이크-R / DDR4 / 32GB / M.2 / 1TB / NVIDIA / 그래픽 메모리: 8GB / 파워서플라이 / 용도: 게임용,"32GB, M.2 1TB",1637480.0
479,STCOM STAI-V197,i5-14400F / RTX 5050 / (인텔) H610 / OS미포함 / 600W / 인텔 / 코어 14세대 / 코어i5 / 랩터레이크-R / DDR4 / 16GB / M.2 / 512GB / NVIDIA / 그래픽 메모리: 8GB / 파워서플라이 / 용도: 게임용,"16GB, M.2 512GB",1283100.0
480,영웅컴퓨터 영웅 게이밍울트라 7550X 7500X3D RTX5050,7500X3D / RTX 5050 / (AMD) A620 / OS미포함 / 750W / AMD / 라이젠 7000시리즈 / 라이젠5 / 라파엘 / DDR5 / 32GB / M.2 / 1TB / NVIDIA / 그래픽 메모리: 8GB / 1Gbps 유선 / HDMI / DP포트 / USB3.x 5Gbps / 파워서플라이 / 미들타워 / 어항형 / LED쿨러 / 용도: 게임용,"32GB, M.2 1TB",1879630.0
481,다나와표준PC 게임용 251210,7500F / RX 6600 / (AMD) B650 / OS미포함 / 800W / AMD / 라이젠 7000시리즈 / 라이젠5 / 라파엘 / DDR5 / 16GB / M.2 / 1TB / AMD / 그래픽 메모리: 8GB / 1Gbps 유선 / HDMI / DP포트 / 파워서플라이 / 미들타워 / 어항형 / LED쿨러 / 용도: 게임용,"16GB, M.2 1TB",1550000.0
482,다나와표준PC 게임용 251009,7500F / RX 6600 / (AMD) B650 / OS미포함 / 700W / AMD / 라이젠 7000시리즈 / 라이젠5 / 라파엘 / DDR5 / 16GB / M.2 / 512GB / AMD / 그래픽 메모리: 8GB / 1Gbps 유선 / 802.11ax(Wi-Fi 6) 무선 / 블루투스 / HDMI / DP포트 / 파워서플라이 / 미들타워 / 어항형 / LED쿨러 / 용도: 게임용,"16GB, M.2 512GB",1699000.0
483,다나와표준PC 온라인강의용 250907,i5-14400 / RTX 5050 / (인텔) B760 / OS미포함 / 700W / 인텔 / 코어 14세대 / 코어i5 / 랩터레이크-R / DDR5 / 16GB / M.2 / 500GB / NVIDIA / 그래픽 메모리: 8GB / 1Gbps 유선 / HDMI / DP포트 / 파워서플라이 / 미들타워 / LED쿨러 / 용도: 게임용,"16GB, M.2 500GB",1950000.0
484,다나와표준PC 게임용 250718,9600X / RX 9060 XT / (AMD) B850 / OS미포함 / 850W / AMD / 라이젠 9000시리즈 / 라이젠5 / 그래니트 릿지 / DDR5 / 16GB / M.2 / 1TB / AMD / 그래픽 메모리: 16GB / 1Gbps 유선 / 파워서플라이 / 빅타워 / 어항형 / LED쿨러 / 용도: 게임용,"16GB, M.2 1TB",2169000.0
485,STCOM STAI-V150,i5-14400F / RTX 5060 / (인텔) H610 / OS미포함 / 600W / 인텔 / 코어 14세대 / 코어i5 / 랩터레이크-R / DDR4 / 32GB / M.2 / 1TB / NVIDIA / 그래픽 메모리: 8GB / 1Gbps 유선 / HDMI / DP포트 / 파워서플라이 / 미들타워 / 용도: 게임용,"32GB, M.2 1TB",1676020.0
486,STCOM STAI-V157,7500F / RX 9060 XT / (AMD) A620 / OS미포함 / 600W / AMD / 라이젠 7000시리즈 / 라이젠5 / 라파엘 / DDR5 / 16GB / M.2 / 512GB / AMD / 그래픽 메모리: 8GB / 1Gbps 유선 / HDMI / DP포트 / 파워서플라이 / 미들타워 / 용도: 게임용,"16GB, M.2 512GB",1446660.0
487,STCOM STAI-V154,i5-14400F / RX 9060 XT / (인텔) H610 / OS미포함 / 600W / 인텔 / 코어 14세대 / 코어i5 / 랩터레이크-R / DDR4 / 32GB / M.2 / 1TB / AMD / 그래픽 메모리: 8GB / 1Gbps 유선 / HDMI / DP포트 / 파워서플라이 / 미들타워 / 용도: 게임용,"32GB, M.2 1TB",1639360.0
488,다나와표준PC 게임용 250613,7600 / RX 7600 / (AMD) B650 / OS미포함 / 800W / AMD / 라이젠 7000시리즈 / 라이젠5 / 라파엘 / DDR5 / 16GB / M.2 / 500GB / AMD / 그래픽 메모리: 8GB / 1Gbps 유선 / 파워서플라이 / 미들타워 / 어항형 / LED쿨러 / 용도: 게임용,"16GB, M.2 500GB",2133580.0
489,STCOM STAI-V96,i5-12400F / RTX 5060 Ti / (인텔) H610 / OS미포함 / 700W / 인텔 / 코어 12세대 / 코어i5 / 엘더레이크 / DDR4 / 16GB / M.2 / 512GB / NVIDIA / 1Gbps 유선 / HDMI / DP포트 / 파워서플라이 / 미들타워 / 용도: 게임용,"16GB, M.2 512GB",1353310.0
490,다나와표준PC 게임용 250215,7600 / RTX 4060 / (AMD) B650 / OS미포함 / 800W / AMD / 라이젠 7000시리즈 / 라이젠5 / 라파엘 / DDR5 / 16GB / M.2 / 500GB / NVIDIA / 그래픽 메모리: 8GB / 1Gbps 유선 / HDMI / DP포트 / 파워서플라이 / 미들타워 / LED쿨러 / 용도: 게임용,"16GB, M.2 500GB",2410040.0
491,영웅컴퓨터 울트라게이밍 P002,i5-14600KF / RTX 5080 / (인텔) B760 / OS미포함 / 900W / 인텔 / 코어 14세대 / 코어i5 / 랩터레이크-R / DDR5 / 32GB / M.2 / 1TB / NVIDIA / 그래픽 메모리: 16GB / 1Gbps 유선 / HDMI / DP포트 / 파워서플라이 / 미들타워 / 어항형 / LED쿨러 / 용도: 게임용,"32GB, M.2 1TB",4163960.0
492,STCOM STAI-V212,250KF Plus / RTX 5060 Ti / (인텔) B860 / OS미포함 / 700W / 인텔 / 코어울트라 시리즈2 / 코어 울트라5 / 애로우레이크 / 인텔 AI Boost / 13TOPS / DDR5 / 32GB / M.2 / 1TB / NVIDIA / 그래픽 메모리: 8GB / 파워서플라이 / 용도: 게임용,"32GB, M.2 1TB",2201550.0
493,STCOM STAI-V211,250KF Plus / RTX 5060 Ti / (인텔) B860 / OS미포함 / 700W / 인텔 / 코어울트라 시리즈2 / 코어 울트라5 / 애로우레이크 / DDR5 / 16GB / M.2 / 512GB / NVIDIA / 그래픽 메모리: 8GB / 파워서플라이 / 용도: 게임용,"16GB, M.2 512GB",1790310.0
494,STCOM STAI-V210,250KF Plus / RTX 5060 / (인텔) B860 / OS미포함 / 700W / 인텔 / 코어울트라 시리즈2 / 코어 울트라5 / 애로우레이크 / DDR5 / 32GB / M.2 / 1TB / NVIDIA / 그래픽 메모리: 8GB / 파워서플라이 / 용도: 게임용,"32GB, M.2 1TB",2095750.0
495,STCOM STAI-V205,245KF / RTX 5060 Ti / (인텔) H810 / OS미포함 / 700W / 인텔 / 코어울트라 시리즈2 / 코어 울트라5 / 애로우레이크 / DDR5 / 16GB / M.2 / 512GB / NVIDIA / 그래픽 메모리: 8GB / 파워서플라이 / 용도: 게임용,"16GB, M.2 512GB",1608150.0
496,STCOM STAI-V204,245KF / RTX 5060 / (인텔) H810 / OS미포함 / 600W / 인텔 / 코어울트라 시리즈2 / 코어 울트라5 / 애로우레이크 / DDR5 / 32GB / M.2 / 1TB / NVIDIA / 그래픽 메모리: 8GB / 파워서플라이 / 용도: 게임용,"32GB, M.2 1TB",1923710.0
497,STCOM STAI-V202,7500F / RTX 5050 / (AMD) A620 / OS미포함 / 600W / AMD / 라이젠 7000시리즈 / 라이젠5 / 라파엘 / DDR5 / 32GB / M.2 / 1TB / NVIDIA / 그래픽 메모리: 8GB / 파워서플라이 / 용도: 게임용,"32GB, M.2 1TB",1822660.0
498,STCOM STAI-V200,5600 / RTX 5050 / (AMD) A520 / OS미포함 / 600W / AMD / 라이젠 5000시리즈 / 라이젠5 / 버미어 / DDR4 / 32GB / M.2 / 1TB / NVIDIA / 그래픽 메모리: 8GB / 파워서플라이 / 용도: 게임용,"32GB, M.2 1TB",1550060.0
499,STCOM STAI-V195,i5-12400F / RTX 5050 / (인텔) H610 / OS미포함 / 600W / 인텔 / 코어 12세대 / 코어i5 / 엘더레이크 / DDR4 / 16GB / M.2 / 512GB / NVIDIA / 그래픽 메모리: 8GB / 파워서플라이 / 용도: 게임용,"16GB, M.2 512GB",1220120.0
500,영웅컴퓨터 게이밍울트라 7456T R5 7400F RTX5060Ti,7400F / RTX 5060 Ti / (AMD) A620 / OS미포함 / 600W / AMD / 라이젠 7000시리즈 / 라이젠5 / 라파엘 / DDR5 / 32GB / M.2 / 1TB / NVIDIA / 그래픽 메모리: 8GB / 1Gbps 유선 / HDMI / DP포트 / 파워서플라이 / 미들타워 / LED쿨러 / 용도: 게임용,"32GB, M.2 1TB",1907160.0
501,영웅컴퓨터 영웅 H게이밍 U5246,245KF / RTX 5060 Ti / (인텔) B860 / OS미포함 / 750W / 인텔 / 코어울트라 시리즈2 / 코어 울트라5 / 애로우레이크 / 인텔 AI Boost / 13TOPS / DDR5 / 32GB / M.2 / 1TB / NVIDIA / 그래픽 메모리: 8GB / 1Gbps 유선 / HDMI / DP포트 / 파워서플라이 / 미들타워 / 어항형 / LED쿨러 / 용도: 게임용,"32GB, M.2 1TB",2166800.0
502,영웅컴퓨터 영웅 게이밍울트라 7557TX 7500X3D RTX5070Ti,7500X3D / RTX 5070 Ti / (AMD) A620 / OS미포함 / 750W / AMD / 라이젠 7000시리즈 / 라이젠5 / 라파엘 / DDR5 / 32GB / M.2 / 1TB / NVIDIA / 그래픽 메모리: 12GB / 1Gbps 유선 / HDMI / DP포트 / USB3.x 5Gbps / 파워서플라이 / 미들타워 / 어항형 / LED쿨러 / 용도: 게임용,"32GB, M.2 1TB",3409610.0
503,다나와표준PC 게임용 251220,245K / RTX 5060 / (인텔) B860 / OS미포함 / 850W / 인텔 / 코어울트라 시리즈2 / 코어 울트라5 / 애로우레이크 / 인텔 AI Boost / 13TOPS / DDR5 / 16GB / M.2 / 1TB / NVIDIA / 그래픽 메모리: 8GB / 1Gbps 유선 / HDMI / DP포트 / 파워서플라이 / 미들타워 / 수랭쿨러 / LED쿨러 / 용도: 게임용,"16GB, M.2 1TB",2590000.0
504,다나와표준PC 게임용 251216,245K / RTX 5050 / (인텔) B860 / OS미포함 / 850W / 인텔 / 코어울트라 시리즈2 / 코어 울트라5 / 애로우레이크 / 인텔 AI Boost / 13TOPS / DDR5 / 16GB / M.2 / 1TB / NVIDIA / 그래픽 메모리: 8GB / 1Gbps 유선 / HDMI / DP포트 / 파워서플라이 / 미들타워 / LED쿨러 / 용도: 게임용,"16GB, M.2 1TB",1980000.0
505,다나와표준PC 게임용 251110,7500F / RX 6600 / (AMD) B650 / OS미포함 / 850W / AMD / 라이젠 7000시리즈 / 라이젠5 / 라파엘 / DDR5 / 16GB / M.2 / 512GB / AMD / 그래픽 메모리: 8GB / 1Gbps 유선 / HDMI / DP포트 / 파워서플라이 / 미들타워 / 어항형 / LED쿨러 / 용도: 게임용,"16GB, M.2 512GB",2078110.0
506,다나와표준PC 게임용 250912,i5-14400F / RTX 5060 Ti / (인텔) B760 / OS미포함 / 850W / 인텔 / 코어 14세대 / 코어i5 / 랩터레이크-R / DDR5 / 16GB / M.2 / 500GB / NVIDIA / 그래픽 메모리: 16GB / 1Gbps 유선 / HDMI / DP포트 / 파워서플라이 / 미들타워 / 어항형 / LED쿨러 / 용도: 게임용,"16GB, M.2 500GB",2320000.0
507,다나와표준PC 온라인강의용 250906,7500F / RX 6600 / (AMD) B650 / OS미포함 / 650W / AMD / 라이젠 7000시리즈 / 라이젠5 / 라파엘 / DDR5 / 16GB / M.2 / 256GB / AMD / 그래픽 메모리: 8GB / 1Gbps 유선 / 파워서플라이 / 미들타워 / 어항형 / LED쿨러 / 용도: 게임용,"16GB, M.2 256GB",1410000.0
508,다나와표준PC 온라인강의용 250905,8600G / 760M / (AMD) B650 / OS미포함 / 700W / AMD / 라이젠 8000시리즈 / 라이젠5 / 피닉스 / DDR5 / 16GB / SSD / 240GB / AMD / 1Gbps 유선 / 파워서플라이 / 미들타워 / LED쿨러 / 용도: 게임용,"16GB, SSD 240GB",1775830.0
509,STCOM STAI-V192,i5-12400F / RX 9060 / (인텔) H610 / OS미포함 / 600W / 인텔 / 코어 12세대 / 코어i5 / 엘더레이크 / DDR4 / 32GB / M.2 / 1TB / AMD / 그래픽 메모리: 8GB / 1Gbps 유선 / 파워서플라이 / 미들타워 / 용도: 게임용,"32GB, M.2 1TB",1483320.0
510,STCOM STAI-V186,7500F / RX 9060 / (AMD) A620 / OS미포함 / 600W / AMD / 라이젠 7000시리즈 / 라이젠5 / 라파엘 / DDR5 / 16GB / M.2 / 512GB / AMD / 그래픽 메모리: 8GB / 1Gbps 유선 / 파워서플라이 / 미들타워 / 용도: 게임용,"16GB, M.2 512GB",1352660.0
511,STCOM STAI-V185,7500F / RX 9060 / (AMD) A620 / OS미포함 / 600W / AMD / 라이젠 7000시리즈 / 라이젠5 / 라파엘 / DDR5 / 32GB / M.2 / 1TB / AMD / 그래픽 메모리: 8GB / 1Gbps 유선 / 파워서플라이 / 미들타워 / 용도: 게임용,"32GB, M.2 1TB",1804800.0
512,STCOM STAI-V173,i5-12400F / RX 9060 XT / (인텔) H610 / OS미포함 / 600W / 인텔 / 코어 12세대 / 코어i5 / 엘더레이크 / DDR4 / 32GB / M.2 / 1TB / AMD / 그래픽 메모리: 16GB / 1Gbps 유선 / HDMI / DP포트 / 파워서플라이 / 미들타워 / 용도: 게임용,"32GB, M.2 1TB",1616800.0
513,다나와표준PC DPG 게임용 250821,i5-14600KF / RTX 5060 Ti / (인텔) B760 / OS미포함 / 850W / 인텔 / 코어 14세대 / 코어i5 / 랩터레이크-R / DDR5 / 16GB / M.2 / 1TB / NVIDIA / 그래픽 메모리: 16GB / 1Gbps 유선 / HDMI / DP포트 / 파워서플라이 / 미들타워 / LED쿨러 / 용도: 게임용,"16GB, M.2 1TB",2450000.0
514,다나와표준PC 온라인강의용 250806,7500F / RX 6600 / (AMD) B650 / OS미포함 / 700W / AMD / 라이젠 7000시리즈 / 라이젠5 / 라파엘 / DDR5 / 16GB / M.2 / 256GB / AMD / 그래픽 메모리: 8GB / 1Gbps 유선 / 파워서플라이 / 미들타워 / LED쿨러 / 용도: 게임용,"16GB, M.2 256GB",1669990.0
515,다나와표준PC DPG 게임용 250621,i5-14600KF / RTX 5060 Ti / (인텔) B760 / OS미포함 / 850W / 인텔 / 코어 14세대 / 코어i5 / 랩터레이크-R / DDR5 / 16GB / M.2 / 1TB / NVIDIA / 그래픽 메모리: 16GB / 1Gbps 유선 / 파워서플라이 / 빅타워 / 어항형 / LED쿨러 / 용도: 게임용,"16GB, M.2 1TB",2348000.0
516,STCOM STAI-V99,i5-14400F / RTX 5060 Ti / (인텔) B760 / OS미포함 / 700W / 인텔 / 코어 14세대 / 코어i5 / 랩터레이크-R / DDR5 / 32GB / M.2 / 1TB / NVIDIA / 1Gbps 유선 / HDMI / DP포트 / 파워서플라이 / 미들타워 / 용도: 게임용,"32GB, M.2 1TB",1975230.0
517,다나와표준PC 전문가용 250526,9800X3D / RX 7600 / (AMD) X870E / OS미포함 / 1050W / AMD / 라이젠 9000시리즈 / 라이젠7 / 그래니트 릿지 / DDR5 / 16GB / HDD:2TB / M.2 / 1TB / AMD / 그래픽 메모리: 8GB / 1Gbps 유선 / 파워서플라이 / 미들타워 / 어항형 / 수랭쿨러 / LED쿨러 / 용도: 게임용,"16GB, M.2 1TB + HDD 2TB",3590000.0
518,다나와표준PC DPG 게임용 250521,i5-14600KF / RTX 5060 Ti / (인텔) B760 / OS미포함 / 850W / 인텔 / 코어 14세대 / 코어i5 / 랩터레이크-R / DDR5 / 16GB / M.2 / 1TB / NVIDIA / 그래픽 메모리: 16GB / 1Gbps 유선 / 파워서플라이 / 미들타워 / LED쿨러 / 용도: 게임용,"16GB, M.2 1TB",2549000.0
519,다나와표준PC 게임용 250517,7800X3D / RTX 5060 Ti / (AMD) B850 / OS미포함 / 750W / AMD / 라이젠 7000시리즈 / 라이젠7 / 라파엘 / DDR5 / 16GB / M.2 / 1TB / NVIDIA / 그래픽 메모리: 16GB / 1Gbps 유선 / 파워서플라이 / 미들타워 / 어항형 / LED쿨러 / 용도: 게임용,"16GB, M.2 1TB",3378110.0
520,다나와표준PC 게임용 250514,7600 / RX 7600 / (AMD) B850 / OS미포함 / 750W / AMD / 라이젠 7000시리즈 / 라이젠5 / 라파엘 / DDR5 / 16GB / M.2 / 512GB / AMD / 그래픽 메모리: 8GB / 1Gbps 유선 / 파워서플라이 / 미들타워 / 어항형 / LED쿨러 / 용도: 게임용,"16GB, M.2 512GB",1800000.0
521,STCOM STAI-V72,i5-14400F / RX 7600 / (인텔) H610 / OS미포함 / 600W / 인텔 / 코어 14세대 / 코어i5 / 랩터레이크-R / DDR4 / 32GB / M.2 / 1TB / AMD / 1Gbps 유선 / 파워서플라이 / 미들타워 / 용도: 게임용,"32GB, M.2 1TB",1567920.0
522,STCOM STAI-V62,i5-14400F / RX 7600 / (인텔) B760 / OS미포함 / 600W / 인텔 / 코어 14세대 / 코어i5 / 랩터레이크-R / DDR5 / 32GB / M.2 / 1TB / AMD / 1Gbps 유선 / 파워서플라이 / 미들타워 / 용도: 게임용,"32GB, M.2 1TB",1844280.0
523,다나와표준PC 게임용 250214,7600 / RTX 4060 / (AMD) B650 / OS미포함 / 800W / AMD / 라이젠 7000시리즈 / 라이젠5 / 라파엘 / DDR5 / 16GB / M.2 / 500GB / NVIDIA / 그래픽 메모리: 8GB / 1Gbps 유선 / HDMI / DP포트 / 파워서플라이 / 미들타워 / LED쿨러 / 용도: 게임용,"16GB, M.2 500GB",2484260.0
524,다나와표준PC 게임용 250212,i3-14100F / RTX 3050 / (인텔) B760 / OS미포함 / 650W / 인텔 / 코어 14세대 / 코어i3 / 랩터레이크-R / DDR5 / 16GB / M.2 / 500GB / NVIDIA / 그래픽 메모리: 6GB / 1Gbps 유선 / HDMI / DP포트 / 파워서플라이 / 미들타워 / LED쿨러 / 용도: 게임용,"16GB, M.2 500GB",1914260.0
525,다나와표준PC 게임용 250211,7500F / RX 6600 / (AMD) A620 / OS미포함 / 600W / AMD / 라이젠 7000시리즈 / 라이젠5 / 라파엘 / DDR5 / 16GB / M.2 / 500GB / AMD / 그래픽 메모리: 8GB / 1Gbps 유선 / HDMI / DP포트 / 파워서플라이 / 미들타워 / LED쿨러 / 용도: 게임용,"16GB, M.2 500GB",2120000.0
526,다나와표준PC 게임용 250210,7500F / RTX 3050 / (AMD) A620 / OS미포함 / 700W / AMD / 라이젠 7000시리즈 / 라이젠5 / 라파엘 / DDR5 / 16GB / M.2 / 256GB / NVIDIA / 그래픽 메모리: 6GB / 1Gbps 유선 / HDMI / DP포트 / 파워서플라이 / 미들타워 / 어항형 / LED쿨러 / 용도: 게임용,"16GB, M.2 256GB",2010970.0
527,마이피씨샵 명품 DIY 게이밍 14400F RTX5060,i5-14400F / RTX 5060 / (인텔) H610 / OS미포함 / 600W / 인텔 / 코어 14세대 / 코어i5 / 랩터레이크-R / DDR5 / 16GB / M.2 / 500GB / NVIDIA / 그래픽 메모리: 8GB / 1Gbps 유선 / HDMI / DP포트 / 파워서플라이 / 미들타워 / 용도: 게임용,"16GB, M.2 500GB",1634480.0
528,마이피씨샵 명품 DIY 5600 GTX1650,5600 / GTX 1650 / (AMD) A520 / OS미포함 / 500W / AMD / 라이젠 5000시리즈 / 라이젠5 / 버미어 / DDR4 / 16GB / M.2 / 500GB / NVIDIA / 그래픽 메모리: 4GB / 1Gbps 유선 / HDMI / DP포트 / 파워서플라이 / 미들타워 / 용도: 게임용,"16GB, M.2 500GB",1250000.0
529,다나와표준PC DPG 게임용 251023,265KF / RTX 5060 Ti / (인텔) B860 / OS미포함 / 850W / 인텔 / 코어울트라 시리즈2 / 코어 울트라7 / 애로우레이크 / 인텔 AI Boost / 13TOPS / DDR5 / 16GB / M.2 / 1TB / NVIDIA / 그래픽 메모리: 16GB / 1Gbps 유선 / HDMI / DP포트 / 파워서플라이 / 미들타워 / 어항형 / 수랭쿨러 / LED쿨러 / 용도: 게임용,"16GB, M.2 1TB",3170000.0
530,타무즈 게이밍PC TZ300S6FAA,7500F / RTX 5060 / (AMD) B650 / OS미포함 / 600W / AMD / 라이젠 7000시리즈 / 라이젠5 / 라파엘 / DDR5 / 16GB / M.2 / 512GB / NVIDIA / 그래픽 메모리: 8GB / 1Gbps 유선 / HDMI / DP포트 / USB3.x 5Gbps / USB C타입 5Gbps / 파워서플라이 / 미들타워 / 용도: 게임용,"16GB, M.2 512GB",1497300.0
531,다나와표준PC 전문가용 250726,9900X3D / RTX 5070 Ti / (AMD) X870E / OS미포함 / 1050W / AMD / 라이젠 9000시리즈 / 라이젠9 / 그래니트 릿지 / DDR5 / 16GB / HDD:2TB / M.2 / 1TB / NVIDIA / 그래픽 메모리: 16GB / 1Gbps 유선 / 파워서플라이 / 빅타워 / 어항형 / 수랭쿨러 / LED쿨러 / 용도: 게임용,"16GB, M.2 1TB + HDD 2TB",4899000.0
532,다나와표준PC 게임용 250515,7600 / RTX 5060 Ti / (AMD) B850 / OS미포함 / 850W / AMD / 라이젠 7000시리즈 / 라이젠5 / 라파엘 / DDR5 / 16GB / M.2 / 512GB / NVIDIA / 그래픽 메모리: 16GB / 1Gbps 유선 / 파워서플라이 / 미들타워 / 어항형 / LED쿨러 / 용도: 게임용,"16GB, M.2 512GB",2150000.0
533,다나와표준PC 게임용 250220,i7-14700KF / RX 7700 XT / (인텔) B760 / OS미포함 / 750W / 인텔 / 코어 14세대 / 코어i7 / 랩터레이크-R / DDR5 / 16GB / M.2 / 1TB / AMD / 그래픽 메모리: 12GB / 1Gbps 유선 / HDMI / DP포트 / 파워서플라이 / 미들타워 / 어항형 / 수랭쿨러 / LED쿨러 / 용도: 게임용,"16GB, M.2 1TB",3088100.0
534,다나와표준PC 게임용 260120,245K / RTX 5060 / (인텔) H810 / OS미포함 / 750W / 인텔 / 코어울트라 시리즈2 / 코어 울트라5 / 애로우레이크 / 인텔 AI Boost / 13TOPS / DDR5 / 16GB / M.2 / 1TB / NVIDIA / 그래픽 메모리: 8GB / 1Gbps 유선 / HDMI / DP포트 / 파워서플라이 / 미들타워 / 수랭쿨러 / LED쿨러 / 용도: 게임용,"16GB, M.2 1TB",3156760.0
535,STCOM STAI-V140 Win11Home,7500F / RTX 5060 / (AMD) A620 / 윈도우11 / 600W / AMD / 라이젠 7000시리즈 / 라이젠5 / 라파엘 / DDR5 / 16GB / M.2 / 512GB / NVIDIA / 그래픽 메모리: 8GB / 1Gbps 유선 / HDMI / DP포트 / 파워서플라이 / 미들타워 / 용도: 게임용,"16GB, M.2 512GB",1617740.0
536,다나와표준PC 전문가용 250626,9800X3D / RX 7600 / (AMD) B850 / OS미포함 / 1050W / AMD / 라이젠 9000시리즈 / 라이젠7 / 그래니트 릿지 / DDR5 / 16GB / HDD:2TB / M.2 / 1TB / AMD / 그래픽 메모리: 8GB / 1Gbps 유선 / 파워서플라이 / 미들타워 / 어항형 / 수랭쿨러 / LED쿨러 / 용도: 게임용,"16GB, M.2 1TB + HDD 2TB",3040000.0
537,다나와표준PC DPG 게임용 250523,225F / RTX 5070 / (인텔) Z890 / OS미포함 / 850W / 인텔 / 코어울트라 시리즈2 / 코어 울트라5 / 애로우레이크 / 인텔 AI Boost / 13TOPS / DDR5 / 16GB / M.2 / 1TB / NVIDIA / 그래픽 메모리: 12GB / 1Gbps 유선 / 파워서플라이 / 미들타워 / 어항형 / LED쿨러 / 용도: 게임용,"16GB, M.2 1TB",3550000.0
538,타무즈 게이밍PC TZ300S6GCAA,7500F / RTX 5060 Ti / (AMD) B650 / OS미포함 / 700W / AMD / 라이젠 7000시리즈 / 라이젠5 / 라파엘 / DDR5 / 16GB / M.2 / 512GB / NVIDIA / 그래픽 메모리: 8GB / 1Gbps 유선 / HDMI / DP포트 / USB3.x 5Gbps / 파워서플라이 / 미들타워 / 용도: 게임용,"16GB, M.2 512GB",1614630.0
539,STCOM STAI-V145 Win11Home,i5-12400F / RTX 5060 / (인텔) H610 / 윈도우11 / 600W / 인텔 / 코어 12세대 / 코어i5 / 엘더레이크 / DDR4 / 16GB / M.2 / 512GB / NVIDIA / 그래픽 메모리: 8GB / 1Gbps 유선 / HDMI / DP포트 / 파워서플라이 / 미들타워 / 용도: 게임용,"16GB, M.2 512GB",1422320.0
540,STCOM STAI-V108 Win11Home,9600X / RTX 5060 Ti / (AMD) A620 / 윈도우11 / 700W / AMD / 라이젠 9000시리즈 / 라이젠5 / 그래니트 릿지 / DDR5 / 16GB / M.2 / 512GB / NVIDIA / 1Gbps 유선 / HDMI / DP포트 / 파워서플라이 / 미들타워 / 용도: 게임용,"16GB, M.2 512GB",1829240.0
541,STCOM STAI-V117,7800X3D / RTX 5070 / (AMD) B650 / OS미포함 / 850W / AMD / 라이젠 7000시리즈 / 라이젠7 / 라파엘 / DDR5 / 32GB / M.2 / 1TB / NVIDIA / 1Gbps 유선 / HDMI / DP포트 / 파워서플라이 / 미들타워 / 용도: 게임용,"32GB, M.2 1TB",3021160.0
542,STCOM STAI-V45 Win11Home,7800X3D / RX 7800 XT / (AMD) B650 / 윈도우11 / 700W / AMD / 라이젠 7000시리즈 / 라이젠7 / 라파엘 / DDR5 / 32GB / M.2 / 1TB / AMD / 1Gbps 유선 / 파워서플라이 / 미들타워 / 용도: 게임용,"32GB, M.2 1TB",2909970.0
543,STCOM STAI-V226 Win11Home,5600 / RTX 5060 Ti / (AMD) A520 / 윈도우11 / 700W / AMD / 라이젠 5000시리즈 / 라이젠5 / 버미어 / 인텔 AI Boost / 13TOPS / DDR4 / 32GB / M.2 / 2TB / NVIDIA / 그래픽 메모리: 8GB / 1Gbps 유선 / HDMI / DP포트 / 파워서플라이 / 미들타워 / 용도: 게임용,"32GB, M.2 2TB",2011600.0
544,마이피씨샵 25Y 게이밍 마스터 7500F RTX5060Ti,7500F / RTX 5060 Ti / (AMD) A620 / OS미포함 / 650W / AMD / 라이젠 7000시리즈 / 라이젠5 / 라파엘 / DDR5 / 16GB / M.2 / 500GB / NVIDIA / 그래픽 메모리: 8GB / 1Gbps 유선 / HDMI / DP포트 / 파워서플라이 / 미들타워 / 어항형 / LED쿨러 / 용도: 게임용,"16GB, M.2 500GB",1766060.0
545,STCOM STAI-V155 Win11Home,5600 / RX 9060 XT / (AMD) A520 / 윈도우11 / 600W / AMD / 라이젠 5000시리즈 / 라이젠5 / 버미어 / DDR4 / 16GB / M.2 / 512GB / AMD / 그래픽 메모리: 8GB / 1Gbps 유선 / HDMI / DP포트 / 파워서플라이 / 미들타워 / 용도: 게임용,"16GB, M.2 512GB",1393080.0
546,다나와표준PC 게임용 231120,i7-13700KF / RTX 4060 Ti / (인텔) B760 / OS미포함 / 700W / 인텔 / 코어 13세대 / 코어i7 / 랩터레이크 / DDR5 / 32GB / M.2 / 500GB / NVIDIA / 그래픽 메모리: 8GB / 1Gbps 유선 / 802.11ax(Wi-Fi 6) 무선 / 블루투스 / HDMI / DP포트 / 파워서플라이 / 미들타워 / 용도: 게임용,"32GB, M.2 500GB",2812190.0
547,다나와 게임용PC AMD R7-9800X3D RTX5070Ti S6106,9800X3D / RTX 5070 Ti / (AMD) B650 / OS미포함 / 800W / AMD / 라이젠 9000시리즈 / 라이젠7 / 그래니트 릿지 / DDR5 / 16GB / M.2 / 1TB / NVIDIA / 그래픽 메모리: 16GB / 2.5Gbps 유선 / HDMI / DP포트 / USB3.x 10Gbps / USB3.x 5Gbps / USB C타입 10Gbps / 파워서플라이 / 미들타워 / LED쿨러 / 용도: 게임용,"16GB, M.2 1TB",4200000.0
548,마이피씨샵 게이밍 마스터 7500F RTX5050,7500F / RTX 5050 / (AMD) A620 / OS미포함 / 600W / AMD / 라이젠 7000시리즈 / 라이젠5 / 라파엘 / DDR5 / 16GB / M.2 / 512GB / NVIDIA / 그래픽 메모리: 8GB / 1Gbps 유선 / HDMI / DP포트 / 파워서플라이 / 미들타워 / LED쿨러 / 용도: 게임용,"16GB, M.2 512GB",1534490.0
549,다나와표준PC 전문가용 250925,265K / RTX 5060 Ti / (인텔) B860 / OS미포함 / 1050W / 인텔 / 코어울트라 시리즈2 / 코어 울트라7 / 애로우레이크 / 인텔 AI Boost / 13TOPS / DDR5 / 16GB / M.2 / 1TB / NVIDIA / 그래픽 메모리: 16GB / 1Gbps 유선 / HDMI / DP포트 / 파워서플라이 / 미들타워 / 어항형 / 수랭쿨러 / LED쿨러 / 용도: 게임용,"16GB, M.2 1TB",3620150.0
550,STCOM STAI-V187 Win11Home,5600 / RX 9060 / (AMD) A520 / 윈도우11 / 600W / AMD / 라이젠 5000시리즈 / 라이젠5 / 버미어 / DDR4 / 16GB / M.2 / 512GB / AMD / 그래픽 메모리: 8GB / 1Gbps 유선 / 파워서플라이 / 미들타워 / 용도: 게임용,"16GB, M.2 512GB",1334800.0
551,마이피씨샵 게이밍 마스터 7500X3D RTX5060 Ti,7500X3D / RTX 5060 Ti / (AMD) B650 / OS미포함 / 600W / AMD / 라이젠 7000시리즈 / 라이젠5 / 라파엘 / DDR5 / 16GB / M.2 / 512GB / NVIDIA / 그래픽 메모리: 8GB / 1Gbps 유선 / HDMI / DP포트 / 파워서플라이 / 미들타워 / LED쿨러 / 용도: 게임용,"16GB, M.2 512GB",2088000.0
552,다나와표준PC 전문가용 251227,285K / RTX 5060 Ti / (인텔) Z890 / OS미포함 / 850W / 인텔 / 코어울트라 시리즈2 / 코어 울트라9 / 애로우레이크 / 인텔 AI Boost / 13TOPS / DDR5 / 32GB / HDD:2TB / M.2 / 1TB / NVIDIA / 그래픽 메모리: 16GB / 1Gbps 유선 / HDMI / DP포트 / 파워서플라이 / 미들타워 / 어항형 / 수랭쿨러 / LED쿨러 / 용도: 게임용,"32GB, M.2 1TB + HDD 2TB",4796520.0
553,다나와표준PC 전문가용 250425,265 / RTX 3050 / (인텔) B860 / OS미포함 / 850W / 인텔 / 코어울트라 시리즈2 / 코어 울트라7 / 애로우레이크 / 인텔 AI Boost / 13TOPS / DDR5 / 16GB / M.2 / 1TB / NVIDIA / 그래픽 메모리: 6GB / 1Gbps 유선 / 파워서플라이 / 미들타워 / 어항형 / 수랭쿨러 / LED쿨러 / 용도: 게임용,"16GB, M.2 1TB",2700000.0
554,다나와표준PC 전문가용 251226,9900X3D / RX 9070 / (AMD) X870E / OS미포함 / 1000W / AMD / 라이젠 9000시리즈 / 라이젠9 / 그래니트 릿지 / DDR5 / 16GB / HDD:2TB / M.2 / 1TB / AMD / 그래픽 메모리: 16GB / 1Gbps 유선 / HDMI / DP포트 / 파워서플라이 / 미들타워 / 어항형 / 수랭쿨러 / 용도: 게임용,"16GB, M.2 1TB + HDD 2TB",4300000.0
555,다나와표준PC 게임용 251018,7800X3D / RTX 5060 / (AMD) B650 / OS미포함 / 850W / AMD / 라이젠 7000시리즈 / 라이젠7 / 라파엘 / DDR5 / 16GB / M.2 / 1TB / NVIDIA / 그래픽 메모리: 8GB / 1Gbps 유선 / HDMI / DP포트 / 파워서플라이 / 빅타워 / 어항형 / LED쿨러 / 용도: 게임용,"16GB, M.2 1TB",2440000.0
556,다나와표준PC 게임용 251015,9600 / RX 9060 XT / (AMD) B850 / OS미포함 / 850W / AMD / 라이젠 9000시리즈 / 라이젠5 / 그래니트 릿지 / DDR5 / 16GB / M.2 / 500GB / AMD / 그래픽 메모리: 16GB / 1Gbps 유선 / 802.11ax(Wi-Fi 6) 무선 / 블루투스 / HDMI / DP포트 / 파워서플라이 / 미들타워 / 어항형 / LED쿨러 / 용도: 게임용,"16GB, M.2 500GB",2090000.0
557,다나와표준PC 게임용 251013,7600 / RTX 5060 / (AMD) B850 / OS미포함 / 850W / AMD / 라이젠 7000시리즈 / 라이젠5 / 라파엘 / DDR5 / 16GB / M.2 / 500GB / NVIDIA / 그래픽 메모리: 8GB / 1Gbps 유선 / 802.11ax(Wi-Fi 6) 무선 / 블루투스 / HDMI / DP포트 / 파워서플라이 / 미들타워 / LED쿨러 / 용도: 게임용,"16GB, M.2 500GB",1990000.0
558,다나와표준PC 게임용 250919,7800X3D / RTX 5060 Ti / (AMD) B850 / OS미포함 / 850W / AMD / 라이젠 7000시리즈 / 라이젠7 / 라파엘 / DDR5 / 16GB / M.2 / 1TB / NVIDIA / 그래픽 메모리: 16GB / 1Gbps 유선 / HDMI / DP포트 / 파워서플라이 / 미들타워 / 용도: 게임용,"16GB, M.2 1TB",3514420.0
559,다나와표준PC DPG 게임용 250721,i5-14600KF / RTX 5060 Ti / (인텔) B760 / OS미포함 / 1000W / 인텔 / 코어 14세대 / 코어i5 / 랩터레이크-R / DDR5 / 16GB / M.2 / 1TB / NVIDIA / 그래픽 메모리: 16GB / 1Gbps 유선 / 파워서플라이 / 미들타워 / 어항형 / LED쿨러 / 용도: 게임용,"16GB, M.2 1TB",2600000.0
560,다나와표준PC 게임용 250712,i5-12400F / RTX 3050 / (인텔) H610 / OS미포함 / 800W / 인텔 / 코어 12세대 / 코어i5 / 엘더레이크 / DDR5 / 16GB / M.2 / 500GB / NVIDIA / 그래픽 메모리: 6GB / 1Gbps 유선 / 파워서플라이 / 미들타워 / 어항형 / LED쿨러 / 용도: 게임용,"16GB, M.2 500GB",1580000.0
561,다나와표준PC 전문가용 250527,265KF / RTX 5070 / (인텔) Z890 / OS미포함 / 1050W / 인텔 / 코어울트라 시리즈2 / 코어 울트라7 / 애로우레이크 / 인텔 AI Boost / 13TOPS / DDR5 / 16GB / HDD:4TB / M.2 / 1TB / NVIDIA / 그래픽 메모리: 12GB / 1Gbps 유선 / 파워서플라이 / 빅타워 / 어항형 / 수랭쿨러 / LED쿨러 / 용도: 게임용,"16GB, M.2 1TB + HDD 4TB",3942000.0
562,다나와표준PC 게임용 250513,7600 / RTX 5060 Ti / (AMD) B650 / OS미포함 / 700W / AMD / 라이젠 7000시리즈 / 라이젠5 / 라파엘 / DDR5 / 16GB / M.2 / 512GB / NVIDIA / 그래픽 메모리: 16GB / 1Gbps 유선 / 파워서플라이 / 미들타워 / LED쿨러 / 용도: 게임용,"16GB, M.2 512GB",2691040.0
563,STCOM STAI-V44,9800X3D / RX 7700 XT / (AMD) B650 / OS미포함 / 700W / AMD / 라이젠 9000시리즈 / 라이젠7 / 그래니트 릿지 / DDR5 / 32GB / M.2 / 1TB / AMD / 1Gbps 유선 / 파워서플라이 / 미들타워 / 용도: 게임용,"32GB, M.2 1TB",2810130.0
564,STCOM STAI-V81,i5-14400F / RX 9070 XT / (인텔) B760 / OS미포함 / 800W / 인텔 / 코어 14세대 / 코어i5 / 랩터레이크-R / DDR5 / 32GB / M.2 / 1TB / AMD / 1Gbps 유선 / 파워서플라이 / 미들타워 / 용도: 게임용,"32GB, M.2 1TB",2568080.0
565,다나와표준PC 전문가용 250428,9800X3D / RTX 5070 / (AMD) X870E / OS미포함 / 1000W / AMD / 라이젠 9000시리즈 / 라이젠7 / 그래니트 릿지 / DDR5 / 16GB / HDD:4TB / M.2 / 1TB / NVIDIA / 그래픽 메모리: 12GB / 1Gbps 유선 / 파워서플라이 / 빅타워 / 어항형 / 수랭쿨러 / LED쿨러 / 용도: 게임용,"16GB, M.2 1TB + HDD 4TB",4484800.0
566,다나와표준PC 게임용 250416,i5-14400F / RTX 4060 / (인텔) B760 / OS미포함 / 750W / 인텔 / 코어 14세대 / 코어i5 / 랩터레이크-R / DDR5 / 16GB / M.2 / 500GB / NVIDIA / 그래픽 메모리: 8GB / 1Gbps 유선 / 파워서플라이 / 미들타워 / LED쿨러 / 용도: 게임용,"16GB, M.2 500GB",2260390.0
567,다나와표준PC 게임용 250413,7600 / RTX 4060 / (AMD) B650 / OS미포함 / 700W / AMD / 라이젠 7000시리즈 / 라이젠5 / 라파엘 / DDR5 / 16GB / M.2 / 512GB / NVIDIA / 그래픽 메모리: 8GB / 1Gbps 유선 / 파워서플라이 / 미들타워 / LED쿨러 / 용도: 게임용,"16GB, M.2 512GB",2340680.0
568,다나와표준PC 게임용 250409,5600 / RX 6600 / (AMD) B450 / OS미포함 / 650W / AMD / 라이젠 5000시리즈 / 라이젠5 / 버미어 / DDR4 / 16GB / SSD / 240GB / AMD / 그래픽 메모리: 8GB / 1Gbps 유선 / 파워서플라이 / 미들타워 / LED쿨러 / 용도: 게임용,"16GB, SSD 240GB",1350000.0
569,다나와표준PC DPG 게임용 250224,7800X3D / RX 7800 XT / (AMD) B850 / OS미포함 / 850W / AMD / 라이젠 7000시리즈 / 라이젠7 / 라파엘 / DDR5 / 16GB / M.2 / 2TB / AMD / 그래픽 메모리: 16GB / 5Gbps 유선 / 1Gbps 유선 / 802.11be(Wi-Fi 7) 무선 / HDMI / DP포트 / 파워서플라이 / 미들타워 / 어항형 / 수랭쿨러 / LED쿨러 / 용도: 게임용,"16GB, M.2 2TB",3789060.0
570,다나와표준PC DPG 게임용 250221,i5-14600KF / RTX 4060 / (인텔) B760 / OS미포함 / 800W / 인텔 / 코어 14세대 / 코어i5 / 랩터레이크-R / DDR5 / 16GB / M.2 / 500GB / NVIDIA / 그래픽 메모리: 8GB / 1Gbps 유선 / HDMI / DP포트 / 파워서플라이 / 미들타워 / 어항형 / LED쿨러 / 용도: 게임용,"16GB, M.2 500GB",2506700.0
571,다나와표준PC 게임용 250219,9700X / RTX 4060 / (AMD) B650 / OS미포함 / 850W / AMD / 라이젠 9000시리즈 / 라이젠7 / 그래니트 릿지 / DDR5 / 16GB / M.2 / 1TB / NVIDIA / 그래픽 메모리: 8GB / 1Gbps 유선 / HDMI / DP포트 / 파워서플라이 / 미들타워 / LED쿨러 / 용도: 게임용,"16GB, M.2 1TB",2794690.0
572,다나와표준PC 게임용 250209,5600 / RTX 3050 / (AMD) B450 / OS미포함 / 700W / AMD / 라이젠 5000시리즈 / 라이젠5 / 버미어 / DDR4 / 16GB / SSD / 240GB / NVIDIA / 그래픽 메모리: 6GB / 1Gbps 유선 / HDMI / DP포트 / 파워서플라이 / 미들타워 / 어항형 / LED쿨러 / 용도: 게임용,"16GB, SSD 240GB",1893530.0
573,타무즈 게이밍PC TZ310S6GCAA,7500F / RTX 5060 Ti / (AMD) B650 / OS미포함 / 700W / AMD / 라이젠 7000시리즈 / 라이젠5 / 라파엘 / DDR5 / 16GB / M.2 / 512GB / NVIDIA / 그래픽 메모리: 8GB / 1Gbps 유선 / HDMI / DP포트 / USB3.x 5Gbps / USB C타입 5Gbps / 파워서플라이 / 미들타워 / 용도: 게임용,"16GB, M.2 512GB",1635350.0
574,STCOM STAI-V97,i5-12400F / RTX 5060 Ti / (인텔) H610 / OS미포함 / 700W / 인텔 / 코어 12세대 / 코어i5 / 엘더레이크 / DDR4 / 32GB / M.2 / 1TB / NVIDIA / 1Gbps 유선 / HDMI / DP포트 / 파워서플라이 / 미들타워 / 용도: 게임용,"32GB, M.2 1TB",1728990.0
575,다나와표준PC 전문가용 250228,9800X3D / RX 7800 XT / (AMD) X870 / OS미포함 / 1050W / AMD / 라이젠 9000시리즈 / 라이젠7 / 그래니트 릿지 / DDR5 / 32GB / HDD:4TB / M.2 / 1TB / AMD / 그래픽 메모리: 16GB / 5Gbps 유선 / 802.11be(Wi-Fi 7) 무선 / 블루투스 / HDMI / DP포트 / 파워서플라이 / 미들타워 / 어항형 / 수랭쿨러 / LED쿨러 / 용도: 게임용,"32GB, M.2 1TB + HDD 4TB",4659450.0
576,STCOM STAI-V207,245KF / RTX 5070 / (인텔) B860 / OS미포함 / 850W / 인텔 / 코어울트라 시리즈2 / 코어 울트라5 / 애로우레이크 / DDR5 / 16GB / M.2 / 512GB / NVIDIA / 그래픽 메모리: 12GB / 파워서플라이 / 용도: 게임용,"16GB, M.2 512GB",2428960.0
577,STCOM STAI-V139 Win11Home,i5-12400F / RTX 5060 / (인텔) B760 / 윈도우11 / 600W / 인텔 / 코어 12세대 / 코어i5 / 엘더레이크 / DDR5 / 16GB / M.2 / 512GB / NVIDIA / 그래픽 메모리: 8GB / 1Gbps 유선 / HDMI / DP포트 / 파워서플라이 / 미들타워 / 용도: 게임용,"16GB, M.2 512GB",1595180.0
578,STCOM STAI-V98,i5-14400F / RTX 5060 Ti / (인텔) B760 / OS미포함 / 700W / 인텔 / 코어 14세대 / 코어i5 / 랩터레이크-R / DDR5 / 16GB / M.2 / 512GB / NVIDIA / 1Gbps 유선 / HDMI / DP포트 / 파워서플라이 / 미들타워 / 용도: 게임용,"16GB, M.2 512GB",1627990.0
579,다나와표준PC 게임용 251115,9600 / RTX 5060 Ti / (AMD) B850 / OS미포함 / 800W / AMD / 라이젠 9000시리즈 / 라이젠5 / 그래니트 릿지 / DDR5 / 16GB / M.2 / 500GB / NVIDIA / 그래픽 메모리: 16GB / 1Gbps 유선 / HDMI / DP포트 / 파워서플라이 / 미들타워 / LED쿨러 / 용도: 게임용,"16GB, M.2 500GB",3035990.0
580,STCOM STAI-V135 Win11Home,i5-14400F / RTX 5060 Ti / (인텔) H610 / 윈도우11 / 700W / 인텔 / 코어 14세대 / 코어i5 / 랩터레이크-R / DDR4 / 16GB / M.2 / 512GB / NVIDIA / 그래픽 메모리: 8GB / 1Gbps 유선 / HDMI / DP포트 / 파워서플라이 / 미들타워 / 용도: 게임용,"16GB, M.2 512GB",1641240.0
581,STCOM STAI-V118,9800X3D / RTX 5070 / (AMD) B650 / OS미포함 / 850W / AMD / 라이젠 9000시리즈 / 라이젠7 / 그래니트 릿지 / DDR5 / 16GB / M.2 / 512GB / NVIDIA / 1Gbps 유선 / HDMI / DP포트 / 파워서플라이 / 미들타워 / 용도: 게임용,"16GB, M.2 512GB",2795560.0
582,STCOM STAI-V25 Win11Home,7500F / RX 7600 / (AMD) B650 / 윈도우11 / 600W / AMD / 라이젠 7000시리즈 / 라이젠5 / 라파엘 / DDR5 / 16GB / M.2 / 512GB / AMD / 1Gbps 유선 / 파워서플라이 / 미들타워 / 용도: 게임용,"16GB, M.2 512GB",1676960.0
583,다나와표준PC 게임용 250217,7800X3D / RTX 4060 / (AMD) B650 / OS미포함 / 800W / AMD / 라이젠 7000시리즈 / 라이젠7 / 라파엘 / DDR5 / 16GB / M.2 / 500GB / NVIDIA / 그래픽 메모리: 8GB / 1Gbps 유선 / 802.11ax(Wi-Fi 6) 무선 / 블루투스 / HDMI / DP포트 / 파워서플라이 / 미들타워 / LED쿨러 / 용도: 게임용,"16GB, M.2 500GB",2956340.0
584,마이피씨샵 명품 DIY 게이밍 14400F RTX4060Ti,i5-14400F / RTX 4060 Ti / (인텔) H610 / OS미포함 / 600W / 인텔 / 코어 14세대 / 코어i5 / 랩터레이크-R / DDR5 / 16GB / M.2 / 500GB / NVIDIA / 그래픽 메모리: 8GB / 1Gbps 유선 / HDMI / DP포트 / 파워서플라이 / 미들타워 / 용도: 게임용,"16GB, M.2 500GB",1919040.0
585,MSI MPG 인피니트 Z3 9900X RTX 5080 AI 게이밍 Win11Home,9900X / RTX 5080 / (AMD) B850 / 윈도우11 / 850W / AMD / 라이젠 9000시리즈 / 라이젠9 / 그래니트 릿지 / DDR5 / 32GB / M.2 / 1TB / NVIDIA / 그래픽 메모리: 16GB / 7.1채널 / 5Gbps 유선 / 802.11ax(Wi-Fi 6E) 무선 / 블루투스 / HDMI / USB3.x 10Gbps / USB3.x 5Gbps / USB C타입 10Gbps / USB C타입 5Gbps / 파워서플라이 / 미들타워 / LED쿨러 / 4kg ~ 7kg / 용도: 게임용 / 구성변경상품,"32GB, M.2 1TB",8589000.0
586,STCOM STAI-V117 Win11Home,7800X3D / RTX 5070 / (AMD) B650 / 윈도우11 / 850W / AMD / 라이젠 7000시리즈 / 라이젠7 / 라파엘 / DDR5 / 32GB / M.2 / 1TB / NVIDIA / 1Gbps 유선 / HDMI / DP포트 / 파워서플라이 / 미들타워 / 용도: 게임용,"32GB, M.2 1TB",3232660.0
587,STCOM STAI-V23,9600X / RTX 4070 SUPER / (AMD) B650 / OS미포함 / 800W / AMD / 라이젠 9000시리즈 / 라이젠5 / 그래니트 릿지 / DDR5 / 32GB / M.2 / 1TB / NVIDIA / 1Gbps 유선 / 파워서플라이 / 미들타워 / 용도: 게임용,"32GB, M.2 1TB",2753280.0
588,마이피씨샵 게이밍 마스터 5600 RTX4060,5600 / RTX 4060 / (AMD) A520 / OS미포함 / 600W / AMD / 라이젠 5000시리즈 / 라이젠5 / 버미어 / DDR4 / 16GB / M.2 / 500GB / NVIDIA / 그래픽 메모리: 8GB / 1Gbps 유선 / HDMI / DP포트 / 파워서플라이 / 미들타워 / LED쿨러 / 용도: 게임용,"16GB, M.2 500GB",1741740.0
589,STCOM STAI-V106 Win11Home,7500F / RTX 5060 Ti / (AMD) A620 / 윈도우11 / 700W / AMD / 라이젠 7000시리즈 / 라이젠5 / 라파엘 / DDR5 / 16GB / M.2 / 512GB / NVIDIA / 1Gbps 유선 / HDMI / DP포트 / 파워서플라이 / 미들타워 / 용도: 게임용,"16GB, M.2 512GB",1733360.0
590,다나와표준PC ULTIMAKE ULT-R800X3D-4070 SUPER,7800X3D / RTX 4070 SUPER / (AMD) B650 / OS미포함 / 850W / AMD / 라이젠 7000시리즈 / 라이젠7 / 라파엘 / DDR5 / 64GB / M.2 / 500GB / NVIDIA / 그래픽 메모리: 12GB / 1Gbps 유선 / HDMI / DP포트 / 파워서플라이 / 미들타워 / 어항형 / 수랭쿨러 / 용도: 게임용,"64GB, M.2 500GB",4637590.0
591,다나와표준PC DPG 게임용 230823,i7-13700K / RTX 4070 Ti / (인텔) B760 / OS미포함 / 850W / 인텔 / 코어 13세대 / 코어i7 / 엘더레이크 / DDR5 / 32GB / M.2 / 1TB / NVIDIA / 그래픽 메모리: 12GB / 1Gbps 유선 / 802.11ax(Wi-Fi 6) 무선 / 블루투스 / HDMI / DP포트 / 파워서플라이 / 미들타워 / 용도: 게임용,"32GB, M.2 1TB",2833600.0
592,STCOM STAI-V144 Win11Home,9600X / RTX 5060 / (AMD) A620 / 윈도우11 / 600W / AMD / 라이젠 9000시리즈 / 라이젠5 / 그래니트 릿지 / DDR5 / 32GB / M.2 / 1TB / NVIDIA / 그래픽 메모리: 8GB / 1Gbps 유선 / HDMI / DP포트 / 파워서플라이 / 미들타워 / 용도: 게임용,"32GB, M.2 1TB",2070000.0
593,타무즈 게이밍PC TZ330S6FBAA,7500F / RTX 5060 / (AMD) B650 / OS미포함 / 600W / AMD / 라이젠 7000시리즈 / 라이젠5 / 라파엘 / DDR5 / 16GB / M.2 / 1TB / NVIDIA / 그래픽 메모리: 8GB / 1Gbps 유선 / HDMI / DP포트 / USB3.x 5Gbps / 파워서플라이 / 미들타워 / 어항형 / 용도: 게임용,"16GB, M.2 1TB",1579110.0
594,타무즈 게이밍PC TZ320S6FBAA,7500F / RTX 5060 / (AMD) B650 / OS미포함 / 600W / AMD / 라이젠 7000시리즈 / 라이젠5 / 라파엘 / DDR5 / 16GB / M.2 / 512GB / NVIDIA / 그래픽 메모리: 8GB / 1Gbps 유선 / HDMI / DP포트 / USB3.x 5Gbps / USB C타입 5Gbps / 파워서플라이 / 미들타워 / 용도: 게임용,"16GB, M.2 512GB",1554390.0
595,STCOM STAI-V148 Win11Home,i5-14400F / RTX 5060 / (인텔) B760 / 윈도우11 / 600W / 인텔 / 코어 14세대 / 코어i5 / 랩터레이크-R / DDR5 / 32GB / M.2 / 1TB / NVIDIA / 그래픽 메모리: 8GB / 1Gbps 유선 / HDMI / DP포트 / 파워서플라이 / 미들타워 / 용도: 게임용,"32GB, M.2 1TB",2088680.0
596,마이피씨샵 25Y 게이밍 마스터 7800X3D RTX5060,7800X3D / RTX 5060 / (AMD) A620 / OS미포함 / 600W / AMD / 라이젠 7000시리즈 / 라이젠7 / 라파엘 / DDR5 / 16GB / M.2 / 500GB / NVIDIA / 그래픽 메모리: 8GB / 1Gbps 유선 / HDMI / DP포트 / 파워서플라이 / 미들타워 / 어항형 / 수랭쿨러 / LED쿨러 / 용도: 게임용,"16GB, M.2 500GB",2449990.0
597,서린씨앤아이 서린컴퓨터 SRC0049,9850X3D / RX 9070 XT / (AMD) B850 / OS미포함 / 850W / AMD / 라이젠 9000시리즈 / 라이젠7 / 그래니트 릿지 / DDR5 / 32GB / M.2 / 1TB / AMD / 그래픽 메모리: 16GB / 1Gbps 유선 / HDMI / DP포트 / 파워서플라이 / 미들타워 / 어항형 / LED쿨러 / 용도: 게임용,"32GB, M.2 1TB",3894050.0
598,타무즈 게이밍PC TZ310S6FBAA,7500F / RTX 5060 / (AMD) B650 / OS미포함 / 600W / AMD / 라이젠 7000시리즈 / 라이젠5 / 라파엘 / DDR5 / 16GB / M.2 / 1TB / NVIDIA / 그래픽 메모리: 8GB / 1Gbps 유선 / HDMI / DP포트 / USB3.x 5Gbps / USB C타입 5Gbps / 파워서플라이 / 미들타워 / 용도: 게임용,"16GB, M.2 1TB",1608550.0
599,타무즈 게이밍 TZ310N3FBAA,i5-14400F / RTX 5060 / (인텔) B760 / OS미포함 / 600W / 인텔 / 코어 14세대 / 코어i5 / 랩터레이크-R / DDR5 / 16GB / M.2 / 512GB / NVIDIA / 1Gbps 유선 / HDMI / DP포트 / USB3.x 5Gbps / 파워서플라이 / 미들타워 / 용도: 게임용,"16GB, M.2 512GB",1543490.0
600,STCOM STAI-V146 Win11Home,i5-12400F / RTX 5060 / (인텔) H610 / 윈도우11 / 600W / 인텔 / 코어 12세대 / 코어i5 / 엘더레이크 / DDR4 / 32GB / M.2 / 1TB / NVIDIA / 그래픽 메모리: 8GB / 1Gbps 유선 / HDMI / DP포트 / 파워서플라이 / 미들타워 / 용도: 게임용,"32GB, M.2 1TB",1786940.0
601,STCOM STAI-V141 Win11Home,5600 / RTX 5060 / (AMD) A520 / 윈도우11 / 600W / AMD / 라이젠 5000시리즈 / 라이젠5 / 버미어 / DDR4 / 32GB / M.2 / 1TB / NVIDIA / 그래픽 메모리: 8GB / 1Gbps 유선 / HDMI / DP포트 / 파워서플라이 / 미들타워 / 용도: 게임용,"32GB, M.2 1TB",1754980.0
602,마이피씨샵 25Y 게이밍 마스터 9600 RTX5060,9600 / RTX 5060 / (AMD) A620 / OS미포함 / 600W / AMD / 라이젠 9000시리즈 / 라이젠5 / 그래니트 릿지 / DDR5 / 16GB / M.2 / 500GB / NVIDIA / 그래픽 메모리: 8GB / 1Gbps 유선 / HDMI / DP포트 / 파워서플라이 / 미들타워 / 어항형 / LED쿨러 / 용도: 게임용,"16GB, M.2 500GB",2006400.0
603,마이피씨샵 25Y 게이밍 마스터 225F RTX5060,225F / RTX 5060 / (인텔) H810 / OS미포함 / 700W / 인텔 / 코어울트라 시리즈2 / 코어 울트라5 / 애로우레이크 / 인텔 AI Boost / 13TOPS / DDR5 / 16GB / M.2 / 500GB / NVIDIA / 그래픽 메모리: 8GB / 1Gbps 유선 / HDMI / DP포트 / 파워서플라이 / 미들타워 / 어항형 / LED쿨러 / 용도: 게임용,"16GB, M.2 500GB",1766060.0
604,마이피씨샵 25Y 게이밍 마스터 7500F RTX5060,7500F / RTX 5060 / (AMD) A620 / OS미포함 / 600W / AMD / 라이젠 7000시리즈 / 라이젠5 / 라파엘 / DDR5 / 16GB / M.2 / 500GB / NVIDIA / 그래픽 메모리: 8GB / 1Gbps 유선 / HDMI / DP포트 / 파워서플라이 / 미들타워 / 어항형 / LED쿨러 / 용도: 게임용,"16GB, M.2 500GB",1898990.0
605,STCOM STAI-V235 Win11Home,9600X / RTX 5060 / (AMD) A620 / 윈도우11 / 600W / AMD / 라이젠 9000시리즈 / 라이젠5 / 그래니트 릿지 / DDR5 / 32GB / M.2 / 2TB / NVIDIA / 그래픽 메모리: 8GB / 1Gbps 유선 / HDMI / DP포트 / 파워서플라이 / 미들타워 / 용도: 게임용,"32GB, M.2 2TB",2256940.0
606,STCOM STAI-V234 Win11Home,7500F / RTX 5060 / (AMD) A620 / 윈도우11 / 600W / AMD / 라이젠 7000시리즈 / 라이젠5 / 라파엘 / DDR5 / 32GB / M.2 / 2TB / NVIDIA / 그래픽 메모리: 8GB / 1Gbps 유선 / HDMI / DP포트 / 파워서플라이 / 미들타워 / 용도: 게임용,"32GB, M.2 2TB",2159180.0
607,STCOM STAI-V220,250K Plus / RTX 5070 / (인텔) B860 / OS미포함 / 850W / 인텔 / 코어울트라 시리즈2 / 코어 울트라5 / 애로우레이크 / 인텔 AI Boost / 13TOPS / DDR5 / 32GB / M.2 / 1TB / NVIDIA / 그래픽 메모리: 12GB / 1Gbps 유선 / 파워서플라이 / 용도: 게임용,"32GB, M.2 1TB",2914940.0
608,STCOM STAI-V194 Win11Home,i5-14400F / RX 9060 / (인텔) H610 / 윈도우11 / 600W / 인텔 / 코어 14세대 / 코어i5 / 랩터레이크-R / DDR4 / 32GB / M.2 / 1TB / AMD / 그래픽 메모리: 8GB / 1Gbps 유선 / 파워서플라이 / 미들타워 / 용도: 게임용,"32GB, M.2 1TB",1770020.0
609,STCOM STAI-V192 Win11Home,i5-12400F / RX 9060 / (인텔) H610 / 윈도우11 / 600W / 인텔 / 코어 12세대 / 코어i5 / 엘더레이크 / DDR4 / 32GB / M.2 / 1TB / AMD / 그래픽 메모리: 8GB / 1Gbps 유선 / 파워서플라이 / 미들타워 / 용도: 게임용,"32GB, M.2 1TB",1694820.0
610,STCOM STAI-V188 Win11Home,5600 / RX 9060 / (AMD) A520 / 윈도우11 / 600W / AMD / 라이젠 5000시리즈 / 라이젠5 / 버미어 / DDR4 / 32GB / M.2 / 1TB / AMD / 그래픽 메모리: 8GB / 1Gbps 유선 / 파워서플라이 / 미들타워 / 용도: 게임용,"32GB, M.2 1TB",1690120.0
611,STCOM STAI-V177 Win11Home,9600X / RX 9060 XT / (AMD) A620 / 윈도우11 / 700W / AMD / 라이젠 9000시리즈 / 라이젠5 / 그래니트 릿지 / DDR5 / 32GB / M.2 / 1TB / AMD / 그래픽 메모리: 16GB / 1Gbps 유선 / HDMI / DP포트 / 파워서플라이 / 미들타워 / 용도: 게임용,"32GB, M.2 1TB",2286080.0
612,STCOM STAI-V152 Win11Home,i5-12400F / RX 9060 XT / (인텔) H610 / 윈도우11 / 600W / 인텔 / 코어 12세대 / 코어i5 / 엘더레이크 / DDR4 / 32GB / M.2 / 1TB / AMD / 그래픽 메모리: 8GB / 1Gbps 유선 / HDMI / DP포트 / 파워서플라이 / 미들타워 / 용도: 게임용,"32GB, M.2 1TB",1720400.0
613,STCOM STAI-V151 Win11Home,i5-12400F / RX 9060 XT / (인텔) H610 / 윈도우11 / 600W / 인텔 / 코어 12세대 / 코어i5 / 엘더레이크 / DDR4 / 16GB / M.2 / 512GB / AMD / 그래픽 메모리: 8GB / 1Gbps 유선 / HDMI / DP포트 / 파워서플라이 / 미들타워 / 용도: 게임용,"16GB, M.2 512GB",1402480.0
614,STCOM STAI-V119,9800X3D / RTX 5070 / (AMD) B650 / OS미포함 / 850W / AMD / 라이젠 9000시리즈 / 라이젠7 / 그래니트 릿지 / DDR5 / 32GB / M.2 / 1TB / NVIDIA / 1Gbps 유선 / HDMI / DP포트 / 파워서플라이 / 미들타워 / 용도: 게임용,"32GB, M.2 1TB",3205400.0
615,다나와표준PC 게임용 250412,i3-14100F / RTX 3050 / (인텔) H610 / OS미포함 / 700W / 인텔 / 코어 14세대 / 코어i3 / 랩터레이크-R / DDR5 / 16GB / M.2 / 500GB / NVIDIA / 그래픽 메모리: 6GB / 1Gbps 유선 / 파워서플라이 / 미들타워 / 어항형 / LED쿨러 / 용도: 게임용,"16GB, M.2 500GB",1360000.0
616,STCOM STAI-V46 Win11Home,9800X3D / RX 7800 XT / (AMD) B650 / 윈도우11 / 700W / AMD / 라이젠 9000시리즈 / 라이젠7 / 그래니트 릿지 / DDR5 / 32GB / M.2 / 1TB / AMD / 1Gbps 유선 / 파워서플라이 / 미들타워 / 용도: 게임용,"32GB, M.2 1TB",3142990.0
617,다나와표준PC 게임용 250216,i5-14400F / RTX 4060 / (인텔) B760 / OS미포함 / 750W / 인텔 / 코어 14세대 / 코어i5 / 랩터레이크-R / DDR5 / 16GB / M.2 / 500GB / NVIDIA / 그래픽 메모리: 8GB / 1Gbps 유선 / HDMI / DP포트 / 파워서플라이 / 미들타워 / 어항형 / LED쿨러 / 용도: 게임용,"16GB, M.2 500GB",2309900.0
618,STCOM STAI-V3 Win11,i5-12400F / GTX 1660 SUPER / (인텔) H610 / 윈도우11 / 600W / 인텔 / 코어 12세대 / 코어i5 / 엘더레이크 / DDR4 / 16GB / M.2 / 512GB / NVIDIA / 1Gbps 유선 / 파워서플라이 / 미들타워 / 용도: 게임용,"16GB, M.2 512GB",1182520.0
619,STCOM STAI-V211 Win11Home,250KF Plus / RTX 5060 Ti / (인텔) B860 / 윈도우11 / 700W / 인텔 / 코어울트라 시리즈2 / 코어 울트라5 / 애로우레이크 / 인텔 AI Boost / 13TOPS / DDR5 / 16GB / M.2 / 512GB / NVIDIA / 그래픽 메모리: 8GB / 1Gbps 유선 / HDMI / DP포트 / 파워서플라이 / 미들타워 / 용도: 게임용,"16GB, M.2 512GB",2011600.0
620,STCOM STAI-V219,250K Plus / RTX 5070 / (인텔) B860 / OS미포함 / 850W / 인텔 / 코어울트라 시리즈2 / 코어 울트라5 / 애로우레이크 / 인텔 AI Boost / 13TOPS / DDR5 / 16GB / M.2 / 512GB / NVIDIA / 그래픽 메모리: 12GB / 1Gbps 유선 / 파워서플라이 / 용도: 게임용,"16GB, M.2 512GB",2506040.0
621,STCOM STAI-V214,250KF Plus / RTX 5070 / (인텔) B860 / OS미포함 / 850W / 인텔 / 코어울트라 시리즈2 / 코어 울트라5 / 애로우레이크 / 인텔 AI Boost / 13TOPS / DDR5 / 32GB / M.2 / 1TB / NVIDIA / 그래픽 메모리: 12GB / 1Gbps 유선 / HDMI / DP포트 / 파워서플라이 / 용도: 게임용,"32GB, M.2 1TB",2903660.0
622,STCOM STAI-V213,250KF Plus / RTX 5070 / (인텔) B860 / OS미포함 / 850W / 인텔 / 코어울트라 시리즈2 / 코어 울트라5 / 애로우레이크 / 인텔 AI Boost / 13TOPS / DDR5 / 16GB / M.2 / 512GB / NVIDIA / 그래픽 메모리: 12GB / 1Gbps 유선 / HDMI / DP포트 / 파워서플라이 / 미들타워 / 용도: 게임용,"16GB, M.2 512GB",2440760.0
623,STCOM STAI-V208,245KF / RTX 5070 / (인텔) B860 / OS미포함 / 850W / 인텔 / 코어울트라 시리즈2 / 코어 울트라5 / 애로우레이크 / DDR5 / 32GB / M.2 / 1TB / NVIDIA / 그래픽 메모리: 12GB / 파워서플라이 / 용도: 게임용,"32GB, M.2 1TB",2841620.0
624,MSI MAG Codex R2 A14NVN i5 14400F RTX 5060 Ti 게이밍,i5-14400F / RTX 5060 Ti / (인텔) B760 / OS미포함 / 600W / 인텔 / 코어 14세대 / 코어i5 / 랩터레이크-R / DDR5 / 32GB / M.2 / 1TB / NVIDIA / 그래픽 메모리: 16GB / 1Gbps 유선 / HDMI / DP포트 / USB3.x 5Gbps / USB C타입 10Gbps / 파워서플라이 / 미들타워 / LED쿨러 / 용도: 게임용,"32GB, M.2 1TB",2898990.0
625,STCOM STAI-V193 Win11Home,i5-14400F / RX 9060 / (인텔) H610 / 윈도우11 / 600W / 인텔 / 코어 14세대 / 코어i5 / 랩터레이크-R / DDR4 / 16GB / M.2 / 512GB / AMD / 그래픽 메모리: 8GB / 1Gbps 유선 / 파워서플라이 / 미들타워 / 용도: 게임용,"16GB, M.2 512GB",1414700.0
626,STCOM STAI-V191 Win11Home,i5-12400F / RX 9060 / (인텔) H610 / 윈도우11 / 600W / 인텔 / 코어 12세대 / 코어i5 / 엘더레이크 / DDR4 / 16GB / M.2 / 512GB / AMD / 그래픽 메모리: 8GB / 1Gbps 유선 / 파워서플라이 / 미들타워 / 용도: 게임용,"16GB, M.2 512GB",1338560.0
627,STCOM STAI-V190 Win11Home,9600X / RX 9060 / (AMD) A620 / 윈도우11 / 600W / AMD / 라이젠 9000시리즈 / 라이젠5 / 그래니트 릿지 / DDR5 / 32GB / M.2 / 1TB / AMD / 그래픽 메모리: 8GB / 1Gbps 유선 / 파워서플라이 / 미들타워 / 용도: 게임용,"32GB, M.2 1TB",2118760.0
628,STCOM STAI-V189 Win11Home,9600X / RX 9060 / (AMD) A620 / 윈도우11 / 600W / AMD / 라이젠 9000시리즈 / 라이젠5 / 그래니트 릿지 / DDR5 / 16GB / M.2 / 512GB / AMD / 그래픽 메모리: 8GB / 1Gbps 유선 / 파워서플라이 / 미들타워 / 용도: 게임용,"16GB, M.2 512GB",1666620.0
629,STCOM STAI-V185 Win11Home,7500F / RX 9060 / (AMD) A620 / 윈도우11 / 600W / AMD / 라이젠 7000시리즈 / 라이젠5 / 라파엘 / DDR5 / 32GB / M.2 / 1TB / AMD / 그래픽 메모리: 8GB / 1Gbps 유선 / HDMI / DP포트 / 파워서플라이 / 미들타워 / 용도: 게임용,"32GB, M.2 1TB",2005960.0
630,STCOM STAI-V174 Win11Home,i5-14400F / RX 9060 XT / (인텔) H610 / 윈도우11 / 600W / 인텔 / 코어 14세대 / 코어i5 / 랩터레이크-R / DDR4 / 32GB / M.2 / 1TB / AMD / 그래픽 메모리: 16GB / 1Gbps 유선 / HDMI / DP포트 / 파워서플라이 / 미들타워 / 용도: 게임용,"32GB, M.2 1TB",1920420.0
631,STCOM STAI-V173 Win11Home,i5-12400F / RX 9060 XT / (인텔) H610 / 윈도우11 / 600W / 인텔 / 코어 12세대 / 코어i5 / 엘더레이크 / DDR4 / 32GB / M.2 / 1TB / AMD / 그래픽 메모리: 16GB / 1Gbps 유선 / HDMI / DP포트 / 파워서플라이 / 미들타워 / 용도: 게임용,"32GB, M.2 1TB",1788480.0
632,STCOM STAI-V175 Win11Home,5600 / RX 9060 XT / (AMD) A520 / 윈도우11 / 600W / AMD / 라이젠 5000시리즈 / 라이젠5 / 버미어 / DDR4 / 32GB / M.2 / 1TB / AMD / 그래픽 메모리: 16GB / 1Gbps 유선 / HDMI / DP포트 / 파워서플라이 / 미들타워 / 용도: 게임용,"32GB, M.2 1TB",1817960.0
633,STCOM STAI-V176 Win11Home,7500F / RX 9060 XT / (AMD) A620 / 윈도우11 / 600W / AMD / 라이젠 7000시리즈 / 라이젠5 / 라파엘 / DDR5 / 32GB / M.2 / 1TB / AMD / 그래픽 메모리: 16GB / 1Gbps 유선 / HDMI / DP포트 / 파워서플라이 / 미들타워 / 용도: 게임용,"32GB, M.2 1TB",2170460.0
634,STCOM STAI-V147 Win11Home,i5-14400F / RTX 5060 / (인텔) B760 / 윈도우11 / 600W / 인텔 / 코어 14세대 / 코어i5 / 랩터레이크-R / DDR5 / 16GB / M.2 / 512GB / NVIDIA / 그래픽 메모리: 8GB / 1Gbps 유선 / HDMI / DP포트 / 파워서플라이 / 미들타워 / 용도: 게임용,"16GB, M.2 512GB",1668500.0
635,STCOM STAI-V142 Win11Home,i5-12400F / RTX 5060 / (인텔) B760 / 윈도우11 / 600W / 인텔 / 코어 12세대 / 코어i5 / 엘더레이크 / DDR5 / 32GB / M.2 / 1TB / NVIDIA / 그래픽 메모리: 8GB / 1Gbps 유선 / HDMI / DP포트 / 파워서플라이 / 미들타워 / 용도: 게임용,"32GB, M.2 1TB",2015360.0
636,STCOM STAI-V137 Win11Home,9600X / RTX 5060 / (AMD) A620 / 윈도우11 / 600W / AMD / 라이젠 9000시리즈 / 라이젠5 / 그래니트 릿지 / DDR5 / 16GB / M.2 / 512GB / NVIDIA / 그래픽 메모리: 8GB / 1Gbps 유선 / HDMI / DP포트 / 파워서플라이 / 미들타워 / 용도: 게임용,"16GB, M.2 512GB",1694820.0
637,STCOM STAI-V156 Win11Home,5600 / RX 9060 XT / (AMD) A520 / 윈도우11 / 600W / AMD / 라이젠 5000시리즈 / 라이젠5 / 버미어 / DDR4 / 32GB / M.2 / 1TB / AMD / 그래픽 메모리: 8GB / 1Gbps 유선 / HDMI / DP포트 / 파워서플라이 / 미들타워 / 용도: 게임용,"32GB, M.2 1TB",1748400.0
638,STCOM STAI-V160 Win11Home,9600X / RX 9060 XT / (AMD) A620 / 윈도우11 / 700W / AMD / 라이젠 9000시리즈 / 라이젠5 / 그래니트 릿지 / DDR5 / 32GB / M.2 / 1TB / AMD / 그래픽 메모리: 8GB / 1Gbps 유선 / HDMI / DP포트 / 파워서플라이 / 미들타워 / 용도: 게임용,"32GB, M.2 1TB",2216520.0
639,STCOM STAI-V159 Win11Home,9600X / RX 9060 XT / (AMD) A620 / 윈도우11 / 700W / AMD / 라이젠 9000시리즈 / 라이젠5 / 그래니트 릿지 / DDR5 / 16GB / M.2 / 512GB / AMD / 그래픽 메모리: 8GB / 1Gbps 유선 / HDMI / DP포트 / 파워서플라이 / 미들타워 / 용도: 게임용,"16GB, M.2 512GB",1764380.0
640,STCOM STAI-V158 Win11Home,7500F / RX 9060 XT / (AMD) A620 / 윈도우11 / 600W / AMD / 라이젠 7000시리즈 / 라이젠5 / 라파엘 / DDR5 / 32GB / M.2 / 1TB / AMD / 그래픽 메모리: 8GB / 1Gbps 유선 / HDMI / DP포트 / 파워서플라이 / 미들타워 / 용도: 게임용,"32GB, M.2 1TB",2100900.0
641,STCOM STAI-V154 Win11Home,i5-14400F / RX 9060 XT / (인텔) H610 / 윈도우11 / 600W / 인텔 / 코어 14세대 / 코어i5 / 랩터레이크-R / DDR4 / 32GB / M.2 / 1TB / AMD / 그래픽 메모리: 8GB / 1Gbps 유선 / HDMI / DP포트 / 파워서플라이 / 미들타워 / 용도: 게임용,"32GB, M.2 1TB",1850860.0
642,STCOM STAI-V153 Win11Home,i5-14400F / RX 9060 XT / (인텔) H610 / 윈도우11 / 600W / 인텔 / 코어 14세대 / 코어i5 / 랩터레이크-R / DDR4 / 16GB / M.2 / 512GB / AMD / 그래픽 메모리: 8GB / 1Gbps 유선 / HDMI / DP포트 / 파워서플라이 / 미들타워 / 용도: 게임용,"16GB, M.2 512GB",1495540.0
643,마이피씨샵 25Y 게이밍 마스터 14700F RTX5060,i7-14700F / RTX 5060 / (인텔) B760 / OS미포함 / 600W / 인텔 / 코어 14세대 / 코어i7 / 랩터레이크-R / DDR5 / 16GB / M.2 / 1TB / NVIDIA / 그래픽 메모리: 8GB / 1Gbps 유선 / HDMI / DP포트 / 파워서플라이 / 미들타워 / 어항형 / 수랭쿨러 / LED쿨러 / 용도: 게임용,"16GB, M.2 1TB",3286660.0
644,마이피씨샵 25Y 게이밍 마스터 14400F RTX5060,i5-14400F / RTX 5060 / (인텔) H610 / OS미포함 / 600W / 인텔 / 코어 14세대 / 코어i5 / 랩터레이크-R / DDR4 / 16GB / M.2 / 500GB / NVIDIA / 그래픽 메모리: 8GB / 1Gbps 유선 / HDMI / DP포트 / 파워서플라이 / 미들타워 / LED쿨러 / 용도: 게임용,"16GB, M.2 500GB",1558970.0
645,다나와표준PC 게임용 250616,i5-14400F / RX 7600 / (인텔) B760 / OS미포함 / 750W / 인텔 / 코어 14세대 / 코어i5 / 랩터레이크-R / DDR5 / 16GB / M.2 / 500GB / AMD / 그래픽 메모리: 8GB / 1Gbps 유선 / 파워서플라이 / 미들타워 / 어항형 / LED쿨러 / 용도: 게임용,"16GB, M.2 500GB",1740000.0
646,STCOM STAI-V98 Win11Home,i5-14400F / RTX 5060 Ti / (인텔) B760 / 윈도우11 / 700W / 인텔 / 코어 14세대 / 코어i5 / 랩터레이크-R / DDR5 / 16GB / M.2 / 512GB / NVIDIA / 1Gbps 유선 / HDMI / DP포트 / 파워서플라이 / 미들타워 / 용도: 게임용,"16GB, M.2 512GB",1781300.0
647,STCOM STAI-V104 Win11Home,5600 / RTX 5060 Ti / (AMD) A520 / 윈도우11 / 700W / AMD / 라이젠 5000시리즈 / 라이젠5 / 버미어 / DDR4 / 16GB / M.2 / 512GB / NVIDIA / 1Gbps 유선 / HDMI / DP포트 / 파워서플라이 / 미들타워 / 용도: 게임용,"16GB, M.2 512GB",1533140.0
648,다나와표준PC 게임용 250518,7800X3D / RTX 5060 Ti / (AMD) B850 / OS미포함 / 850W / AMD / 라이젠 7000시리즈 / 라이젠7 / 라파엘 / DDR5 / 16GB / M.2 / 1TB / NVIDIA / 그래픽 메모리: 16GB / 1Gbps 유선 / 파워서플라이 / 미들타워 / 용도: 게임용,"16GB, M.2 1TB",3418240.0
649,마이피씨샵 25Y 게이밍 마스터 i7-14700F RTX5070,i7-14700F / RTX 5070 / (인텔) B760 / OS미포함 / 750W / 인텔 / 코어 14세대 / 코어i7 / 랩터레이크-R / DDR5 / 32GB / M.2 / 500GB / NVIDIA / 그래픽 메모리: 12GB / 1Gbps 유선 / HDMI / DP포트 / 파워서플라이 / 미들타워 / 어항형 / 수랭쿨러 / LED쿨러 / 용도: 게임용,"32GB, M.2 500GB",3549990.0
650,마이피씨샵 25Y 게이밍 마스터 7800X3D RTX5070Ti,7800X3D / RTX 5070 Ti / (AMD) B650 / OS미포함 / 800W / AMD / 라이젠 7000시리즈 / 라이젠7 / 라파엘 / DDR5 / 16GB / M.2 / 500GB / NVIDIA / 그래픽 메모리: 16GB / 1Gbps 유선 / HDMI / DP포트 / 파워서플라이 / 미들타워 / 어항형 / 수랭쿨러 / LED쿨러 / 용도: 게임용,"16GB, M.2 500GB",4329990.0
651,다나와표준PC 게임용 250417,7800X3D / RX 7600 / (AMD) B650 / OS미포함 / 800W / AMD / 라이젠 7000시리즈 / 라이젠7 / 라파엘 / DDR5 / 16GB / M.2 / 1TB / AMD / 그래픽 메모리: 8GB / 1Gbps 유선 / 파워서플라이 / 미들타워 / LED쿨러 / 용도: 게임용,"16GB, M.2 1TB",3023780.0
652,다나와표준PC 게임용 250414,7600 / RX 7600 / (AMD) B650 / OS미포함 / 750W / AMD / 라이젠 7000시리즈 / 라이젠5 / 라파엘 / DDR5 / 16GB / M.2 / 500GB / AMD / 그래픽 메모리: 8GB / 1Gbps 유선 / 파워서플라이 / 미들타워 / 어항형 / LED쿨러 / 용도: 게임용,"16GB, M.2 500GB",2286780.0
653,STCOM STAI-V27 Win11Home,7500F / RX 7800 XT / (AMD) B650 / 윈도우11 / 700W / AMD / 라이젠 7000시리즈 / 라이젠5 / 라파엘 / DDR5 / 32GB / M.2 / 1TB / AMD / 1Gbps 유선 / 파워서플라이 / 미들타워 / 용도: 게임용,"32GB, M.2 1TB",2556990.0
654,다나와표준PC ULTIMAKE ULT-R950X3D-4070TI SUPER,7950X3D / RTX 4070 Ti SUPER / (AMD) X670E / OS미포함 / 1050W / AMD / 라이젠 7000시리즈 / 라이젠9 / 라파엘 / DDR5 / 64GB / M.2 / 1TB / NVIDIA / 그래픽 메모리: 16GB / 1Gbps 유선 / HDMI / DP포트 / 파워서플라이 / 미들타워 / 어항형 / 수랭쿨러 / 용도: 게임용,"32GB, M.2 1TB",7432950.0
655,영웅컴퓨터 영웅 H게이밍 4450F I5 14400F RTX5050,i5-14400F / RTX 5050 / (인텔) H610 / OS미포함 / 600W / 인텔 / 코어 14세대 / 코어i5 / 랩터레이크-R / DDR4 / 16GB / M.2 / 512GB / NVIDIA / 그래픽 메모리: 8GB / 1Gbps 유선 / HDMI / DP포트 / 파워서플라이 / 미들타워 / LED쿨러 / 용도: 게임용,"16GB, M.2 512GB",1249900.0
656,제이씨현 제플PC 게이밍 익스프레션 G33,7800X3D / RX 9070 XT / (AMD) B650 / OS미포함 / 850W / AMD / 라이젠 7000시리즈 / 라이젠7 / 라파엘 / DDR5 / 32GB / M.2 / 1TB / AMD / 그래픽 메모리: 16GB / 1Gbps 유선 / HDMI / DP포트 / 파워서플라이 / 미들타워 / LED쿨러 / 용도: 게임용,"32GB, M.2 1TB",2890000.0
657,다나와표준PC DPG 게임용 240724,7800X3D / RTX 4080 SUPER / (AMD) B650 / OS미포함 / 850W / AMD / 라이젠 7000시리즈 / 라이젠7 / 라파엘 / DDR5 / 16GB / SSD / 240GB / NVIDIA / 그래픽 메모리: 16GB / 1Gbps 유선 / HDMI / DP포트 / 파워서플라이 / 미들타워 / 어항형 / 수랭쿨러 / 용도: 게임용,"16GB, SSD 240GB",5510070.0
658,STCOM STCP-AA22,9600X / RTX 5060 Ti / (AMD) A620 / OS미포함 / 700W / AMD / 라이젠 9000시리즈 / 라이젠5 / 그래니트 릿지 / DDR5 / 32GB / M.2 / 512GB / NVIDIA / 그래픽 메모리: 8GB / 1Gbps 유선 / HDMI / DP포트 / 파워서플라이 / 미들타워 / LED쿨러 / 용도: 게임용,"32GB, M.2 512GB",2041000.0
659,다나와표준PC 게임용 241009,5600 / GTX 1650 / (AMD) B550 / OS미포함 / 600W / AMD / 라이젠 5000시리즈 / 라이젠5 / 버미어 / DDR4 / 16GB / M.2 / 256GB / NVIDIA / 그래픽 메모리: 4GB / 1Gbps 유선 / HDMI / DP포트 / DVI / 파워서플라이 / 미들타워 / LED쿨러 / 용도: 게임용,"16GB, M.2 256GB",1507320.0
660,마이피씨샵 DIY 게이밍 미니PC 5600 RTX3050,5600 / RTX 3050 / (AMD) A520 / OS미포함 / 500W / AMD / 라이젠 5000시리즈 / 라이젠5 / 버미어 / DDR4 / 16GB / M.2 / 500GB / NVIDIA / 그래픽 메모리: 6GB / 1Gbps 유선 / HDMI / DP포트 / 파워서플라이 / 미들타워 / 어항형 / 용도: 게임용,"16GB, M.2 500GB",1526400.0
661,마이피씨샵 명품 DIY 게이밍 12400F RTX4060,i5-12400F / RTX 4060 / (인텔) H610 / OS미포함 / 600W / 인텔 / 코어 12세대 / 코어i5 / 엘더레이크 / DDR4 / 16GB / M.2 / 500GB / NVIDIA / 그래픽 메모리: 8GB / 1Gbps 유선 / HDMI / DP포트 / 파워서플라이 / 미들타워 / 용도: 게임용,"16GB, M.2 500GB",1736640.0
662,STCOM STAI-V178 Win11Home,7500F / RX 9070 XT / (AMD) A620 / 윈도우11 / 850W / AMD / 라이젠 7000시리즈 / 라이젠5 / 라파엘 / DDR5 / 32GB / M.2 / 1TB / AMD / 그래픽 메모리: 16GB / 1Gbps 유선 / HDMI / DP포트 / 파워서플라이 / 미들타워 / 용도: 게임용,"32GB, M.2 1TB",2652360.0
663,마이피씨샵 25Y 게이밍 마스터 White edition 7500F RTX4060,7500F / RTX 4060 / (AMD) A620 / OS미포함 / 600W / AMD / 라이젠 7000시리즈 / 라이젠5 / 라파엘 / DDR5 / 32GB / M.2 / 500GB / NVIDIA / 그래픽 메모리: 8GB / 1Gbps 유선 / HDMI / DP포트 / 파워서플라이 / 미들타워 / 어항형 / 수랭쿨러 / LED쿨러 / 용도: 게임용,"32GB, M.2 500GB",2371200.0
664,다나와표준PC 게임용 260210,7400F / RTX 5060 / (AMD) B650 / OS미포함 / 850W / AMD / 라이젠 7000시리즈 / 라이젠5 / 라파엘 / DDR5 / 16GB / M.2 / 1TB / NVIDIA / 그래픽 메모리: 8GB / 1Gbps 유선 / HDMI / DP포트 / 파워서플라이 / 미들타워 / 어항형 / LED쿨러 / 용도: 게임용,"16GB, M.2 1TB",2040000.0
665,다나와표준PC 게임용 251120,265K / RTX 5060 Ti / (인텔) B860 / OS미포함 / 850W / 인텔 / 코어울트라 시리즈2 / 코어 울트라7 / 애로우레이크 / 인텔 AI Boost / 13TOPS / DDR5 / 16GB / M.2 / 1TB / NVIDIA / 그래픽 메모리: 16GB / 1Gbps 유선 / HDMI / DP포트 / 파워서플라이 / 미들타워 / 어항형 / 수랭쿨러 / LED쿨러 / 용도: 게임용,"16GB, M.2 1TB",3432000.0
666,STCOM STCP-i8,7800X3D / RX 9070 XT / (AMD) B650E / OS미포함 / 850W / AMD / 라이젠 7000시리즈 / 라이젠7 / 라파엘 / DDR5 / 32GB / M.2 / 1TB / AMD / 그래픽 메모리: 16GB / 1Gbps 유선 / HDMI / DP포트 / 파워서플라이 / 미들타워 / 어항형 / LED쿨러 / 용도: 게임용,"32GB, M.2 1TB",2974000.0
667,마이피씨샵 25Y 게이밍 마스터 5600 RTX5060,5600 / RTX 5060 / (AMD) A520 / OS미포함 / 600W / AMD / 라이젠 5000시리즈 / 라이젠5 / 버미어 / DDR4 / 16GB / M.2 / 500GB / NVIDIA / 그래픽 메모리: 8GB / 1Gbps 유선 / HDMI / DP포트 / 파워서플라이 / 미들타워 / 어항형 / LED쿨러 / 용도: 게임용,"16GB, M.2 500GB",1682880.0
668,STCOM STAI-V116 Win11Home,7800X3D / RTX 5070 / (AMD) B650 / 윈도우11 / 850W / AMD / 라이젠 7000시리즈 / 라이젠7 / 라파엘 / DDR5 / 16GB / M.2 / 512GB / NVIDIA / 1Gbps 유선 / HDMI / DP포트 / 파워서플라이 / 미들타워 / 용도: 게임용,"16GB, M.2 512GB",2823760.0
669,STCOM STAI-V118 Win11Home,9800X3D / RTX 5070 / (AMD) B650 / 윈도우11 / 850W / AMD / 라이젠 9000시리즈 / 라이젠7 / 그래니트 릿지 / DDR5 / 16GB / M.2 / 512GB / NVIDIA / 1Gbps 유선 / HDMI / DP포트 / 파워서플라이 / 미들타워 / 용도: 게임용,"16GB, M.2 512GB",3006120.0
670,마이피씨샵 25Y 게이밍 마스터 225F RTX5070,225F / RTX 5070 / (인텔) B860 / OS미포함 / 750W / 인텔 / 코어울트라 시리즈2 / 코어 울트라5 / 애로우레이크 / 인텔 AI Boost / 13TOPS / DDR5 / 16GB / M.2 / 500GB / NVIDIA / 그래픽 메모리: 12GB / 1Gbps 유선 / HDMI / DP포트 / 파워서플라이 / 미들타워 / 어항형 / LED쿨러 / 용도: 게임용,"16GB, M.2 500GB",2639040.0
671,마이피씨샵 25Y 게이밍 마스터 7500F RTX5070,7500F / RTX 5070 / (AMD) A620 / OS미포함 / 750W / AMD / 라이젠 7000시리즈 / 라이젠5 / 라파엘 / DDR5 / 16GB / M.2 / 500GB / NVIDIA / 그래픽 메모리: 12GB / 1Gbps 유선 / HDMI / DP포트 / 파워서플라이 / 미들타워 / 어항형 / LED쿨러 / 용도: 게임용,"16GB, M.2 500GB",3124800.0
672,마이피씨샵 25Y 게이밍 마스터 7800X3D RTX4060,7800X3D / RTX 4060 / (AMD) A620 / OS미포함 / 600W / AMD / 라이젠 7000시리즈 / 라이젠7 / 라파엘 / DDR5 / 16GB / M.2 / 500GB / NVIDIA / 그래픽 메모리: 8GB / 1Gbps 유선 / HDMI / DP포트 / 파워서플라이 / 미들타워 / 어항형 / LED쿨러 / 용도: 게임용,"16GB, M.2 500GB",3504000.0
673,다나와표준PC ULTIMAKE ULT-R9900X-80,9900X / RTX 5080 / (AMD) X870E / OS미포함 / 1000W / AMD / 라이젠 9000시리즈 / 라이젠9 / 그래니트 릿지 / DDR5 / 32GB / M.2 / 1TB / NVIDIA / 그래픽 메모리: 16GB / 1Gbps 유선 / HDMI / DP포트 / 파워서플라이 / 미들타워 / 어항형 / 수랭쿨러 / LED쿨러 / 용도: 게임용,"32GB, M.2 1TB",7888240.0
674,마이피씨샵 DIY 게이밍 마스터 7600 RTX4060,7600 / RTX 4060 / (AMD) A620 / OS미포함 / 600W / AMD / 라이젠 7000시리즈 / 라이젠5 / 라파엘 / DDR5 / 16GB / M.2 / 500GB / NVIDIA / 그래픽 메모리: 8GB / 1Gbps 유선 / HDMI / DP포트 / 파워서플라이 / 미들타워 / 어항형 / 용도: 게임용,"16GB, M.2 500GB",2112000.0
675,다나와표준PC ULTIMAKE ULT-I400F-4060,i5-14400F / RTX 4060 / (인텔) B760 / OS미포함 / 700W / 인텔 / 코어 14세대 / 코어i5 / 랩터레이크-R / DDR4 / 16GB / M.2 / 500GB / NVIDIA / 그래픽 메모리: 8GB / 1Gbps 유선 / HDMI / DP포트 / 파워서플라이 / 미들타워 / 용도: 게임용,"16GB, M.2 500GB",2496840.0
676,STCOM STCP-SA02,7800X3D / RTX 5070 / (AMD) B650E / OS미포함 / 850W / AMD / 라이젠 7000시리즈 / 라이젠7 / 라파엘 / DDR5 / 32GB / M.2 / 2TB / NVIDIA / 그래픽 메모리: 12GB / 1Gbps 유선 / HDMI / DP포트 / 파워서플라이 / 미들타워 / 어항형 / 수랭쿨러 / LED쿨러 / 용도: 게임용,"32GB, M.2 2TB",3423000.0
677,다나와표준PC 게임용 221219,i7-12700F / RTX 3060 Ti / (인텔) Z690 / OS미포함 / 700W / 인텔 / 코어 12세대 / 코어i7 / 엘더레이크 / DDR4 / 16GB / M.2 / 500GB / NVIDIA / 그래픽 메모리: 8GB / 1Gbps 유선 / 802.11ax(Wi-Fi 6) 무선 / 블루투스 / HDMI / DP포트 / USB3.x 10Gbps / USB3.x 5Gbps / USB C타입 10Gbps / 파워서플라이 / 미들타워 / 용도: 게임용,"16GB, M.2 500GB",1742750.0
678,STCOM STCP-AA30,5600 / RTX 5060 / (AMD) A520 / OS미포함 / 700W / AMD / 라이젠 5000시리즈 / 라이젠5 / 버미어 / DDR4 / 32GB / M.2 / 512GB / NVIDIA / 그래픽 메모리: 8GB / 1Gbps 유선 / HDMI / DP포트 / 파워서플라이 / 미들타워 / 용도: 게임용,"32GB, M.2 512GB",1547000.0
679,STCOM STCP-SA01,270K Plus / RTX 5070 / (인텔) B860 / OS미포함 / 850W / 인텔 / 코어울트라 시리즈2 / 코어 울트라7 / 애로우레이크 / 인텔 AI Boost / 13TOPS / DDR5 / 32GB / M.2 / 2TB / NVIDIA / 그래픽 메모리: 12GB / 1Gbps 유선 / HDMI / DP포트 / 파워서플라이 / 미들타워 / 어항형 / 수랭쿨러 / LED쿨러 / 용도: 게임용,"32GB, M.2 2TB",3563000.0
680,다나와표준PC DPG 게임용 230821,i5-13600KF / RTX 4070 / (인텔) B760 / OS미포함 / 850W / 인텔 / 코어 13세대 / 코어i5 / 엘더레이크 / DDR5 / 32GB / M.2 / 500GB / NVIDIA / 그래픽 메모리: 12GB / 1Gbps 유선 / HDMI / DP포트 / 파워서플라이 / 미들타워 / 용도: 게임용,"32GB, M.2 500GB",1913900.0
681,STCOM STCP-AA27,7500F / RTX 5060 / (AMD) A620 / OS미포함 / 700W / AMD / 라이젠 7000시리즈 / 라이젠5 / 라파엘 / DDR5 / 16GB / M.2 / 1TB / NVIDIA / 그래픽 메모리: 8GB / 1Gbps 유선 / HDMI / DP포트 / 파워서플라이 / 미들타워 / LED쿨러 / 용도: 게임용,"16GB, M.2 1TB",1644000.0
682,STCOM STCP-i7,9600X / RX 9070 XT / (AMD) A620 / OS미포함 / 850W / AMD / 라이젠 9000시리즈 / 라이젠5 / 그래니트 릿지 / DDR5 / 32GB / M.2 / 1TB / AMD / 그래픽 메모리: 16GB / 1Gbps 유선 / HDMI / DP포트 / 파워서플라이 / 미들타워 / 어항형 / LED쿨러 / 용도: 게임용,"32GB, M.2 1TB",2720000.0
683,다나와표준PC 게임용 241209,5600 / RX 6600 / (AMD) B550 / OS미포함 / 700W / AMD / 라이젠 5000시리즈 / 라이젠5 / 버미어 / DDR4 / 8GB / SSD / 240GB / AMD / 그래픽 메모리: 8GB / 1Gbps 유선 / HDMI / DP포트 / 파워서플라이 / 미들타워 / LED쿨러 / 용도: 게임용,"8GB, SSD 240GB",1785060.0
684,다나와표준PC DPG 게임용 241125,i5-14600KF / RTX 4060 / (인텔) B760 / OS미포함 / 850W / 인텔 / 코어 14세대 / 코어i5 / 랩터레이크-R / DDR5 / 32GB / M.2 / 1TB / NVIDIA / 그래픽 메모리: 8GB / 1Gbps 유선 / HDMI / DP포트 / 파워서플라이 / 미들타워 / 어항형 / 수랭쿨러 / LED쿨러 / 용도: 게임용,"32GB, M.2 1TB",3492940.0
685,다나와표준PC 게임용 241109,5600 / RX 6600 / (AMD) B550 / OS미포함 / 600W / AMD / 라이젠 5000시리즈 / 라이젠5 / 버미어 / DDR4 / 16GB / SSD / 240GB / AMD / 그래픽 메모리: 8GB / 1Gbps 유선 / HDMI / DP포트 / 파워서플라이 / 미들타워 / 어항형 / 용도: 게임용,"16GB, SSD 240GB",1999230.0
686,제이씨현 제플PC 게이밍 익스프레션 G25,7500F / RX 9060 XT / (AMD) B650 / OS미포함 / 650W / AMD / 라이젠 7000시리즈 / 라이젠5 / 라파엘 / DDR5 / 32GB / M.2 / 1TB / AMD / 그래픽 메모리: 16GB / 1Gbps 유선 / HDMI / DP포트 / 파워서플라이 / 미들타워 / 어항형 / LED쿨러 / 용도: 게임용,"32GB, M.2 1TB",2270000.0
687,STCOM STCP-i63,250K Plus / RTX 5070 / (인텔) B860 / OS미포함 / 800W / 인텔 / 코어울트라 시리즈2 / 코어 울트라5 / 애로우레이크 / 인텔 AI Boost / 13TOPS / DDR5 / 32GB / M.2 / 512GB / NVIDIA / 그래픽 메모리: 12GB / 1Gbps 유선 / HDMI / DP포트 / 파워서플라이 / 미들타워 / 어항형 / LED쿨러 / 용도: 게임용,"32GB, M.2 512GB",2951000.0
688,STCOM STCP-i61,250K Plus / RTX 5060 Ti / (인텔) B860 / OS미포함 / 700W / 인텔 / 코어울트라 시리즈2 / 코어 울트라5 / 애로우레이크 / 인텔 AI Boost / 13TOPS / DDR5 / 32GB / M.2 / 512GB / NVIDIA / 그래픽 메모리: 8GB / 1Gbps 유선 / HDMI / DP포트 / 파워서플라이 / 미들타워 / LED쿨러 / 용도: 게임용,"32GB, M.2 512GB",2265000.0
689,다나와 게임용PC 인텔 U5-225F RTX5060 S6104,225F / RTX 5060 / (인텔) H810 / OS미포함 / 600W / 인텔 / 코어울트라 시리즈2 / 코어 울트라5 / 애로우레이크 / 인텔 AI Boost / 13TOPS / DDR5 / 16GB / M.2 / 1TB / NVIDIA / 그래픽 메모리: 8GB / 1Gbps 유선 / HDMI / DP포트 / USB3.x 5Gbps / 파워서플라이 / 미들타워 / 어항형 / LED쿨러 / 용도: 게임용,"16GB, M.2 1TB",2250000.0
690,STCOM STCP-i3,i5-14400F / RTX 5060 Ti / (인텔) B760 / OS미포함 / 700W / 인텔 / 코어 14세대 / 코어i5 / 랩터레이크-R / DDR5 / 32GB / M.2 / 1TB / NVIDIA / 그래픽 메모리: 8GB / 1Gbps 유선 / HDMI / DP포트 / 파워서플라이 / 미들타워 / LED쿨러 / 용도: 게임용,"32GB, M.2 1TB",1928000.0
691,다나와표준PC ULTIMAKE AMD-R5-4060,9600X / RTX 4060 / (AMD) B650E / OS미포함 / 1000W / AMD / 라이젠 9000시리즈 / 라이젠5 / 그래니트 릿지 / DDR5 / 32GB / M.2 / 1TB / NVIDIA / 그래픽 메모리: 8GB / 1Gbps 유선 / 파워서플라이 / 미들타워 / 어항형 / 수랭쿨러 / LED쿨러 / 용도: 게임용,"32GB, M.2 1TB",3524800.0
692,다나와표준PC 게임용 241219,i5-14600KF / RTX 4060 / (인텔) B760 / OS미포함 / 750W / 인텔 / 코어 14세대 / 코어i5 / 랩터레이크-R / DDR5 / 16GB / M.2 / 1TB / NVIDIA / 그래픽 메모리: 8GB / 1Gbps 유선 / HDMI / DP포트 / 파워서플라이 / 미들타워 / LED쿨러 / 용도: 게임용,"16GB, M.2 1TB",3015770.0
693,STCOM STCP-i19,7500F / RX 9060 XT / (AMD) A620 / OS미포함 / 600W / AMD / 라이젠 7000시리즈 / 라이젠5 / 라파엘 / DDR5 / 16GB / M.2 / 512GB / AMD / 그래픽 메모리: 16GB / 1Gbps 유선 / HDMI / DP포트 / 파워서플라이 / 미들타워 / LED쿨러 / 용도: 게임용,"16GB, M.2 512GB",1661000.0
694,영웅컴퓨터 영웅 H게이밍 2550F 225F RTX5050,225F / RTX 5050 / (인텔) H810 / OS미포함 / 600W / 인텔 / 코어울트라 시리즈2 / 코어 울트라5 / 애로우레이크 / 인텔 AI Boost / 13TOPS / DDR5 / 16GB / M.2 / 512GB / NVIDIA / 그래픽 메모리: 8GB / 1Gbps 유선 / HDMI / DP포트 / 파워서플라이 / 미들타워 / 어항형 / LED쿨러 / 용도: 게임용,"16GB, M.2 512GB",1439900.0
695,다나와표준PC ULTIMAKE ULT-IU285K-70,265K / RTX 5070 / (인텔) Z890 / OS미포함 / 1000W / 인텔 / 코어울트라 시리즈2 / 코어 울트라7 / 애로우레이크 / 인텔 AI Boost / 13TOPS / DDR5 / 64GB / M.2 / 1TB / NVIDIA / 그래픽 메모리: 12GB / 1Gbps 유선 / 파워서플라이 / 미들타워 / 수랭쿨러 / LED쿨러 / 용도: 게임용,"64GB, M.2 1TB",6031660.0
696,다나와표준PC 게임용 250313,7600 / RTX 4060 / (AMD) B650 / OS미포함 / 700W / AMD / 라이젠 7000시리즈 / 라이젠5 / 라파엘 / DDR5 / 16GB / M.2 / 512GB / NVIDIA / 그래픽 메모리: 8GB / 1Gbps 유선 / HDMI / DP포트 / 파워서플라이 / 미들타워 / 어항형 / LED쿨러 / 용도: 게임용,"16GB, M.2 512GB",2512710.0
697,다나와표준PC 전문가용 241225,9700X / RTX 4060 Ti / (AMD) B650 / OS미포함 / 850W / AMD / 라이젠 9000시리즈 / 라이젠7 / 그래니트 릿지 / DDR5 / 16GB / M.2 / 1TB / NVIDIA / 그래픽 메모리: 8GB / 1Gbps 유선 / HDMI / DP포트 / 파워서플라이 / 미들타워 / 용도: 게임용,"16GB, M.2 1TB",3911770.0
698,다나와표준PC 게임용 240316,i5-14400F / RTX 4060 / (인텔) B760 / OS미포함 / 700W / 인텔 / 코어 14세대 / 코어i5 / 랩터레이크-R / DDR5 / 16GB / M.2 / 500GB / NVIDIA / 그래픽 메모리: 8GB / 1Gbps 유선 / HDMI / DP포트 / 파워서플라이 / 미들타워 / 용도: 게임용,"16GB, M.2 500GB",2479970.0
699,STCOM STCP-AA32,7800X3D / RTX 5070 / (AMD) B850 / OS미포함 / 800W / AMD / 라이젠 7000시리즈 / 라이젠7 / 라파엘 / DDR5 / 32GB / M.2 / 2TB / NVIDIA / 그래픽 메모리: 12GB / 1Gbps 유선 / HDMI / DP포트 / 파워서플라이 / 미들타워 / 어항형 / 용도: 게임용,"32GB, M.2 2TB",3336000.0
700,STCOM STCP-AA29,5600 / RTX 5060 / (AMD) A520 / OS미포함 / 700W / AMD / 라이젠 5000시리즈 / 라이젠5 / 버미어 / DDR4 / 16GB / M.2 / 1TB / NVIDIA / 그래픽 메모리: 8GB / 1Gbps 유선 / HDMI / DP포트 / 파워서플라이 / 미들타워 / 용도: 게임용,"16GB, M.2 1TB",1468000.0
701,STCOM STCP-AA28,7500F / RTX 5060 / (AMD) A620 / OS미포함 / 700W / AMD / 라이젠 7000시리즈 / 라이젠5 / 라파엘 / DDR5 / 32GB / M.2 / 512GB / NVIDIA / 그래픽 메모리: 8GB / 1Gbps 유선 / HDMI / DP포트 / 파워서플라이 / 미들타워 / LED쿨러 / 용도: 게임용,"32GB, M.2 512GB",1814000.0
702,STCOM STCP-AA26,9600X / RTX 5060 / (AMD) A620 / OS미포함 / 700W / AMD / 라이젠 9000시리즈 / 라이젠5 / 그래니트 릿지 / DDR5 / 32GB / M.2 / 512GB / NVIDIA / 그래픽 메모리: 8GB / 1Gbps 유선 / HDMI / DP포트 / 파워서플라이 / 미들타워 / LED쿨러 / 용도: 게임용,"32GB, M.2 512GB",1916000.0
703,STCOM STCP-AA25,9600X / RTX 5060 / (AMD) A620 / OS미포함 / 700W / AMD / 라이젠 9000시리즈 / 라이젠5 / 그래니트 릿지 / DDR5 / 16GB / M.2 / 1TB / NVIDIA / 그래픽 메모리: 8GB / 1Gbps 유선 / HDMI / DP포트 / 파워서플라이 / 미들타워 / LED쿨러 / 용도: 게임용,"16GB, M.2 1TB",1746000.0
704,STCOM STCP-AA24,7500F / RTX 5060 Ti / (AMD) A620 / OS미포함 / 700W / AMD / 라이젠 7000시리즈 / 라이젠5 / 라파엘 / DDR5 / 32GB / M.2 / 512GB / NVIDIA / 그래픽 메모리: 8GB / 1Gbps 유선 / HDMI / DP포트 / 파워서플라이 / 미들타워 / LED쿨러 / 용도: 게임용,"32GB, M.2 512GB",1939000.0
705,STCOM STCP-AA23,7500F / RTX 5060 Ti / (AMD) A620 / OS미포함 / 700W / AMD / 라이젠 7000시리즈 / 라이젠5 / 라파엘 / DDR5 / 16GB / M.2 / 1TB / NVIDIA / 그래픽 메모리: 8GB / 1Gbps 유선 / HDMI / DP포트 / 파워서플라이 / 미들타워 / LED쿨러 / 용도: 게임용,"16GB, M.2 1TB",1769000.0
706,STCOM STCP-AA21,9600X / RTX 5060 Ti / (AMD) A620 / OS미포함 / 700W / AMD / 라이젠 9000시리즈 / 라이젠5 / 그래니트 릿지 / DDR5 / 16GB / M.2 / 1TB / NVIDIA / 그래픽 메모리: 8GB / 1Gbps 유선 / HDMI / DP포트 / 파워서플라이 / 미들타워 / LED쿨러 / 용도: 게임용,"16GB, M.2 1TB",1871000.0
707,STCOM STCP-i65,225F / RTX 5060 Ti / (인텔) H810 / OS미포함 / 700W / 인텔 / 코어울트라 시리즈2 / 코어 울트라5 / 애로우레이크 / 인텔 AI Boost / 13TOPS / DDR5 / 16GB / M.2 / 1TB / NVIDIA / 그래픽 메모리: 8GB / 1Gbps 유선 / HDMI / DP포트 / 파워서플라이 / 미들타워 / LED쿨러 / 용도: 게임용,"16GB, M.2 1TB",1790000.0
708,STCOM STCP-i64,225F / RTX 5060 / (인텔) H810 / OS미포함 / 700W / 인텔 / 코어울트라 시리즈2 / 코어 울트라5 / 애로우레이크 / 인텔 AI Boost / 13TOPS / DDR5 / 16GB / M.2 / 1TB / NVIDIA / 그래픽 메모리: 8GB / 1Gbps 유선 / HDMI / DP포트 / 파워서플라이 / 미들타워 / LED쿨러 / 용도: 게임용,"16GB, M.2 1TB",1677000.0
709,STCOM STCP-i62,250K Plus / RTX 5070 / (인텔) B860 / OS미포함 / 800W / 인텔 / 코어울트라 시리즈2 / 코어 울트라5 / 애로우레이크 / 인텔 AI Boost / 13TOPS / DDR5 / 16GB / M.2 / 1TB / NVIDIA / 그래픽 메모리: 12GB / 1Gbps 유선 / HDMI / DP포트 / 파워서플라이 / 미들타워 / 어항형 / LED쿨러 / 용도: 게임용,"16GB, M.2 1TB",2769000.0
710,STCOM STCP-i60,250K Plus / RTX 5060 Ti / (인텔) B860 / OS미포함 / 700W / 인텔 / 코어울트라 시리즈2 / 코어 울트라5 / 애로우레이크 / 인텔 AI Boost / 13TOPS / DDR5 / 16GB / M.2 / 1TB / NVIDIA / 그래픽 메모리: 8GB / 1Gbps 유선 / HDMI / DP포트 / 파워서플라이 / 미들타워 / LED쿨러 / 용도: 게임용,"16GB, M.2 1TB",2087000.0
711,STCOM STCP-i57,245KF / RTX 5060 Ti / (인텔) B860 / OS미포함 / 700W / 인텔 / 코어울트라 시리즈2 / 코어 울트라5 / 애로우레이크 / DDR5 / 32GB / M.2 / 512GB / NVIDIA / 파워서플라이 / 용도: 게임용,"32GB, M.2 512GB",2136000.0
712,STCOM STCP-i59,250K Plus / RTX 5060 / (인텔) B860 / OS미포함 / 700W / 인텔 / 코어울트라 시리즈2 / 코어 울트라5 / 애로우레이크 / DDR5 / 32GB / M.2 / 512GB / NVIDIA / 파워서플라이 / 용도: 게임용,"32GB, M.2 512GB",2155000.0
713,STCOM STCP-i58,250K Plus / RTX 5060 / (인텔) B860 / OS미포함 / 700W / 인텔 / 코어울트라 시리즈2 / 코어 울트라5 / 애로우레이크 / DDR5 / 16GB / M.2 / 1TB / NVIDIA / 파워서플라이 / 용도: 게임용,"16GB, M.2 1TB",1974000.0
714,STCOM STCP-i56,245KF / RTX 5060 Ti / (인텔) B860 / OS미포함 / 700W / 인텔 / 코어울트라 시리즈2 / 코어 울트라5 / 애로우레이크 / DDR5 / 16GB / M.2 / 1TB / NVIDIA / 파워서플라이 / 용도: 게임용,"16GB, M.2 1TB",1954000.0
715,STCOM STCP-i55,245KF / RTX 5060 / (인텔) B860 / OS미포함 / 700W / 인텔 / 코어울트라 시리즈2 / 코어 울트라5 / 애로우레이크 / DDR5 / 32GB / M.2 / 512GB / NVIDIA / 파워서플라이 / 용도: 게임용,"32GB, M.2 512GB",2023000.0
716,STCOM STCP-i34,i5-14400F / RTX 5060 Ti / (인텔) B760 / OS미포함 / 700W / 인텔 / 코어 14세대 / 코어i5 / 랩터레이크-R / DDR5 / 16GB / M.2 / 512GB / NVIDIA / 그래픽 메모리: 8GB / 2.5Gbps 유선 / HDMI / DP포트 / USB3.x 10Gbps / 파워서플라이 / 미들타워 / 용도: 게임용,"16GB, M.2 512GB",1724000.0
717,STCOM STCP-AA19,9600X / RTX 5060 Ti / (AMD) A620 / OS미포함 / 700W / AMD / 라이젠 9000시리즈 / 라이젠5 / 그래니트 릿지 / DDR5 / 16GB / M.2 / 512GB / NVIDIA / 그래픽 메모리: 8GB / 1Gbps 유선 / HDMI / DP포트 / 파워서플라이 / 미들타워 / 용도: 게임용,"16GB, M.2 512GB",1735000.0
718,STCOM STCP-i33,7500F / RTX 5050 / (AMD) A620 / OS미포함 / 600W / AMD / 라이젠 7000시리즈 / 라이젠5 / 라파엘 / DDR5 / 32GB / M.2 / 1TB / NVIDIA / 그래픽 메모리: 8GB / 1Gbps 유선 / HDMI / DP포트 / USB3.x 5Gbps / 파워서플라이 / 미들타워 / 용도: 게임용,"32GB, M.2 1TB",1874000.0
719,STCOM STCP-i32,7500F / RTX 5050 / (AMD) A620 / OS미포함 / 600W / AMD / 라이젠 7000시리즈 / 라이젠5 / 라파엘 / DDR5 / 16GB / M.2 / 512GB / NVIDIA / 그래픽 메모리: 8GB / 1Gbps 유선 / HDMI / DP포트 / USB3.x 5Gbps / 파워서플라이 / 미들타워 / 용도: 게임용,"16GB, M.2 512GB",1450000.0
720,STCOM STCP-i31,5600 / RTX 5050 / (AMD) A520 / OS미포함 / 600W / AMD / 라이젠 5000시리즈 / 라이젠5 / 버미어 / DDR4 / 32GB / M.2 / 1TB / NVIDIA / 그래픽 메모리: 8GB / 1Gbps 유선 / HDMI / DP포트 / USB3.x 5Gbps / 파워서플라이 / 미들타워 / 용도: 게임용,"32GB, M.2 1TB",1585000.0
721,STCOM STCP-i30,5600 / RTX 5050 / (AMD) A520 / OS미포함 / 600W / AMD / 라이젠 5000시리즈 / 라이젠5 / 버미어 / DDR4 / 16GB / M.2 / 512GB / NVIDIA / 1Gbps 유선 / HDMI / DP포트 / USB3.x 5Gbps / 파워서플라이 / 미들타워 / 용도: 게임용,"16GB, M.2 512GB",1229000.0
722,STCOM STCP-i29,i5-14400F / RTX 5050 / (인텔) H610 / OS미포함 / 600W / 인텔 / 코어 14세대 / 코어i5 / 랩터레이크-R / DDR4 / 32GB / M.2 / 1TB / NVIDIA / 그래픽 메모리: 8GB / 1Gbps 유선 / HDMI / DP포트 / USB3.x 5Gbps / 파워서플라이 / 미들타워 / 용도: 게임용,"32GB, M.2 1TB",1678000.0
723,STCOM STCP-i28,i5-14400F / RTX 5050 / (인텔) H610 / OS미포함 / 600W / 인텔 / 코어 14세대 / 코어i5 / 랩터레이크-R / DDR4 / 16GB / M.2 / 512GB / NVIDIA / 그래픽 메모리: 8GB / 1Gbps 유선 / HDMI / DP포트 / USB3.x 5Gbps / 파워서플라이 / 미들타워 / 용도: 게임용,"16GB, M.2 512GB",1324000.0
724,STCOM STCP-i27,i5-12400F / RTX 5050 / (인텔) H610 / OS미포함 / 600W / 인텔 / 코어 12세대 / 코어i5 / 엘더레이크 / DDR4 / 32GB / M.2 / 1TB / NVIDIA / 그래픽 메모리: 8GB / 1Gbps 유선 / HDMI / DP포트 / USB3.x 5Gbps / 파워서플라이 / 미들타워 / 용도: 게임용,"32GB, M.2 1TB",1611000.0
725,STCOM STCP-i26,i5-12400F / RTX 5050 / (인텔) H610 / OS미포함 / 600W / 인텔 / 코어 12세대 / 코어i5 / 엘더레이크 / DDR4 / 16GB / M.2 / 512GB / NVIDIA / 그래픽 메모리: 8GB / 1Gbps 유선 / HDMI / DP포트 / USB3.x 5Gbps / 파워서플라이 / 미들타워 / 용도: 게임용,"16GB, M.2 512GB",1257000.0
726,다나와 게임용PC AMD R5-7500F RTX3050 S6109,7500F / RTX 3050 / (AMD) A620 / OS미포함 / 600W / AMD / 라이젠 7000시리즈 / 라이젠5 / 라파엘 / DDR5 / 16GB / M.2 / 1TB / NVIDIA / 그래픽 메모리: 6GB / 1Gbps 유선 / HDMI / DP포트 / DVI / USB3.x 5Gbps / 파워서플라이 / 미들타워 / 어항형 / LED쿨러 / 용도: 게임용,"16GB, M.2 1TB",1800000.0
727,STCOM STCP-AA18,i5-14400F / RTX 5060 Ti / (인텔) H610 / OS미포함 / 700W / 인텔 / 코어 14세대 / 코어i5 / 랩터레이크-R / DDR4 / 32GB / M.2 / 1TB / NVIDIA / 그래픽 메모리: 8GB / 1Gbps 유선 / HDMI / DP포트 / USB3.x 5Gbps / 파워서플라이 / 미들타워 / 용도: 게임용,"32GB, M.2 1TB",1913000.0
728,STCOM STCP-AA12,9600X / RTX 5060 / (AMD) A620 / OS미포함 / 700W / AMD / 라이젠 9000시리즈 / 라이젠5 / 그래니트 릿지 / DDR5 / 32GB / M.2 / 1TB / NVIDIA / 그래픽 메모리: 8GB / 1Gbps 유선 / HDMI / DP포트 / USB3.x 5Gbps / 파워서플라이 / 미들타워 / 용도: 게임용,"32GB, M.2 1TB",2052000.0
729,STCOM STCP-AA14,9600X / RTX 5060 / (AMD) A620 / OS미포함 / 700W / AMD / 라이젠 9000시리즈 / 라이젠5 / 그래니트 릿지 / DDR5 / 16GB / M.2 / 512GB / NVIDIA / 그래픽 메모리: 8GB / 1Gbps 유선 / HDMI / DP포트 / USB3.x 5Gbps / 파워서플라이 / 미들타워 / 용도: 게임용,"16GB, M.2 512GB",1610000.0
730,STCOM STCP-AA11,7500F / RTX 5060 Ti / (AMD) A620 / OS미포함 / 700W / AMD / 라이젠 7000시리즈 / 라이젠5 / 라파엘 / DDR5 / 32GB / M.2 / 1TB / NVIDIA / 그래픽 메모리: 8GB / 1Gbps 유선 / HDMI / DP포트 / USB3.x 5Gbps / 파워서플라이 / 미들타워 / 용도: 게임용,"32GB, M.2 1TB",2075000.0
731,STCOM STCP-AA13,7500F / RTX 5060 / (AMD) A620 / OS미포함 / 700W / AMD / 라이젠 7000시리즈 / 라이젠5 / 라파엘 / DDR5 / 32GB / M.2 / 1TB / NVIDIA / 그래픽 메모리: 8GB / 1Gbps 유선 / HDMI / DP포트 / USB3.x 5Gbps / 파워서플라이 / 미들타워 / 용도: 게임용,"32GB, M.2 1TB",1950000.0
732,STCOM STCP-AA15,7500F / RTX 5060 / (AMD) A620 / OS미포함 / 700W / AMD / 라이젠 7000시리즈 / 라이젠5 / 라파엘 / DDR5 / 16GB / M.2 / 512GB / NVIDIA / 그래픽 메모리: 8GB / 1Gbps 유선 / HDMI / DP포트 / USB3.x 5Gbps / 파워서플라이 / 미들타워 / 용도: 게임용,"16GB, M.2 512GB",1509000.0
733,STCOM STCP-AA17,5600 / RTX 5060 / (AMD) A520 / OS미포함 / 700W / AMD / 라이젠 5000시리즈 / 라이젠5 / 버미어 / DDR4 / 16GB / M.2 / 512GB / NVIDIA / 그래픽 메모리: 8GB / 1Gbps 유선 / HDMI / DP포트 / USB3.x 5Gbps / 파워서플라이 / 미들타워 / 용도: 게임용,"16GB, M.2 512GB",1332000.0
734,STCOM STCP-AA16,5600 / RTX 5060 / (AMD) A520 / OS미포함 / 700W / AMD / 라이젠 5000시리즈 / 라이젠5 / 버미어 / DDR4 / 32GB / M.2 / 1TB / NVIDIA / 그래픽 메모리: 8GB / 1Gbps 유선 / HDMI / DP포트 / USB3.x 5Gbps / 파워서플라이 / 미들타워 / 용도: 게임용,"32GB, M.2 1TB",1683000.0
735,STCOM STCP-AA7,7500F / RTX 5070 / (AMD) B650 / OS미포함 / 800W / AMD / 라이젠 7000시리즈 / 라이젠5 / 라파엘 / DDR5 / 32GB / M.2 / 1TB / NVIDIA / 그래픽 메모리: 12GB / 2.5Gbps 유선 / 802.11ax(Wi-Fi 6) 무선 / HDMI / DP포트 / USB3.x 10Gbps / USB3.x 5Gbps / USB C타입 10Gbps / USB C타입 5Gbps / 파워서플라이 / 미들타워 / 어항형 / LED쿨러 / 용도: 게임용,"32GB, M.2 1TB",2805000.0
736,STCOM STCP-i24,i5-14400F / RX 9060 XT / (인텔) B760 / OS미포함 / 600W / 인텔 / 코어 14세대 / 코어i5 / 랩터레이크-R / DDR5 / 16GB / M.2 / 512GB / AMD / 그래픽 메모리: 16GB / 1Gbps 유선 / HDMI / DP포트 / 파워서플라이 / 미들타워 / LED쿨러 / 용도: 게임용,"16GB, M.2 512GB",1743000.0
737,STCOM STCP-i25,i5-14400F / RX 9060 / (인텔) B760 / OS미포함 / 600W / 인텔 / 코어 14세대 / 코어i5 / 랩터레이크-R / DDR5 / 16GB / M.2 / 512GB / AMD / 그래픽 메모리: 8GB / 1Gbps 유선 / HDMI / DP포트 / 파워서플라이 / 미들타워 / LED쿨러 / 용도: 게임용,"16GB, M.2 512GB",1591000.0
738,STCOM STCP-i22,9600X / RX 9060 / (AMD) A620 / OS미포함 / 600W / AMD / 라이젠 9000시리즈 / 라이젠5 / 그래니트 릿지 / DDR5 / 16GB / M.2 / 512GB / AMD / 그래픽 메모리: 8GB / 1Gbps 유선 / HDMI / DP포트 / 파워서플라이 / 미들타워 / LED쿨러 / 용도: 게임용,"16GB, M.2 512GB",1611000.0
739,STCOM STCP-i20,9600X / RX 9060 / (AMD) A620 / OS미포함 / 600W / AMD / 라이젠 9000시리즈 / 라이젠5 / 그래니트 릿지 / DDR5 / 32GB / M.2 / 1TB / AMD / 그래픽 메모리: 8GB / 1Gbps 유선 / HDMI / DP포트 / 파워서플라이 / 미들타워 / LED쿨러 / 용도: 게임용,"32GB, M.2 1TB",2064000.0
740,STCOM STCP-i18,9600X / RX 9060 XT / (AMD) A620 / OS미포함 / 600W / AMD / 라이젠 9000시리즈 / 라이젠5 / 그래니트 릿지 / DDR5 / 16GB / M.2 / 512GB / AMD / 그래픽 메모리: 16GB / 1Gbps 유선 / HDMI / DP포트 / 파워서플라이 / 미들타워 / LED쿨러 / 용도: 게임용,"16GB, M.2 512GB",1763000.0
741,STCOM STCP-i16,9600X / RX 9060 XT / (AMD) A620 / OS미포함 / 600W / AMD / 라이젠 9000시리즈 / 라이젠5 / 그래니트 릿지 / DDR5 / 32GB / M.2 / 1TB / AMD / 그래픽 메모리: 16GB / 1Gbps 유선 / HDMI / DP포트 / 파워서플라이 / 미들타워 / LED쿨러 / 용도: 게임용,"32GB, M.2 1TB",2216000.0
742,STCOM STCP-i23,7500F / RX 9060 / (AMD) A620 / OS미포함 / 600W / AMD / 라이젠 7000시리즈 / 라이젠5 / 라파엘 / DDR5 / 16GB / M.2 / 512GB / AMD / 그래픽 메모리: 8GB / 1Gbps 유선 / HDMI / DP포트 / 파워서플라이 / 미들타워 / LED쿨러 / 용도: 게임용,"16GB, M.2 512GB",1510000.0
743,STCOM STCP-i17,7500F / RX 9060 XT / (AMD) A620 / OS미포함 / 600W / AMD / 라이젠 7000시리즈 / 라이젠5 / 라파엘 / DDR5 / 32GB / M.2 / 1TB / AMD / 그래픽 메모리: 16GB / 1Gbps 유선 / HDMI / DP포트 / 파워서플라이 / 미들타워 / LED쿨러 / 용도: 게임용,"32GB, M.2 1TB",2114000.0
744,다나와표준PC ULTIMAKE ULT-I4600KF-50,i5-14600KF / RTX 3050 / (인텔) H610 / 600W / 인텔 / 코어 14세대 / 코어i5 / 랩터레이크-R / DDR5 / 16GB / SSD / 240GB / NVIDIA / 그래픽 메모리: 6GB / 1Gbps 유선 / HDMI / DP포트 / 파워서플라이 / LED쿨러 / 용도: 게임용,"16GB, SSD 240GB",2187210.0
745,STCOM STCP-i13,7500F / RX 9060 / (AMD) A620 / OS미포함 / 600W / AMD / 라이젠 7000시리즈 / 라이젠5 / 라파엘 / DDR5 / 32GB / M.2 / 1TB / AMD / 그래픽 메모리: 8GB / 1Gbps 유선 / HDMI / DP포트 / 파워서플라이 / 미들타워 / LED쿨러 / 용도: 게임용,"32GB, M.2 1TB",1961000.0
746,STCOM STCP-i12,5600 / RX 9060 / (AMD) A520 / OS미포함 / 600W / AMD / 라이젠 5000시리즈 / 라이젠5 / 버미어 / DDR4 / 32GB / M.2 / 1TB / AMD / 그래픽 메모리: 8GB / 1Gbps 유선 / HDMI / DP포트 / 파워서플라이 / 미들타워 / LED쿨러 / 용도: 게임용,"32GB, M.2 1TB",1679000.0
747,STCOM STCP-i11,i5-14400F / RX 9060 / (인텔) H610 / OS미포함 / 600W / 인텔 / 코어 14세대 / 코어i5 / 랩터레이크-R / DDR4 / 32GB / M.2 / 1TB / AMD / 그래픽 메모리: 8GB / 1Gbps 유선 / HDMI / DP포트 / 파워서플라이 / 미들타워 / LED쿨러 / 용도: 게임용,"32GB, M.2 1TB",1775000.0
748,MSI PRO DP180 404XKR i5-12400 RTX5060 Win11Pro,i5-12400 / RTX 5060 / (인텔) H610 / 윈도우11 프로 / 800W / 인텔 / 코어 12세대 / 코어i5 / 엘더레이크 / DDR4 / 32GB / M.2 / 1TB / NVIDIA / 2.5Gbps 유선 / 802.11ax(Wi-Fi 6E) 무선 / 블루투스 / 듀얼랜 / HDMI / DP포트 / D-SUB / USB3.x 5Gbps / USB C타입 10Gbps / 시리얼포트 / 파워서플라이 / 미들타워 / 7.59kg / 용도: 게임용 / 구성변경상품,"32GB, M.2 1TB",2970000.0
749,다나와표준PC 전문가용 250326,9800X3D / RX 6600 / (AMD) B850 / OS미포함 / 1000W / AMD / 라이젠 9000시리즈 / 라이젠7 / 그래니트 릿지 / DDR5 / 16GB / HDD:2TB / M.2 / 1TB / AMD / 그래픽 메모리: 8GB / 5Gbps 유선 / 802.11be(Wi-Fi 7) 무선 / 블루투스 / HDMI / DP포트 / 파워서플라이 / 미들타워 / 수랭쿨러 / LED쿨러 / 용도: 게임용,"16GB, M.2 1TB + HDD 2TB",5046650.0
750,다나와표준PC DPG 게임용 250324,7800X3D / RX 7600 / (AMD) B650 / OS미포함 / 850W / AMD / 라이젠 7000시리즈 / 라이젠7 / 라파엘 / DDR5 / 16GB / M.2 / 1TB / AMD / 그래픽 메모리: 8GB / 1Gbps 유선 / HDMI / DP포트 / 파워서플라이 / 미들타워 / 어항형 / 수랭쿨러 / LED쿨러 / 용도: 게임용,"16GB, M.2 1TB",3423250.0
751,다나와표준PC 게임용 250319,9800X3D / RTX 4060 / (AMD) B850 / OS미포함 / 750W / AMD / 라이젠 9000시리즈 / 라이젠7 / 그래니트 릿지 / DDR5 / 16GB / M.2 / 1TB / NVIDIA / 그래픽 메모리: 8GB / 1Gbps 유선 / HDMI / DP포트 / 파워서플라이 / 미들타워 / 어항형 / 수랭쿨러 / LED쿨러 / 용도: 게임용,"16GB, M.2 1TB",4120150.0
752,다나와표준PC 게임용 250317,7800X3D / RX 7600 / (AMD) B650 / OS미포함 / 750W / AMD / 라이젠 7000시리즈 / 라이젠7 / 라파엘 / DDR5 / 16GB / M.2 / 1TB / AMD / 그래픽 메모리: 8GB / 1Gbps 유선 / 802.11ax(Wi-Fi 6E) 무선 / 블루투스 / HDMI / DP포트 / 파워서플라이 / 미들타워 / LED쿨러 / 용도: 게임용,"16GB, M.2 1TB",3405740.0
753,다나와표준PC 게임용 250316,i5-14400F / RTX 4060 / (인텔) B760 / OS미포함 / 850W / 인텔 / 코어 14세대 / 코어i5 / 랩터레이크-R / DDR5 / 16GB / M.2 / 500GB / NVIDIA / 그래픽 메모리: 8GB / 1Gbps 유선 / HDMI / DP포트 / 파워서플라이 / 미들타워 / 어항형 / LED쿨러 / 용도: 게임용,"16GB, M.2 500GB",2572240.0
754,다나와표준PC 게임용 250315,i5-14400F / RTX 4060 / (인텔) B760 / OS미포함 / 850W / 인텔 / 코어 14세대 / 코어i5 / 랩터레이크-R / DDR5 / 16GB / M.2 / 512GB / NVIDIA / 그래픽 메모리: 8GB / 1Gbps 유선 / HDMI / DP포트 / 파워서플라이 / 미들타워 / 어항형 / LED쿨러 / 용도: 게임용,"16GB, M.2 512GB",2702470.0
755,다나와표준PC 게임용 250314,7600 / RTX 4060 / (AMD) B650 / OS미포함 / 750W / AMD / 라이젠 7000시리즈 / 라이젠5 / 라파엘 / DDR5 / 16GB / M.2 / 500GB / NVIDIA / 그래픽 메모리: 8GB / 1Gbps 유선 / HDMI / DP포트 / 파워서플라이 / 미들타워 / 어항형 / LED쿨러 / 용도: 게임용,"16GB, M.2 500GB",2874390.0
756,다나와표준PC 게임용 250311,7500F / RX 6600 / (AMD) B650 / OS미포함 / 700W / AMD / 라이젠 7000시리즈 / 라이젠5 / 라파엘 / DDR5 / 16GB / M.2 / 500GB / AMD / 그래픽 메모리: 8GB / 1Gbps 유선 / HDMI / DP포트 / 파워서플라이 / 미들타워 / LED쿨러 / 용도: 게임용,"16GB, M.2 500GB",2262660.0
757,다나와표준PC 게임용 250309,5600 / RX 6400 / (AMD) B450 / OS미포함 / 700W / AMD / 라이젠 5000시리즈 / 라이젠5 / 버미어 / DDR4 / 16GB / SSD / 240GB / AMD / 그래픽 메모리: 4GB / 1Gbps 유선 / HDMI / DP포트 / 파워서플라이 / 미들타워 / 어항형 / LED쿨러 / 용도: 게임용,"16GB, SSD 240GB",1872710.0
758,다나와표준PC ULTIMAKE ULT-I4400F-3050,i5-14400F / RTX 3050 / (인텔) H610 / OS미포함 / 600W / 인텔 / 코어 14세대 / 코어i5 / 랩터레이크-R / DDR5 / 16GB / SSD / 240GB / NVIDIA / 그래픽 메모리: 6GB / 1Gbps 유선 / 파워서플라이 / 미들타워 / LED쿨러 / 용도: 게임용,"16GB, SSD 240GB",2081090.0
759,다나와표준PC 전문가용 241228,9800X3D / RTX 4060 / (AMD) X870 / OS미포함 / 850W / AMD / 라이젠 9000시리즈 / 라이젠7 / 그래니트 릿지 / DDR5 / 16GB / HDD:4TB / M.2 / 1TB / NVIDIA / 그래픽 메모리: 8GB / 5Gbps 유선 / 802.11be(Wi-Fi 7) 무선 / 블루투스 / HDMI / DP포트 / 파워서플라이 / 미들타워 / 어항형 / 수랭쿨러 / LED쿨러 / 용도: 게임용,"16GB, M.2 1TB + HDD 4TB",5107850.0
760,다나와표준PC 전문가용 241226,7950X3D / RX 7800 XT / (AMD) B650 / OS미포함 / 850W / AMD / 라이젠 7000시리즈 / 라이젠9 / 라파엘 / DDR5 / 16GB / HDD:2TB / M.2 / 1TB / AMD / 그래픽 메모리: 16GB / 1Gbps 유선 / HDMI / DP포트 / 파워서플라이 / 미들타워 / 수랭쿨러 / LED쿨러 / 용도: 게임용,"16GB, M.2 1TB + HDD 2TB",5516230.0
761,다나와표준PC 게임용 241220,i7-14700KF / RTX 4070 SUPER / (인텔) B760 / OS미포함 / 750W / 인텔 / 코어 14세대 / 코어i7 / 랩터레이크-R / DDR5 / 16GB / M.2 / 500GB / NVIDIA / 그래픽 메모리: 12GB / 1Gbps 유선 / HDMI / DP포트 / 파워서플라이 / 미들타워 / 수랭쿨러 / LED쿨러 / 용도: 게임용,"16GB, M.2 500GB",4328510.0
762,다나와표준PC 게임용 241217,7800X3D / RTX 4060 / (AMD) B650 / OS미포함 / 700W / AMD / 라이젠 7000시리즈 / 라이젠7 / 라파엘 / DDR5 / 16GB / M.2 / 500GB / NVIDIA / 그래픽 메모리: 8GB / 1Gbps 유선 / 802.11ax(Wi-Fi 6) 무선 / 블루투스 / HDMI / DP포트 / 파워서플라이 / 미들타워 / 어항형 / LED쿨러 / 용도: 게임용,"16GB, M.2 500GB",3444830.0
763,다나와표준PC 게임용 241216,i5-14400F / RTX 4060 / (인텔) B760 / OS미포함 / 750W / 인텔 / 코어 14세대 / 코어i5 / 랩터레이크-R / DDR5 / 16GB / M.2 / 500GB / NVIDIA / 그래픽 메모리: 8GB / 1Gbps 유선 / HDMI / DP포트 / 파워서플라이 / 미들타워 / 어항형 / LED쿨러 / 용도: 게임용,"16GB, M.2 500GB",2676440.0
764,다나와표준PC 게임용 241213,7500F / RTX 4060 / (AMD) A620 / OS미포함 / 800W / AMD / 라이젠 7000시리즈 / 라이젠5 / 라파엘 / DDR5 / 16GB / M.2 / 500GB / NVIDIA / 그래픽 메모리: 8GB / 1Gbps 유선 / 파워서플라이 / 미들타워 / LED쿨러 / 용도: 게임용,"16GB, M.2 500GB",2288910.0
765,다나와표준PC 게임용 241212,i3-14100F / RX 7600 / (인텔) H610 / OS미포함 / 600W / 인텔 / 코어 14세대 / 코어i3 / 랩터레이크-R / DDR5 / 16GB / M.2 / 500GB / AMD / 그래픽 메모리: 8GB / 1Gbps 유선 / HDMI / DP포트 / 파워서플라이 / 미들타워 / LED쿨러 / 용도: 게임용,"16GB, M.2 500GB",2210570.0
766,다나와표준PC 게임용 241120,i7-14700KF / RTX 4070 SUPER / (인텔) B760 / OS미포함 / 750W / 인텔 / 코어 14세대 / 코어i7 / 랩터레이크-R / DDR5 / 16GB / M.2 / 500GB / NVIDIA / 그래픽 메모리: 12GB / 1Gbps 유선 / HDMI / DP포트 / 파워서플라이 / 미들타워 / 수랭쿨러 / LED쿨러 / 용도: 게임용,"16GB, M.2 500GB",4734840.0
767,다나와표준PC 게임용 241117,7600 / RTX 4060 / (AMD) B650 / OS미포함 / 850W / AMD / 라이젠 7000시리즈 / 라이젠5 / 라파엘 / DDR5 / 16GB / M.2 / 500GB / NVIDIA / 그래픽 메모리: 8GB / 1Gbps 유선 / HDMI / DP포트 / 파워서플라이 / 미들타워 / 어항형 / LED쿨러 / 용도: 게임용,"16GB, M.2 500GB",2586990.0
768,다나와표준PC 게임용 241116,i5-14400F / RTX 4060 / (인텔) B760 / OS미포함 / 800W / 인텔 / 코어 14세대 / 코어i5 / 랩터레이크-R / DDR5 / 16GB / M.2 / 500GB / NVIDIA / 그래픽 메모리: 8GB / 1Gbps 유선 / HDMI / DP포트 / 파워서플라이 / 미들타워 / LED쿨러 / 용도: 게임용,"16GB, M.2 500GB",2703220.0
769,다나와표준PC 게임용 241112,i3-14100F / RX 7600 / (인텔) H610 / OS미포함 / 600W / 인텔 / 코어 14세대 / 코어i3 / 랩터레이크-R / DDR5 / 16GB / M.2 / 500GB / AMD / 그래픽 메모리: 8GB / 1Gbps 유선 / HDMI / DP포트 / 파워서플라이 / 미들타워 / LED쿨러 / 용도: 게임용,"16GB, M.2 500GB",2234380.0
770,다나와표준PC 게임용 241110,7500F / RX 7600 / (AMD) A620 / OS미포함 / 500W / AMD / 라이젠 7000시리즈 / 라이젠5 / 라파엘 / DDR5 / 16GB / SSD / 240GB / AMD / 그래픽 메모리: 8GB / 1Gbps 유선 / HDMI / DP포트 / 파워서플라이 / 미들타워 / LED쿨러 / 용도: 게임용,"16GB, SSD 240GB",2311770.0
771,다나와표준PC 게임용 241018,9700X / RX 7700 XT / (AMD) B650 / OS미포함 / 850W / AMD / 라이젠 9000시리즈 / 라이젠7 / 그래니트 릿지 / DDR5 / 16GB / M.2 / 500GB / AMD / 1Gbps 유선 / HDMI / DP포트 / 파워서플라이 / 미들타워 / 어항형 / LED쿨러 / 용도: 게임용,"16GB, M.2 500GB",3405740.0
772,다나와표준PC 게임용 241016,i5-14400F / RTX 4060 / (인텔) B760 / OS미포함 / 700W / 인텔 / 코어 14세대 / 코어i5 / 랩터레이크-R / DDR5 / 16GB / M.2 / 500GB / NVIDIA / 그래픽 메모리: 8GB / 1Gbps 유선 / HDMI / DP포트 / 파워서플라이 / 미들타워 / LED쿨러 / 용도: 게임용,"16GB, M.2 500GB",2512020.0
773,다나와표준PC 게임용 241015,i5-14400F / RTX 4060 / (인텔) B760 / OS미포함 / 750W / 인텔 / 코어 14세대 / 코어i5 / 랩터레이크-R / DDR5 / 16GB / M.2 / 500GB / NVIDIA / 그래픽 메모리: 8GB / 1Gbps 유선 / HDMI / DP포트 / 파워서플라이 / 미들타워 / LED쿨러 / 용도: 게임용,"16GB, M.2 500GB",2608710.0
774,다나와표준PC 게임용 241014,7600 / RTX 4060 / (AMD) B650 / OS미포함 / 750W / AMD / 라이젠 7000시리즈 / 라이젠5 / 라파엘 / DDR5 / 16GB / M.2 / 500GB / NVIDIA / 1Gbps 유선 / HDMI / DP포트 / 파워서플라이 / 미들타워 / LED쿨러 / 용도: 게임용,"16GB, M.2 500GB",2593080.0
775,다나와표준PC 게임용 241012,i3-14100F / RX 7600 / (인텔) B760 / OS미포함 / 600W / 인텔 / 코어 14세대 / 코어i3 / 랩터레이크-R / DDR5 / 16GB / M.2 / 500GB / AMD / 1Gbps 유선 / HDMI / DP포트 / 파워서플라이 / 미들타워 / 용도: 게임용,"16GB, M.2 500GB",2202380.0
776,다나와표준PC 게임용 241010,7500F / RX 6600 / (AMD) A620 / OS미포함 / 700W / AMD / 라이젠 7000시리즈 / 라이젠5 / 라파엘 / DDR5 / 16GB / SSD / 240GB / AMD / 1Gbps 유선 / HDMI / DP포트 / 파워서플라이 / 미들타워 / LED쿨러 / 용도: 게임용,"16GB, SSD 240GB",2022670.0
777,STCOM STAI-V4 Win11,i5-12400F / RX 580 / (인텔) H610 / 윈도우11 / 600W / 인텔 / 코어 12세대 / 코어i5 / 엘더레이크 / DDR4 / 16GB / M.2 / 512GB / AMD / 1Gbps 유선 / 파워서플라이 / 미들타워 / 용도: 게임용,"16GB, M.2 512GB",1130000.0
778,다나와표준PC 게임용 240920,i7-14700KF / RTX 4070 SUPER / (인텔) B760 / OS미포함 / 750W / 인텔 / 코어 14세대 / 코어i7 / 랩터레이크-R / DDR5 / 16GB / M.2 / 1TB / NVIDIA / 그래픽 메모리: 12GB / 1Gbps 유선 / HDMI / DP포트 / 파워서플라이 / 미들타워 / 수랭쿨러 / 용도: 게임용,"16GB, M.2 1TB",4429730.0
779,다나와표준PC 게임용 240917,9600X / RTX 4060 / (AMD) B650 / OS미포함 / 800W / AMD / 라이젠 9000시리즈 / 라이젠5 / 그래니트 릿지 / DDR5 / 16GB / M.2 / 500GB / NVIDIA / 그래픽 메모리: 8GB / 1Gbps 유선 / 802.11ax(Wi-Fi 6) 무선 / 블루투스 / HDMI / DP포트 / 파워서플라이 / 미들타워 / 용도: 게임용,"16GB, M.2 500GB",3097640.0
780,다나와표준PC 게임용 240914,7600 / RTX 4060 Ti / (AMD) B650 / OS미포함 / 700W / AMD / 라이젠 7000시리즈 / 라이젠5 / 라파엘 / DDR5 / 16GB / M.2 / 500GB / NVIDIA / 그래픽 메모리: 8GB / 1Gbps 유선 / HDMI / DP포트 / 파워서플라이 / 미들타워 / 용도: 게임용,"16GB, M.2 500GB",2810390.0
781,다나와표준PC 게임용 240913,7500F / RTX 4060 / (AMD) A620 / OS미포함 / 600W / AMD / 라이젠 7000시리즈 / 라이젠5 / 라파엘 / DDR5 / 16GB / M.2 / 500GB / NVIDIA / 그래픽 메모리: 8GB / 1Gbps 유선 / HDMI / DP포트 / 파워서플라이 / 미들타워 / 용도: 게임용,"16GB, M.2 500GB",2439780.0
782,다나와표준PC 게임용 240912,i3-14100F / RX 7600 / (인텔) H610 / OS미포함 / 700W / 인텔 / 코어 14세대 / 코어i3 / 랩터레이크-R / DDR5 / 16GB / M.2 / 512GB / AMD / 그래픽 메모리: 8GB / 1Gbps 유선 / HDMI / DP포트 / 파워서플라이 / 미들타워 / 용도: 게임용,"16GB, M.2 512GB",2165910.0
783,다나와표준PC 게임용 240911,i3-14100F / RTX 3050 / (인텔) H610 / OS미포함 / 700W / 인텔 / 코어 14세대 / 코어i3 / 랩터레이크-R / DDR5 / 16GB / M.2 / 500GB / NVIDIA / 그래픽 메모리: 6GB / 1Gbps 유선 / HDMI / DP포트 / 파워서플라이 / 미들타워 / 용도: 게임용,"16GB, M.2 500GB",1918850.0
784,다나와표준PC 게임용 240910,7500F / RX 7600 / (AMD) A620 / OS미포함 / 600W / AMD / 라이젠 7000시리즈 / 라이젠5 / 라파엘 / DDR5 / 16GB / M.2 / 500GB / AMD / 그래픽 메모리: 8GB / 1Gbps 유선 / HDMI / DP포트 / 파워서플라이 / 미들타워 / 어항형 / 용도: 게임용,"16GB, M.2 500GB",2114850.0
785,다나와표준PC DPG 게임용 240823,i7-14700KF / RX 7900 GRE / (인텔) Z790 / OS미포함 / 850W / 인텔 / 코어 14세대 / 코어i7 / 랩터레이크-R / DDR5 / 16GB / M.2 / 500GB / AMD / 그래픽 메모리: 16GB / 1Gbps 유선 / 802.11ax(Wi-Fi 6) 무선 / 블루투스 / HDMI / DP포트 / 파워서플라이 / 미들타워 / 어항형 / 용도: 게임용,"16GB, M.2 500GB",4138250.0
786,다나와표준PC 게임용 240810,7500F / RX 6600 / (AMD) A620 / OS미포함 / 700W / AMD / 라이젠 7000시리즈 / 라이젠5 / 라파엘 / DDR5 / 16GB / M.2 / 500GB / AMD / 그래픽 메모리: 8GB / 1Gbps 유선 / HDMI / DP포트 / 파워서플라이 / 미들타워 / 용도: 게임용,"16GB, M.2 500GB",2122160.0
787,다나와표준PC 게임용 240714,7500F / RTX 4060 / (AMD) B650 / OS미포함 / 700W / AMD / 라이젠 7000시리즈 / 라이젠5 / 라파엘 / DDR5 / 16GB / SSD / 480GB / NVIDIA / 그래픽 메모리: 8GB / 1Gbps 유선 / HDMI / DP포트 / 파워서플라이 / 미들타워 / 어항형 / 용도: 게임용,"16GB, SSD 480GB",2331310.0
788,다나와표준PC 게임용 240713,7500F / RTX 4060 / (AMD) B650 / OS미포함 / 700W / AMD / 라이젠 7000시리즈 / 라이젠5 / 라파엘 / DDR5 / 16GB / SSD / 480GB / NVIDIA / 그래픽 메모리: 8GB / 1Gbps 유선 / HDMI / DP포트 / 파워서플라이 / 미들타워 / 어항형 / 용도: 게임용,"16GB, SSD 480GB",2100410.0
789,다나와표준PC 게임용 240712,i3-14100F / RX 7600 / (인텔) B760 / OS미포함 / 700W / 인텔 / 코어 14세대 / 코어i3 / 랩터레이크-R / DDR5 / 16GB / SSD / 240GB / AMD / 그래픽 메모리: 8GB / 1Gbps 유선 / HDMI / DP포트 / 파워서플라이 / 미들타워 / 어항형 / 용도: 게임용,"16GB, SSD 240GB",2046290.0
790,다나와표준PC 게임용 240620,i7-14700KF / RTX 4060 Ti / (인텔) Z790 / OS미포함 / 850W / 인텔 / 코어 14세대 / 코어i7 / 랩터레이크-R / DDR5 / 16GB / SSD / 480GB / NVIDIA / 그래픽 메모리: 8GB / 1Gbps 유선 / HDMI / DP포트 / 파워서플라이 / 미들타워 / 수랭쿨러 / 용도: 게임용,"16GB, SSD 480GB",3735690.0
791,다나와표준PC 게임용 240619,i5-14600KF / RTX 4060 Ti / (인텔) B760 / OS미포함 / 800W / 인텔 / 코어 14세대 / 코어i5 / 랩터레이크-R / DDR5 / 16GB / SSD / 480GB / NVIDIA / 그래픽 메모리: 8GB / 1Gbps 유선 / HDMI / DP포트 / 파워서플라이 / 미들타워 / 용도: 게임용,"16GB, SSD 480GB",3078290.0
792,다나와표준PC 게임용 240617,7600 / RTX 4060 Ti / (AMD) B650 / OS미포함 / 800W / AMD / 라이젠 7000시리즈 / 라이젠5 / 라파엘 / DDR5 / 16GB / M.2 / 500GB / NVIDIA / 그래픽 메모리: 8GB / 1Gbps 유선 / HDMI / DP포트 / 파워서플라이 / 미들타워 / 용도: 게임용,"16GB, M.2 500GB",2868430.0
793,다나와표준PC 게임용 240613,7500F / RTX 4060 / (AMD) B650 / OS미포함 / 700W / AMD / 라이젠 7000시리즈 / 라이젠5 / 라파엘 / DDR5 / 16GB / M.2 / 500GB / NVIDIA / 그래픽 메모리: 8GB / 1Gbps 유선 / HDMI / DP포트 / 파워서플라이 / 미들타워 / 어항형 / 용도: 게임용,"16GB, M.2 500GB",2347690.0
794,다나와표준PC 게임용 240612,i3-14100F / RX 7600 / (인텔) B760 / OS미포함 / 700W / 인텔 / 코어 14세대 / 코어i3 / 랩터레이크-R / DDR5 / 16GB / M.2 / 500GB / AMD / 그래픽 메모리: 8GB / 1Gbps 유선 / HDMI / DP포트 / 파워서플라이 / 미들타워 / 용도: 게임용,"16GB, M.2 500GB",2247180.0
795,다나와표준PC 게임용 240611,i3-14100F / RTX 3050 / (인텔) B760 / OS미포함 / 600W / 인텔 / 코어 14세대 / 코어i3 / 랩터레이크-R / DDR5 / 16GB / SSD / 240GB / NVIDIA / 그래픽 메모리: 6GB / 1Gbps 유선 / HDMI / DP포트 / 파워서플라이 / 미들타워 / 용도: 게임용,"16GB, SSD 240GB",1902480.0
796,다나와표준PC 게임용 231118,7800X3D / RTX 4060 Ti / (AMD) B650 / OS미포함 / 750W / AMD / 라이젠 7000시리즈 / 라이젠7 / 라파엘 / DDR5 / 16GB / M.2 / 500GB / NVIDIA / 그래픽 메모리: 8GB / 1Gbps 유선 / HDMI / DP포트 / 파워서플라이 / 미들타워 / 용도: 게임용,"16GB, M.2 500GB",3564990.0
797,포유컴퓨터 퍼포먼스PC 32 U5 225F RTX5060Ti WIN11,225F / RTX 5060 Ti / (인텔) H810 / 윈도우11 / 700W / 인텔 / 코어울트라 시리즈2 / 코어 울트라5 / 애로우레이크 / 인텔 AI Boost / 13TOPS / DDR5 / 16GB / M.2 / 500GB / NVIDIA / 1Gbps 유선 / HDMI / DP포트 / 파워서플라이 / 미들타워 / 용도: 게임용,"16GB, M.2 500GB",1929600.0
798,다나와표준PC DPG 게임용 230523,i7-13700K / RTX 4070 Ti / (인텔) B760 / OS미포함 / 850W / 인텔 / 코어 13세대 / 코어i7 / 엘더레이크 / DDR5 / 32GB / M.2 / 500GB / NVIDIA / 그래픽 메모리: 12GB / 1Gbps 유선 / 802.11ax(Wi-Fi 6) 무선 / 블루투스 / HDMI / DP포트 / 파워서플라이 / 미들타워 / 용도: 게임용,"32GB, M.2 500GB",2910140.0
799,HP 옴니데스크 M03-0038kr-RTX3050 Win11Home,225 / RTX 3050 / 윈도우11 / 500W / 인텔 / 코어울트라 시리즈2 / 코어 울트라5 / 애로우레이크 / 인텔 AI Boost / 13TOPS / DDR5 / 16GB / M.2 / 1TB / NVIDIA / 5.1채널 / 1Gbps 유선 / 802.11ax(Wi-Fi 6) 무선 / 블루투스 / HDMI / DP포트 / USB3.x 10Gbps / USB3.x 5Gbps / USB C타입 10Gbps / USB C타입 5Gbps / 파워서플라이 / 미니타워 / 5.34kg / 용도: 게임용 / 구성변경상품,"16GB, M.2 1TB",1885950.0
800,리메이드컴퓨터 J139C 중고,중고 / i5-13400F / RTX 3060 Ti / (인텔) H610 / OS미포함 / 700W / 인텔 / 코어 13세대 / 코어i5 / 랩터레이크 / DDR4 / 32GB / SSD / 1TB / NVIDIA / 그래픽 메모리: 8GB / 1Gbps 유선 / 파워서플라이 / 미들타워 / 용도: 게임용,"32GB, SSD 1TB",1502530.0
801,리메이드컴퓨터 P568A,5600 / RX 580 / (AMD) A520 / OS미포함 / 700W / AMD / 라이젠 5000시리즈 / 라이젠5 / 버미어 / DDR4 / 16GB / M.2 / 512GB / AMD / 그래픽 메모리: 8GB / 1Gbps 유선 / 파워서플라이 / 미들타워 / 용도: 게임용,"16GB, M.2 512GB",811810.0
802,HP HyperX 오멘 35L GT18-0004kr,270K Plus / RTX 5070 / 윈도우11 프로 / 1000W / 인텔 / 코어울트라 시리즈2 / 코어 울트라7 / 애로우레이크 / 인텔 AI Boost / 13TOPS / DDR5 / 32GB / M.2 / 1TB / NVIDIA / 그래픽 메모리: 12GB / 1Gbps 유선 / 802.11be(Wi-Fi 7) 무선 / 블루투스 / USB3.x 5Gbps / USB C타입 10Gbps / 썬더볼트4 / 파워서플라이 / 미들타워 / 용도: 게임용,"32GB, M.2 1TB",5938260.0
803,HP 오멘 45L GT22-3002kl,285K / RTX 5090 / (인텔) Z890 / OS미포함 / 1200W / 인텔 / 코어울트라 시리즈2 / 코어 울트라9 / 애로우레이크 / 인텔 AI Boost / 13TOPS / DDR5 / 64GB / HDD:2TB / M.2 / 2TB / NVIDIA / 그래픽 메모리: 32GB / 1Gbps 유선 / 802.11ax(Wi-Fi 6E) 무선 / 블루투스 / HDMI / DP포트 / USB3.x 10Gbps / USB3.x 5Gbps / USB C타입 10Gbps / 파워서플라이 / 미들타워 / 수랭쿨러 / LED쿨러 / 22.6kg / 용도: 게임용,"64GB, M.2 2TB + HDD 2TB",12000000.0
804,ASUS ROG NUC 16 NUC16JNK9X8ADA0,290HX Plus / RTX 5090 / 윈도우11 / 380W / 인텔 / 코어울트라 시리즈2 / 코어 울트라9 / 애로우레이크 / 인텔 AI Boost / 13TOPS / DDR5 / 64GB / M.2 / 2TB / NVIDIA / 2.5Gbps 유선 / 802.11be(Wi-Fi 7) 무선 / 블루투스 / HDMI / DP포트 / USB3.x 10Gbps / USB C타입 20Gbps / 썬더볼트4 / DC / 슬림 / 용도: 게임용,"64GB, M.2 2TB",10863990.0
805,DELL 에일리언웨어 AREA-51 DAWARR8-WP04KR,285K / RTX 5090 / 윈도우11 프로 / 1500W / 인텔 / 코어울트라 시리즈2 / 코어 울트라9 / 애로우레이크 / 인텔 AI Boost / 13TOPS / DDR5 / 64GB / M.2 / 2TB / NVIDIA / 그래픽 메모리: 32GB / 2.5Gbps 유선 / 802.11be(Wi-Fi 7) 무선 / 블루투스 / HDMI / DP포트 / USB3.x 5Gbps / USB C타입 10Gbps / 썬더볼트4 / 파워서플라이 / 미들타워 / 수랭쿨러 / LED쿨러 / 34.58kg / 용도: 게임용,"64GB, M.2 2TB",12900000.0
806,몬스타 몬스타PC 킬러,9950X3D2 / RTX 5090 / (AMD) X870E / OS미포함 / 1300W / AMD / 라이젠 9000시리즈 / 라이젠9 / 그래니트 릿지 / DDR5 / 64GB / M.2 / 2TB / NVIDIA / 그래픽 메모리: 32GB / 2.5Gbps 유선 / 802.11be(Wi-Fi 7) 무선 / 블루투스 / HDMI / DP포트 / USB3.x 10Gbps / USB3.x 5Gbps / USB C타입 40Gbps / USB C타입 10Gbps / 파워서플라이 / 미들타워 / 어항형 / LED쿨러 / 커스텀수랭 / 용도: 게임용,"64GB, M.2 2TB",18040000.0
807,HP 오멘 16L TG03-0004KR,265F / RTX 5060 Ti / (인텔) B860 / 윈도우11 프로 / 500W / 인텔 / 코어울트라 시리즈2 / 코어 울트라7 / 애로우레이크 / 인텔 AI Boost / 13TOPS / DDR5 / 32GB / M.2 / 1TB / NVIDIA / 그래픽 메모리: 16GB / 2.5Gbps 유선 / 802.11ax(Wi-Fi 6E) 무선 / 블루투스 / HDMI / DP포트 / USB3.x 5Gbps / USB C타입 10Gbps / 파워서플라이 / 미니타워 / 용도: 게임용,"32GB, M.2 1TB",2799000.0
808,HP 옴니스튜디오X 27-CX0004KR,356H / RTX 5050 / 윈도우11 / 200W / 인텔 / 코어울트라 시리즈3 / 코어 울트라7 / 팬서레이크 / 50TOPS / DDR5 / 16GB / M.2 / 1TB / NVIDIA / 그래픽 메모리: 8GB / 화면크기: 68.6cm(27인치) / 2560x1440 / 눈부심방지 / 스피커 내장형 / 1Gbps 유선 / 802.11be(Wi-Fi 7) 무선 / 블루투스 / HDMI / USB3.x 10Gbps / 썬더볼트4 / 웹캠 / 마이크 내장 / 일체형 / 용도: 게임용,"16GB, M.2 1TB",3469000.0
809,롯데하이마트 플럭스 PLX-ASSONG 1027,9800X3D / RTX 5070 Ti / (AMD) B850 / OS미포함 / 850W / AMD / 라이젠 9000시리즈 / 라이젠7 / 그래니트 릿지 / DDR5 / 32GB / M.2 / 1TB / NVIDIA / 그래픽 메모리: 16GB / 1Gbps 유선 / HDMI / DP포트 / USB3.x 5Gbps / 파워서플라이 / 미들타워 / 어항형 / LED쿨러 / 용도: 게임용,"32GB, M.2 1TB",3497730.0
810,삼성전자 데스크탑 Tower DM500TGZ-i7GR56,i7-14700 / RTX 5060 / (인텔) H670 / 윈도우11 / 500W / 인텔 / 코어 14세대 / 코어i7 / 랩터레이크-R / DDR5 / 16GB / M.2 / 512GB / NVIDIA / 1Gbps 유선 / 802.11ax(Wi-Fi 6) 무선 / 블루투스 / HDMI / DP포트 / USB3.x 10Gbps / USB C타입 5Gbps / 파워서플라이 / 미들타워 / 6.94kg / 용도: 게임용 / 구성변경상품,"16GB, M.2 512GB",2395000.0
811,HP 오멘 35L GT16-1003KL Win11Pro,9800X3D / RTX 5070 Ti / 윈도우11 프로 / 1000W / AMD / 라이젠 9000시리즈 / 라이젠7 / 그래니트 릿지 / DDR5 / 32GB / M.2 / 1TB / NVIDIA / 그래픽 메모리: 16GB / 1Gbps 유선 / 802.11be(Wi-Fi 7) 무선 / 블루투스 / HDMI / DP포트 / USB3.x 5Gbps / USB C타입 10Gbps / 파워서플라이 / 미들타워 / 수랭쿨러 / LED쿨러 / 14.5kg / 용도: 게임용 / 구성변경상품,"32GB, M.2 1TB",4548670.0
812,HP 오멘 35L GT16-1001KL,9800X3D / RTX 5080 / OS미포함 / 1000W / AMD / 라이젠 9000시리즈 / 라이젠7 / 그래니트 릿지 / DDR5 / 64GB / M.2 / 1TB / NVIDIA / 그래픽 메모리: 16GB / 1Gbps 유선 / 802.11be(Wi-Fi 7) 무선 / 블루투스 / HDMI / DP포트 / USB3.x 10Gbps / USB3.x 5Gbps / USB C타입 10Gbps / 파워서플라이 / 미들타워 / 수랭쿨러 / LED쿨러 / 14.5kg / 용도: 게임용,"64GB, M.2 1TB",5490000.0
813,피씨스토어 너만을 위한 PC 라이젠7 9800X3D RTX 5070 TI PCSPF00016,9800X3D / RTX 5070 Ti / (AMD) B850 / OS미포함 / 850W / AMD / 라이젠 9000시리즈 / 라이젠7 / 그래니트 릿지 / DDR5 / 32GB / HDD:8TB / M.2 / 1TB / NVIDIA / 그래픽 메모리: 16GB / 1Gbps 유선 / HDMI / DP포트 / 파워서플라이 / 미들타워 / 어항형 / 수랭쿨러 / LED쿨러 / 용도: 게임용,"32GB, M.2 1TB + HDD 8TB",5907390.0
814,ASUS ROG NUC 2025 NUC15JNK9X489A0,275HX / RTX 5070 / 윈도우11 / 인텔 / 코어울트라 시리즈2 / 코어 울트라9 / 애로우레이크 / 인텔 AI Boost / 13TOPS / DDR5 / 32GB / M.2 / 1TB / NVIDIA / 그래픽 메모리: 8GB / 2.5Gbps 유선 / 802.11be(Wi-Fi 7) 무선 / 블루투스 / HDMI / DP포트 / USB3.x 10Gbps / USB3.x 5Gbps / USB C타입 5Gbps / 썬더볼트4 / DC / 슬림 / 용도: 게임용,"32GB, M.2 1TB",4300000.0
815,피씨스토어 블랙 인텔 울트라7 270K Plus RTX5080,270K Plus / RTX 5080 / (인텔) Z890 / OS미포함 / 1000W / 인텔 / 코어울트라 시리즈2 / 코어 울트라7 / 애로우레이크 / 인텔 AI Boost / 13TOPS / DDR5 / 32GB / M.2 / 1TB / NVIDIA / 그래픽 메모리: 16GB / 1Gbps 유선 / HDMI / DP포트 / 파워서플라이 / 미들타워 / 어항형 / 수랭쿨러 / 용도: 게임용,"32GB, M.2 1TB",5013990.0
816,포유컴퓨터 퍼포먼스PC 06 R7 7800X3D RTX5060 Ti,7800X3D / RTX 5060 Ti / (AMD) A620 / OS미포함 / 800W / AMD / 라이젠 7000시리즈 / 라이젠7 / 라파엘 / DDR5 / 32GB / HDD:8TB / M.2 / 1TB / NVIDIA / 1Gbps 유선 / HDMI / DP포트 / 파워서플라이 / 미들타워 / 용도: 게임용,"32GB, M.2 1TB + HDD 8TB",2800200.0
817,마이피씨샵 DIY 전문가용 프로페셔널 MCP2 9600X RTX 5060,9600X / RTX 5060 / (AMD) B850 / OS미포함 / 600W / AMD / 라이젠 9000시리즈 / 라이젠5 / 그래니트 릿지 / DDR5 / 32GB / HDD:8TB / M.2 / 1TB / NVIDIA / 그래픽 메모리: 8GB / 1Gbps 유선 / HDMI / DP포트 / 파워서플라이 / 미들타워 / LED쿨러 / 용도: 게임용,"32GB, M.2 1TB + HDD 8TB",2659250.0
818,타무즈 게이밍PC THN80U7HEAA,9800X3D / RTX 5070 Ti / (AMD) B850 / OS미포함 / 800W / AMD / 라이젠 9000시리즈 / 라이젠7 / 그래니트 릿지 / DDR5 / 16GB / M.2 / 512GB / NVIDIA / 그래픽 메모리: 16GB / 1Gbps 유선 / HDMI / DP포트 / USB3.x 5Gbps / USB C타입 5Gbps / 파워서플라이 / 어항형 / 용도: 게임용,"16GB, M.2 512GB",3401730.0
819,다나와 전문가용PC 인텔 U5-250KF RTX5060 Ti S6701,250KF Plus / RTX 5060 Ti / (인텔) B860 / OS미포함 / 850W / 인텔 / 코어울트라 시리즈2 / 코어 울트라5 / 애로우레이크 / 인텔 AI Boost / 13TOPS / DDR5 / 16GB / HDD:8TB / M.2 / 1TB / NVIDIA / 그래픽 메모리: 8GB / 2.5Gbps 유선 / HDMI / DP포트 / USB3.x 10Gbps / USB3.x 5Gbps / USB C타입 20Gbps / 파워서플라이 / 미들타워 / LED쿨러 / 용도: 게임용,"16GB, M.2 1TB + HDD 8TB",2900000.0
820,엔피씨코리아 NEXPC 게이밍프로 G336,9700X / RTX 5080 / (AMD) B650 / OS미포함 / 1250W / AMD / 라이젠 9000시리즈 / 라이젠7 / 그래니트 릿지 / DDR5 / 32GB / M.2 / 1TB / NVIDIA / 그래픽 메모리: 16GB / 1Gbps 유선 / HDMI / DP포트 / 파워서플라이 / 미들타워 / 어항형 / LED쿨러 / 용도: 게임용,"32GB, M.2 1TB",3951560.0
821,HP 오멘 35L GT16-1003KL,9800X3D / RTX 5070 Ti / OS미포함 / 1000W / AMD / 라이젠 9000시리즈 / 라이젠7 / 그래니트 릿지 / DDR5 / 32GB / M.2 / 1TB / NVIDIA / 그래픽 메모리: 16GB / 1Gbps 유선 / 802.11be(Wi-Fi 7) 무선 / 블루투스 / HDMI / DP포트 / USB3.x 10Gbps / USB3.x 5Gbps / USB C타입 10Gbps / 썬더볼트4 / 파워서플라이 / 미들타워 / 수랭쿨러 / LED쿨러 / 14.5kg / 용도: 게임용,"32GB, M.2 1TB",4489990.0
822,HP 오멘 16L TG03-0005kl,225F / RTX 5060 / (인텔) B860 / OS미포함 / 500W / 인텔 / 코어울트라 시리즈2 / 코어 울트라5 / 애로우레이크 / 인텔 AI Boost / 13TOPS / DDR5 / 16GB / M.2 / 512GB / NVIDIA / 그래픽 메모리: 8GB / 2.5Gbps 유선 / 802.11ax(Wi-Fi 6E) 무선 / 블루투스 / HDMI / DP포트 / USB3.x 5Gbps / USB C타입 10Gbps / 파워서플라이 / 미니타워 / 용도: 게임용,"16GB, M.2 512GB",1827000.0
823,HP 오멘 16L TG03-0009kr,265F / RTX 5060 Ti / (인텔) B860 / 윈도우11 프로 / 500W / 인텔 / 코어울트라 시리즈2 / 코어 울트라7 / 애로우레이크 / 인텔 AI Boost / 13TOPS / DDR5 / 32GB / M.2 / 1TB / NVIDIA / 그래픽 메모리: 16GB / 2.5Gbps 유선 / 802.11ax(Wi-Fi 6E) 무선 / 블루투스 / HDMI / DP포트 / USB3.x 10Gbps / USB3.x 5Gbps / USB C타입 10Gbps / USB C타입 5Gbps / 파워서플라이 / 미니타워 / 용도: 게임용 / 구성변경상품,"32GB, M.2 1TB",3000000.0
824,HP 엘리트데스크 8 Mini G2i E0FN8PA,356H / RTX 5050 / 윈도우11 프로 / 180W / 인텔 / 코어울트라 시리즈3 / 코어 울트라7 / 팬서레이크 / 50TOPS / DDR5 / 32GB / M.2 / 1TB / NVIDIA / 그래픽 메모리: 8GB / 1Gbps 유선 / 802.11be(Wi-Fi 7) 무선 / 블루투스 / USB3.x 10Gbps / USB C타입 20Gbps / 썬더볼트4 / DC / 미니PC / 용도: 게임용,"32GB, M.2 1TB",5004710.0
825,몬스타 몬스타PC U7 270AI64 5080,270K Plus / RTX 5080 / (인텔) Z890 / OS미포함 / 1000W / 인텔 / 코어울트라 시리즈2 / 코어 울트라7 / 애로우레이크 / 인텔 AI Boost / 13TOPS / DDR5 / 64GB / M.2 / 2TB / NVIDIA / 그래픽 메모리: 16GB / 5Gbps 유선 / 802.11be(Wi-Fi 7) 무선 / 블루투스 / HDMI / DP포트 / USB3.x 10Gbps / USB3.x 5Gbps / 썬더볼트4 / 파워서플라이 / 미들타워 / 수랭쿨러 / 용도: 게임용,"64GB, M.2 2TB",6180000.0
826,삼성전자 데스크탑5 DM500TEA-i5AL-RTX4060Ti,i5-12400 / RTX 4060 Ti / (인텔) H670 / 윈도우11 / 600W / 인텔 / 코어 12세대 / 코어i5 / 엘더레이크 / DDR4 / 16GB / M.2 / 1TB / DVD 레코더 / NVIDIA / 1Gbps 유선 / 802.11ax(Wi-Fi 6) 무선 / 블루투스 / HDMI / DP포트 / USB3.x 5Gbps / USB C타입 5Gbps / 파워서플라이 / 미들타워 / 8.82kg / 용도: 게임용 / 구성변경상품,"16GB, M.2 1TB",1776650.0
827,HP OMEN MAX 45L GT23-0000KL,9950X3D / RTX 5090 / (AMD) B850 / OS미포함 / 1200W / AMD / 라이젠 9000시리즈 / 라이젠9 / 그래니트 릿지 / DDR5 / 128GB / M.2 / 4TB / NVIDIA / 그래픽 메모리: 32GB / 1Gbps 유선 / 802.11be(Wi-Fi 7) 무선 / 블루투스 / HDMI / DP포트 / USB3.x 10Gbps / USB3.x 5Gbps / USB C타입 10Gbps / 파워서플라이 / 미들타워 / 수랭쿨러 / 용도: 게임용,"128GB, M.2 4TB",15000000.0
828,HP 오멘 16L TG03-0007kr,225F / RTX 5060 / (인텔) B860 / 윈도우11 / 500W / 인텔 / 코어울트라 시리즈2 / 코어 울트라5 / 애로우레이크 / 인텔 AI Boost / 13TOPS / DDR5 / 32GB / M.2 / 512GB / NVIDIA / 그래픽 메모리: 8GB / 2.5Gbps 유선 / 802.11ax(Wi-Fi 6E) 무선 / 블루투스 / HDMI / DP포트 / USB3.x 5Gbps / USB C타입 10Gbps / 파워서플라이 / 미니타워 / 용도: 게임용,"32GB, M.2 512GB",2050000.0
829,MSI MAG Codex Z2 A5NVL A01 R5-5600 RTX 5060 Win11Home 게이밍,5600 / RTX 5060 / (AMD) A520 / 윈도우11 / 600W / AMD / 라이젠 5000시리즈 / 라이젠5 / 버미어 / DDR4 / 16GB / M.2 / 500GB / NVIDIA / 그래픽 메모리: 8GB / 1Gbps 유선 / HDMI / DP포트 / USB3.x 5Gbps / 파워서플라이 / 미들타워 / LED쿨러 / 용도: 게임용,"16GB, M.2 500GB",1479550.0
830,아인스시스템 파이온 IGNIS TK285-NX580,285K / RTX 5080 / (인텔) Z890 / OS미포함 / 1000W / 인텔 / 코어울트라 시리즈2 / 코어 울트라9 / 애로우레이크 / 인텔 AI Boost / 13TOPS / DDR5 / 32GB / M.2 / 1TB / NVIDIA / 그래픽 메모리: 16GB / 2.5Gbps 유선 / HDMI / DP포트 / USB3.x 10Gbps / USB3.x 5Gbps / USB C타입 20Gbps / 미들타워 / LED쿨러 / 용도: 게임용,"32GB, M.2 1TB",4511060.0
831,아인스시스템 파이온 AXIS DX98D-NX57T,9800X3D / RTX 5070 Ti / (AMD) B850 / OS미포함 / 800W / AMD / 라이젠 9000시리즈 / 라이젠7 / 그래니트 릿지 / DDR5 / 32GB / M.2 / 1TB / NVIDIA / 그래픽 메모리: 16GB / 1Gbps 유선 / HDMI / DP포트 / 미들타워 / LED쿨러 / 용도: 게임용,"32GB, M.2 1TB",3806060.0
832,HP 오멘 45L GT22-3002kl Win11Pro,285K / RTX 5090 / (인텔) Z890 / 윈도우11 프로 / 1200W / 인텔 / 코어울트라 시리즈2 / 코어 울트라9 / 애로우레이크 / 인텔 AI Boost / 13TOPS / DDR5 / 64GB / HDD:2TB / M.2 / 2TB / NVIDIA / 그래픽 메모리: 32GB / 1Gbps 유선 / 802.11ax(Wi-Fi 6E) 무선 / 블루투스 / HDMI / DP포트 / USB3.x 10Gbps / USB3.x 5Gbps / USB C타입 10Gbps / 파워서플라이 / 미들타워 / 수랭쿨러 / LED쿨러 / 22.6kg / 용도: 게임용 / 구성변경상품,"64GB, M.2 2TB + HDD 2TB",11000000.0
833,몬스타 몬스타PC 모멘트59,9950X3D2 / 지포스 RTX 5090 2WAY / (AMD) X870E / OS미포함 / 2000W / AMD / 라이젠 9000시리즈 / 라이젠9 / 그래니트 릿지 / DDR5 / 64GB / M.2 / 2TB / NVIDIA / 그래픽 메모리: 32GB / 10Gbps 유선 / 802.11be(Wi-Fi 7) 무선 / 블루투스 / 듀얼랜 / HDMI / DP포트 / USB3.x 10Gbps / USB3.x 5Gbps / USB C타입 40Gbps / 파워서플라이 / 빅타워 / 커스텀수랭 / 용도: 게임용,"64GB, M.2 2TB",29000000.0
834,HP 오멘 16L TG03-0014KL,8700F / RTX 5060 Ti / (AMD) B650 / OS미포함 / 500W / AMD / 라이젠 8000시리즈 / 라이젠7 / 피닉스 / AMD 라이젠 AI / 16TOPS / DDR5 / 16GB / M.2 / 1TB / NVIDIA / 그래픽 메모리: 16GB / 2.5Gbps 유선 / 802.11ax(Wi-Fi 6E) 무선 / 블루투스 / HDMI / DP포트 / USB3.x 10Gbps / USB3.x 5Gbps / USB C타입 10Gbps / USB C타입 5Gbps / 파워서플라이 / 미니타워 / 5.82kg / 용도: 게임용 / 구성변경상품,"16GB, M.2 1TB",2458000.0
835,삼성전자 데스크탑 Tower DM500TGZ-AD7A RTX3050 Win11Pro,i7-14700 / RTX 3050 / 윈도우11 프로 / 500W / 인텔 / 코어 14세대 / 코어i7 / 랩터레이크-R / DDR5 / 16GB / M.2 / 1TB / NVIDIA / 1Gbps 유선 / 802.11ax(Wi-Fi 6) 무선 / 블루투스 / USB3.x 10Gbps / USB C타입 5Gbps / 파워서플라이 / 미들타워 / 용도: 게임용 / 구성변경상품,"16GB, M.2 1TB",2152000.0
836,ASUS ROG NUC 16 NUC16JNK9X289A0 Black,290HX Plus / RTX 5080 / 윈도우11 / 380W / 인텔 / 코어울트라 시리즈2 / 코어 울트라9 / 애로우레이크 / 인텔 AI Boost / 13TOPS / DDR5 / 32GB / M.2 / 1TB / NVIDIA / 그래픽 메모리: 16GB / 2.5Gbps 유선 / 802.11be(Wi-Fi 7) 무선 / 블루투스 / HDMI / DP포트 / USB3.x 10Gbps / USB C타입 20Gbps / 썬더볼트4 / DC / 슬림 / 용도: 게임용,"32GB, M.2 1TB",6983990.0
837,HP 오멘 16L TG03-0004KL Win11Home,265F / RTX 5060 Ti / (인텔) B860 / 윈도우11 / 500W / 인텔 / 코어울트라 시리즈2 / 코어 울트라7 / 애로우레이크 / 인텔 AI Boost / 13TOPS / DDR5 / 32GB / M.2 / 2TB / NVIDIA / 그래픽 메모리: 16GB / 2.5Gbps 유선 / 802.11ax(Wi-Fi 6E) 무선 / 블루투스 / HDMI / DP포트 / USB3.x 5Gbps / USB C타입 10Gbps / 파워서플라이 / 미니타워 / 용도: 게임용 / 구성변경상품,"32GB, M.2 2TB",2890000.0
838,다나와표준PC 게임용 260916,250K Plus / RTX 3060 / (인텔) B860 / OS미포함 / 750W / 인텔 / 코어울트라 시리즈2 / 코어 울트라5 / 애로우레이크 / 인텔 AI Boost / 13TOPS / DDR5 / 16GB / M.2 / 1TB / NVIDIA / 그래픽 메모리: 12GB / 1Gbps 유선 / HDMI / DP포트 / 파워서플라이 / 미들타워 / 어항형 / LED쿨러 / 용도: 게임용,"16GB, M.2 1TB",2108000.0
839,몬스타 몬스타PC R9 9950X3D64 5080,9950X3D / RTX 5080 / (AMD) X870E / OS미포함 / 1000W / AMD / 라이젠 9000시리즈 / 라이젠9 / 그래니트 릿지 / DDR5 / 64GB / M.2 / 2TB / NVIDIA / 그래픽 메모리: 16GB / 5Gbps 유선 / 802.11be(Wi-Fi 7) 무선 / 블루투스 / HDMI / DP포트 / USB3.x 10Gbps / USB C타입 40Gbps / USB C타입 10Gbps / 파워서플라이 / 수랭쿨러 / 용도: 게임용,"64GB, M.2 2TB",8020000.0
840,삼성전자 데스크탑 Tower DM500TGZ-AI5S2X1-RTX3050-WIN11,i5-14400 / RTX 3050 / 윈도우11 프로 / 500W / 인텔 / 코어 14세대 / 코어i5 / 랩터레이크-R / DDR5 / 8GB / M.2 / 256GB + 1TB / NVIDIA / 1Gbps 유선 / 802.11ax(Wi-Fi 6) 무선 / 블루투스 / HDMI / USB3.x 10Gbps / USB C타입 5Gbps / 파워서플라이 / 미들타워 / 용도: 게임용 / 구성변경상품,"8GB, M.2 256GB + M.2 1TB",1952000.0
841,몬스타 가츠 마스터,9900X / RTX 5070 Ti / (AMD) B850 / OS미포함 / 850W / AMD / 라이젠 9000시리즈 / 라이젠9 / 그래니트 릿지 / DDR5 / 32GB / M.2 / 2TB / NVIDIA / 그래픽 메모리: 16GB / 2.5Gbps 유선 / 802.11ax(Wi-Fi 6E) 무선 / 블루투스 / HDMI / DP포트 / USB3.x 10Gbps / USB3.x 5Gbps / USB C타입 10Gbps / 파워서플라이 / 미들타워 / LED쿨러 / 용도: 게임용,"32GB, M.2 2TB",4610000.0
842,HP HyperX 오멘 45L GT24-0000KR,285K / RTX 5090 / (인텔) Z890 / 윈도우11 프로 / 1200W / 인텔 / 코어울트라 시리즈2 / 코어 울트라9 / 애로우레이크 / 인텔 AI Boost / 13TOPS / DDR5 / 64GB / M.2 / 2TB / NVIDIA / 그래픽 메모리: 32GB / 1Gbps 유선 / 802.11be(Wi-Fi 7) 무선 / 블루투스 / HDMI / DP포트 / USB3.x 5Gbps / USB C타입 10Gbps / 썬더볼트4 / 파워서플라이 / 미들타워 / 22.6kg / 용도: 게임용,"64GB, M.2 2TB",12590000.0
843,HP HyperX 오멘 35L GT18-0002kr,270K Plus / RTX 5080 / 윈도우11 프로 / 1000W / 인텔 / 코어울트라 시리즈2 / 코어 울트라7 / 애로우레이크 / 인텔 AI Boost / 13TOPS / DDR5 / 32GB / M.2 / 1TB / NVIDIA / 그래픽 메모리: 16GB / 1Gbps 유선 / 802.11be(Wi-Fi 7) 무선 / 블루투스 / USB3.x 5Gbps / USB C타입 10Gbps / 썬더볼트4 / 파워서플라이 / 미들타워 / 용도: 게임용,"32GB, M.2 1TB",7294930.0
844,HP HyperX 오멘 35L GT18-0003kr,270K Plus / RTX 5070 Ti / 윈도우11 프로 / 1000W / 인텔 / 코어울트라 시리즈2 / 코어 울트라7 / 애로우레이크 / 인텔 AI Boost / 13TOPS / DDR5 / 32GB / M.2 / 1TB / NVIDIA / 그래픽 메모리: 16GB / 1Gbps 유선 / 802.11be(Wi-Fi 7) 무선 / 블루투스 / USB3.x 5Gbps / USB C타입 10Gbps / 썬더볼트4 / 파워서플라이 / 미들타워 / 용도: 게임용,"32GB, M.2 1TB",6734720.0
845,삼성전자 데스크탑 Tower DM500TGZ-Zi5ADV RTX3050 Win11Pro,i5-14400 / RTX 3050 / (인텔) H670 / 윈도우11 프로 / 500W / 인텔 / 코어 14세대 / 코어i5 / 랩터레이크-R / DDR5 / 16GB / M.2 / 2TB / NVIDIA / 1Gbps 유선 / 802.11ax(Wi-Fi 6) 무선 / 블루투스 / HDMI / D-SUB / USB3.x 10Gbps / USB C타입 5Gbps / 파워서플라이 / 미들타워 / 6.94kg / 용도: 게임용 / 구성변경상품,"16GB, M.2 2TB",1945000.0
846,다나와표준PC 게임용 260712,i5-14400F / RTX 5060 Ti / (인텔) B760 / OS미포함 / 800W / 인텔 / 코어 14세대 / 코어i5 / 랩터레이크-R / DDR4 / 16GB / M.2 / 1TB / NVIDIA / 그래픽 메모리: 8GB / 1Gbps 유선 / HDMI / DP포트 / 파워서플라이 / 미들타워 / LED쿨러 / 용도: 게임용,"16GB, M.2 1TB",2027480.0
847,HP 오멘 35L GT16-0014KR,265K / RTX 5070 Ti / (인텔) Z890 / 윈도우11 프로 / 1000W / 인텔 / 코어울트라 시리즈2 / 코어 울트라7 / 애로우레이크 / 인텔 AI Boost / 13TOPS / DDR5 / 64GB / M.2 / 2TB / NVIDIA / 그래픽 메모리: 16GB / 1Gbps 유선 / 802.11be(Wi-Fi 7) 무선 / 블루투스 / HDMI / DP포트 / USB3.x 10Gbps / USB3.x 5Gbps / USB C타입 10Gbps / 썬더볼트4 / 파워서플라이 / 미들타워 / 수랭쿨러 / LED쿨러 / 14.5kg / 용도: 게임용 / 구성변경상품,"64GB, M.2 2TB",6699000.0
848,몬스타 가츠 인텔 에셋밀크57Ti,270K Plus / RTX 5070 Ti / (인텔) B860 / OS미포함 / 1000W / 인텔 / 코어울트라 시리즈2 / 코어 울트라7 / 애로우레이크 / 인텔 AI Boost / 13TOPS / DDR5 / 32GB / M.2 / 1TB / NVIDIA / 그래픽 메모리: 16GB / 2.5Gbps 유선 / 802.11be(Wi-Fi 7) 무선 / 블루투스 / HDMI / DP포트 / USB3.x 10Gbps / USB3.x 5Gbps / USB C타입 40Gbps / 파워서플라이 / 미들타워 / 어항형 / 수랭쿨러 / LED쿨러 / 용도: 게임용,"32GB, M.2 1TB",4590000.0
849,피씨스토어 하이엔드 게이밍PC 라이젠7 9800X3D RTX 5080,9800X3D / RTX 5080 / (AMD) X870E / OS미포함 / 1000W / AMD / 라이젠 9000시리즈 / 라이젠7 / 그래니트 릿지 / DDR5 / 32GB / M.2 / 1TB / NVIDIA / 그래픽 메모리: 16GB / 1Gbps 유선 / HDMI / DP포트 / 파워서플라이 / 미들타워 / 어항형 / 수랭쿨러 / LED쿨러 / 용도: 게임용,"32GB, M.2 1TB",5805190.0
850,ASUS ROG G700 G700TF-880TW,265KF / RTX 5080 / (인텔) B860 / 윈도우11 / 850W / 인텔 / 코어울트라 시리즈2 / 코어 울트라7 / 애로우레이크 / 인텔 AI Boost / 13TOPS / DDR5 / 16GB / M.2 / 512GB / NVIDIA / 그래픽 메모리: 16GB / 2.5Gbps 유선 / 802.11ax(Wi-Fi 6) 무선 / 블루투스 / DP포트 / USB3.x 10Gbps / USB3.x 5Gbps / USB C타입 10Gbps / 파워서플라이 / 미들타워 / 11kg / 용도: 게임용,"32GB, M.2 1TB",5999000.0
851,HP 옴니데스크 M03-0038kr,225 / 인텔 그래픽스 / 500W / 인텔 / 코어울트라 시리즈2 / 코어 울트라5 / 애로우레이크 / 인텔 AI Boost / 13TOPS / DDR5 / 16GB / M.2 / 1TB / INTEL / 5.1채널 / 1Gbps 유선 / 802.11ax(Wi-Fi 6) 무선 / 블루투스 / HDMI / DP포트 / USB3.x 10Gbps / USB3.x 5Gbps / USB C타입 10Gbps / USB C타입 5Gbps / 파워서플라이 / 미니타워 / 5.34kg / 용도: 게임용 / 구성변경상품,"16GB, M.2 1TB",1469490.0
852,다나와표준PC DPG 게임용 260321,265K / RTX 5080 / (인텔) B860 / OS미포함 / 850W / 인텔 / 코어울트라 시리즈2 / 코어 울트라7 / 애로우레이크 / 인텔 AI Boost / 13TOPS / DDR5 / 16GB / M.2 / 1TB / NVIDIA / 그래픽 메모리: 16GB / 1Gbps 유선 / HDMI / DP포트 / 파워서플라이 / 미들타워 / 어항형 / 수랭쿨러 / LED쿨러 / 용도: 게임용,"16GB, M.2 1TB",4490480.0
853,HP 오멘 45L GT22-DA01KR Ultra7 265K RTX5070 Win11Pro,265K / RTX 5070 / (인텔) Z890 / 윈도우11 프로 / 1200W / 인텔 / 코어울트라 시리즈2 / 코어 울트라7 / 애로우레이크 / 인텔 AI Boost / 13TOPS / DDR5 / 128GB / M.2 / 1TB / NVIDIA / 그래픽 메모리: 12GB / 1Gbps 유선 / 802.11ax(Wi-Fi 6E) 무선 / 블루투스 / HDMI / DP포트 / USB3.x 10Gbps / USB3.x 5Gbps / USB C타입 10Gbps / 썬더볼트4 / 파워서플라이 / 미들타워 / 수랭쿨러 / LED쿨러 / 22.6kg / 용도: 게임용 / 구성변경상품,"128GB, M.2 1TB",7667480.0
854,HP 옴니데스크 M03-0037kr-RTX5060 Win11Pro,265 / RTX 5060 / 윈도우11 프로 / 500W / 인텔 / 코어울트라 시리즈2 / 코어 울트라7 / 애로우레이크 / 인텔 AI Boost / 13TOPS / DDR5 / 16GB / M.2 / 1TB / NVIDIA / 1Gbps 유선 / 802.11ax(Wi-Fi 6) 무선 / 블루투스 / HDMI / DP포트 / USB3.x 10Gbps / USB3.x 5Gbps / USB C타입 10Gbps / USB C타입 5Gbps / 파워서플라이 / 미니타워 / 5.34kg / 용도: 게임용 / 구성변경상품,"16GB, M.2 1TB",2375580.0
855,다나와표준PC 게임용 260910,i5-14400F / RTX 3050 / (인텔) B760 / OS미포함 / 1000W / 인텔 / 코어 14세대 / 코어i5 / 랩터레이크-R / DDR5 / 16GB / M.2 / 1TB / NVIDIA / 그래픽 메모리: 6GB / 1Gbps 유선 / HDMI / DP포트 / 파워서플라이 / 미들타워 / LED쿨러 / 용도: 게임용,"16GB, M.2 1TB",1499000.0
856,피씨스토어 월간 화이트 어항 라이젠5 7500F RTX 5060,7500F / RTX 5060 / (AMD) B650 / OS미포함 / 700W / AMD / 라이젠 7000시리즈 / 라이젠5 / 라파엘 / DDR5 / 16GB / M.2 / 500GB / NVIDIA / 그래픽 메모리: 8GB / 1Gbps 유선 / HDMI / DP포트 / 파워서플라이 / 미들타워 / 어항형 / LED쿨러 / 용도: 게임용,"16GB, M.2 500GB",1737000.0
857,다나와표준PC 전문가용 260927,285K / RTX 5080 / (인텔) B860 / OS미포함 / 1200W / 인텔 / 코어울트라 시리즈2 / 코어 울트라9 / 애로우레이크 / 인텔 AI Boost / 13TOPS / DDR5 / 32GB / HDD:8TB / M.2 / 2TB / NVIDIA / 그래픽 메모리: 16GB / 1Gbps 유선 / HDMI / DP포트 / 파워서플라이 / 미들타워 / 수랭쿨러 / LED쿨러 / 용도: 게임용,"32GB, M.2 2TB + HDD 8TB",6411460.0
858,HP 오멘 16L TG03-0017KL,265F / RX 9060 XT / (인텔) B860 / OS미포함 / 500W / 인텔 / 코어울트라 시리즈2 / 코어 울트라7 / 애로우레이크 / 인텔 AI Boost / 13TOPS / DDR5 / 16GB / M.2 / 1TB / AMD / 그래픽 메모리: 16GB / 2.5Gbps 유선 / 802.11ax(Wi-Fi 6E) 무선 / 블루투스 / HDMI / DP포트 / USB3.x 10Gbps / USB3.x 5Gbps / USB C타입 10Gbps / USB C타입 5Gbps / 파워서플라이 / 미니타워 / 용도: 게임용 / 구성변경상품,"16GB, M.2 1TB",2487750.0
859,HP HyperX 오멘 16L TG03-0013kr,i5-14400F / RTX 5060 Ti / 윈도우11 프로 / 500W / 인텔 / 코어 14세대 / 코어i5 / 랩터레이크-R / DDR5 / 16GB / M.2 / 1TB / NVIDIA / 그래픽 메모리: 16GB / 802.11ax(Wi-Fi 6E) 무선 / 블루투스 / USB3.x 5Gbps / USB C타입 10Gbps / 파워서플라이 / 미니타워 / 용도: 게임용,"16GB, M.2 1TB",4044900.0
860,다나와표준PC DPG 게임용 260924,9800X3D / RTX 5070 Ti / (AMD) B850 / OS미포함 / 1050W / AMD / 라이젠 9000시리즈 / 라이젠7 / 그래니트 릿지 / DDR5 / 16GB / M.2 / 1TB / NVIDIA / 그래픽 메모리: 16GB / 1Gbps 유선 / HDMI / DP포트 / 파워서플라이 / 미들타워 / 수랭쿨러 / LED쿨러 / 용도: 게임용,"16GB, M.2 1TB",4305380.0
861,다나와표준PC 게임용 260918,7500X3D / RTX 5060 Ti / (AMD) B650 / OS미포함 / 850W / AMD / 라이젠 7000시리즈 / 라이젠5 / 라파엘 / DDR5 / 16GB / M.2 / 1TB / NVIDIA / 그래픽 메모리: 8GB / 1Gbps 유선 / HDMI / DP포트 / 파워서플라이 / 미들타워 / 어항형 / LED쿨러 / 용도: 게임용,"16GB, M.2 1TB",2238000.0
862,HP HyperX 오멘 35L GT18-0005kr,270K Plus / RTX 5060 Ti / 윈도우11 프로 / 1000W / 인텔 / 코어울트라 시리즈2 / 코어 울트라7 / 애로우레이크 / 인텔 AI Boost / 13TOPS / DDR5 / 32GB / M.2 / 1TB / NVIDIA / 그래픽 메모리: 16GB / 1Gbps 유선 / 802.11be(Wi-Fi 7) 무선 / 블루투스 / USB3.x 5Gbps / USB C타입 10Gbps / 썬더볼트4 / 파워서플라이 / 미들타워 / 용도: 게임용,"32GB, M.2 1TB",5804840.0
863,HP 오멘 35L GT16-1005KL Win11Pro,9800X3D / RTX 5070 Ti / 윈도우11 프로 / 1000W / AMD / 라이젠 9000시리즈 / 라이젠7 / 그래니트 릿지 / DDR5 / 64GB / M.2 / 1TB / NVIDIA / 그래픽 메모리: 16GB / 1Gbps 유선 / 802.11be(Wi-Fi 7) 무선 / 블루투스 / HDMI / DP포트 / USB3.x 5Gbps / USB C타입 10Gbps / 파워서플라이 / 미들타워 / 수랭쿨러 / LED쿨러 / 용도: 게임용 / 구성변경상품,"64GB, M.2 1TB",5023510.0
864,리메이드컴퓨터 J134 중고,중고 / i5-13400F / GTX 1660 / (인텔) H610 / OS미포함 / 인텔 / 코어 13세대 / 코어i5 / 랩터레이크 / DDR4 / 16GB / SSD / 500GB / NVIDIA / 그래픽 메모리: 6GB / 1Gbps 유선 / 파워서플라이 / 미들타워 / 용도: 게임용,"16GB, SSD 500GB",800560.0
865,MSI MAG Codex Z2 A7NVM MA10 R5-7500F RTX 5060 Ti 게이밍 Win11Home,7500F / RTX 5060 Ti / (AMD) B650 / 윈도우11 / 650W / AMD / 라이젠 7000시리즈 / 라이젠5 / 라파엘 / DDR5 / 16GB / M.2 / 1TB / NVIDIA / 그래픽 메모리: 8GB / 2.5Gbps 유선 / HDMI / DP포트 / USB3.x 10Gbps / USB3.x 5Gbps / 파워서플라이 / 미들타워 / LED쿨러 / 용도: 게임용,"16GB, M.2 1TB",1952060.0
866,다나와표준PC 전문가용 260926,9850X3D / RX 9070 XT / (AMD) B850 / OS미포함 / 1300W / AMD / 라이젠 9000시리즈 / 라이젠7 / 그래니트 릿지 / DDR5 / 16GB / HDD:8TB / M.2 / 1TB / AMD / 그래픽 메모리: 16GB / 1Gbps 유선 / HDMI / DP포트 / 파워서플라이 / 미들타워 / 어항형 / 수랭쿨러 / LED쿨러 / 용도: 게임용,"16GB, M.2 1TB + HDD 8TB",4621240.0
867,다나와표준PC 게임용 260919,7700X3D / RTX 5060 Ti / (AMD) B650 / OS미포함 / 850W / AMD / 라이젠 7000시리즈 / 라이젠7 / 라파엘 / DDR5 / 16GB / M.2 / 1TB / NVIDIA / 그래픽 메모리: 8GB / 1Gbps 유선 / HDMI / DP포트 / 파워서플라이 / 미들타워 / 어항형 / LED쿨러 / 용도: 게임용,"16GB, M.2 1TB",2343440.0
868,다나와표준PC 전문가용 260925,270K Plus / RTX 5070 Ti / (인텔) B860 / OS미포함 / 1000W / 인텔 / 코어울트라 시리즈2 / 코어 울트라7 / 애로우레이크 / 인텔 AI Boost / 13TOPS / DDR5 / 16GB / M.2 / 1TB / NVIDIA / 그래픽 메모리: 16GB / 1Gbps 유선 / HDMI / DP포트 / 파워서플라이 / 빅타워 / 수랭쿨러 / LED쿨러 / 용도: 게임용,"16GB, M.2 1TB",4104320.0
869,다나와표준PC DPG 게임용 260921,270K Plus / RTX 5070 / (인텔) B860 / OS미포함 / 850W / 인텔 / 코어울트라 시리즈2 / 코어 울트라7 / 애로우레이크 / 인텔 AI Boost / 13TOPS / DDR5 / 16GB / M.2 / 1TB / NVIDIA / 그래픽 메모리: 12GB / 1Gbps 유선 / HDMI / DP포트 / 파워서플라이 / 빅타워 / 수랭쿨러 / LED쿨러 / 용도: 게임용,"16GB, M.2 1TB",3070740.0
870,다나와표준PC 게임용 260912,i5-14400F / RTX 5060 Ti / (인텔) B760 / OS미포함 / 850W / 인텔 / 코어 14세대 / 코어i5 / 랩터레이크-R / DDR4 / 16GB / M.2 / 1TB / NVIDIA / 그래픽 메모리: 8GB / 1Gbps 유선 / HDMI / DP포트 / 파워서플라이 / 미들타워 / 어항형 / LED쿨러 / 용도: 게임용,"16GB, M.2 1TB",1938000.0
871,다나와표준PC 전문가용 261026,9850X3D / RX 9070 XT / (AMD) B850 / OS미포함 / 1200W / AMD / 라이젠 9000시리즈 / 라이젠7 / 그래니트 릿지 / DDR5 / 16GB / HDD:8TB / M.2 / 1TB / AMD / 그래픽 메모리: 16GB / 1Gbps 유선 / HDMI / DP포트 / 파워서플라이 / 미들타워 / 어항형 / 수랭쿨러 / LED쿨러 / 용도: 게임용,,
872,ASUS ROG NUC 16 NUC16JNK9X389A0 White,290HX Plus / RTX 5070 Ti / 윈도우11 / 380W / 인텔 / 코어울트라 시리즈2 / 코어 울트라9 / 애로우레이크 / 인텔 AI Boost / 13TOPS / DDR5 / 32GB / M.2 / 1TB / NVIDIA / 그래픽 메모리: 12GB / 2.5Gbps 유선 / 802.11be(Wi-Fi 7) 무선 / 블루투스 / HDMI / DP포트 / USB3.x 10Gbps / USB C타입 20Gbps / 썬더볼트4 / DC / 슬림 / 용도: 게임용,"32GB, M.2 1TB",6207990.0
873,삼성전자 데스크탑 Tower DM500THZ-UR7AB-RTX5070,265 / RTX 5070 / (인텔) B860 / 윈도우11 프로 / 800W / 인텔 / 코어울트라 시리즈2 / 코어 울트라7 / 애로우레이크 / 인텔 AI Boost / 13TOPS / DDR5 / 16GB / M.2 / 1TB / NVIDIA / 1Gbps 유선 / 802.11ax(Wi-Fi 6) 무선 / 블루투스 / HDMI / USB3.x 10Gbps / USB C타입 5Gbps / 파워서플라이 / 미들타워 / 용도: 게임용 / 구성변경상품,"16GB, M.2 1TB",4185990.0
874,ASUS ROG NUC 16 NUC16JNK9X389A0 Black,290HX Plus / RTX 5070 Ti / 윈도우11 / 380W / 인텔 / 코어울트라 시리즈2 / 코어 울트라9 / 애로우레이크 / 인텔 AI Boost / 13TOPS / DDR5 / 32GB / M.2 / 1TB / NVIDIA / 그래픽 메모리: 12GB / 2.5Gbps 유선 / 802.11be(Wi-Fi 7) 무선 / 블루투스 / HDMI / DP포트 / USB3.x 10Gbps / USB C타입 20Gbps / 썬더볼트4 / DC / 슬림 / 용도: 게임용,"32GB, M.2 1TB",6207990.0
875,몬스타 몬스타PC 모노리스,9950X / RTX 5090 2WAY / (AMD) X870E / OS미포함 / 2000W / AMD / 라이젠 9000시리즈 / 라이젠9 / 그래니트 릿지 / DDR5 / 96GB / M.2 / 2TB / NVIDIA / 그래픽 메모리: 32GB / 5Gbps 유선 / 2.5Gbps 유선 / 802.11be(Wi-Fi 7) 무선 / 블루투스 / 듀얼랜 / HDMI / DP포트 / USB3.x 10Gbps / USB C타입 40Gbps / USB C타입 10Gbps / 파워서플라이 / 빅타워 / 커스텀수랭 / 용도: 게임용,"96GB, M.2 2TB",30180000.0
876,다나와표준PC DPG 게임용 260922,7800X3D / RTX 5070 / (AMD) B850 / OS미포함 / 750W / AMD / 라이젠 7000시리즈 / 라이젠7 / 라파엘 / DDR5 / 16GB / M.2 / 1TB / NVIDIA / 그래픽 메모리: 12GB / 1Gbps 유선 / HDMI / DP포트 / 파워서플라이 / 미들타워 / 수랭쿨러 / LED쿨러 / 용도: 게임용,"16GB, M.2 1TB",3380000.0
877,다나와표준PC 게임용 260915,7500F / RTX 5060 Ti / (AMD) B650 / OS미포함 / 850W / AMD / 라이젠 7000시리즈 / 라이젠5 / 라파엘 / DDR5 / 16GB / M.2 / 1TB / NVIDIA / 그래픽 메모리: 8GB / 1Gbps 유선 / HDMI / DP포트 / 파워서플라이 / 미들타워 / LED쿨러 / 용도: 게임용,"16GB, M.2 1TB",2048000.0
878,엔피씨코리아 NEXPC 게이밍프로 G365,9700X / RTX 5060 / (AMD) B650 / OS미포함 / 800W / AMD / 라이젠 9000시리즈 / 라이젠7 / 그래니트 릿지 / DDR5 / 32GB / M.2 / 1TB / NVIDIA / 그래픽 메모리: 8GB / 1Gbps 유선 / HDMI / DP포트 / 파워서플라이 / 미들타워 / 어항형 / LED쿨러 / 용도: 게임용,"32GB, M.2 1TB",2205720.0
879,몬스타 몬스타PC 스텔스,9950X3D2 / RTX 5090 / (AMD) X870 / OS미포함 / 1200W / AMD / 라이젠 9000시리즈 / 라이젠9 / 그래니트 릿지 / DDR5 / 64GB / M.2 / 2TB / NVIDIA / 그래픽 메모리: 32GB / 5Gbps 유선 / 802.11be(Wi-Fi 7) 무선 / 블루투스 / HDMI / DP포트 / USB3.x 10Gbps / USB3.x 5Gbps / USB C타입 40Gbps / 파워서플라이 / 미들타워 / 어항형 / 수랭쿨러 / LED쿨러 / 용도: 게임용,"64GB, M.2 2TB",14070000.0
880,몬스타 가츠 노바95X3D,9950X3D / RTX 5080 / (AMD) X870E / OS미포함 / 1200W / AMD / 라이젠 9000시리즈 / 라이젠9 / 그래니트 릿지 / DDR5 / 64GB / M.2 / 2TB / NVIDIA / 그래픽 메모리: 16GB / 5Gbps 유선 / 802.11be(Wi-Fi 7) 무선 / 블루투스 / HDMI / DP포트 / USB3.x 10Gbps / USB3.x 5Gbps / USB C타입 40Gbps / 파워서플라이 / 미들타워 / 어항형 / 수랭쿨러 / 용도: 게임용,"64GB, M.2 2TB",7880000.0
881,제이씨현 제플PC NVIDIA STUDIO N08,9800X3D / RTX 5080 / (AMD) B850 / OS미포함 / 850W / AMD / 라이젠 9000시리즈 / 라이젠7 / 그래니트 릿지 / DDR5 / 32GB / M.2 / 2TB / NVIDIA / 그래픽 메모리: 16GB / 1Gbps 유선 / HDMI / DP포트 / 파워서플라이 / 미들타워 / LED쿨러 / 용도: 게임용,"32GB, M.2 2TB",4290000.0
882,다나와표준PC 전문가용 260728,9950X3D / RTX 5080 / (AMD) X870E / OS미포함 / 1200W / AMD / 라이젠 9000시리즈 / 라이젠9 / 그래니트 릿지 / DDR5 / 16GB / HDD:4TB / M.2 / 1TB / NVIDIA / 그래픽 메모리: 16GB / 1Gbps 유선 / HDMI / DP포트 / 파워서플라이 / 미들타워 / 수랭쿨러 / LED쿨러 / 용도: 게임용,"16GB, M.2 1TB + HDD 4TB",5888000.0
883,HP 오멘 45L GT22-3006KR,285K / RTX 5090 / (인텔) Z890 / 윈도우11 프로 / 1200W / 인텔 / 코어울트라 시리즈2 / 코어 울트라9 / 애로우레이크 / 인텔 AI Boost / 13TOPS / DDR5 / 64GB / M.2 / 2TB / NVIDIA / 그래픽 메모리: 32GB / 1Gbps 유선 / 802.11ax(Wi-Fi 6E) 무선 / 블루투스 / HDMI / DP포트 / USB3.x 10Gbps / USB3.x 5Gbps / USB C타입 10Gbps / 파워서플라이 / 미들타워 / 수랭쿨러 / LED쿨러 / 22.6kg / 용도: 게임용,"64GB, M.2 2TB",12529000.0
884,몬스타 몬스타PC 뉴로,270K Plus / RTX 5090 / (인텔) Z890 / OS미포함 / 1200W / 인텔 / 코어울트라 시리즈2 / 코어 울트라7 / 애로우레이크 / DDR5 / 128GB / M.2 / 2TB / NVIDIA / 그래픽 메모리: 32GB / 10Gbps 유선 / 802.11be(Wi-Fi 7) 무선 / 블루투스 / 듀얼랜 / HDMI / DP포트 / USB3.x 10Gbps / USB3.x 5Gbps / USB C타입 40Gbps / USB C타입 20Gbps / 썬더볼트5 / 파워서플라이 / 빅타워 / 커스텀수랭 / 용도: 게임용,"128GB, M.2 2TB",19700000.0
885,피씨스토어 화이트 게이밍PC 인텔 i5-14400F RTX5050,i5-14400F / RTX 5050 / (인텔) H610 / OS미포함 / 700W / 인텔 / 코어 14세대 / 코어i5 / 랩터레이크-R / DDR4 / 16GB / M.2 / 500GB / NVIDIA / 그래픽 메모리: 8GB / 1Gbps 유선 / HDMI / DP포트 / 파워서플라이 / 미들타워 / 어항형 / LED쿨러 / 용도: 게임용,"16GB, M.2 500GB",1417290.0
886,ASUS G700TF-770TW,265KF / RTX 5070 Ti / (인텔) B860 / 윈도우11 / 850W / 인텔 / 코어울트라 시리즈2 / 코어 울트라7 / 애로우레이크 / 인텔 AI Boost / 13TOPS / DDR5 / 32GB / M.2 / 1TB / NVIDIA / 그래픽 메모리: 12GB / 7.1채널 / 2.5Gbps 유선 / 802.11ax(Wi-Fi 6) 무선 / 블루투스 / HDMI / DP포트 / USB3.x 10Gbps / USB3.x 5Gbps / USB C타입 20Gbps / USB C타입 5Gbps / 파워서플라이 / 미들타워 / 수랭쿨러 / 18kg / 용도: 게임용,"32GB, M.2 1TB",4999000.0
887,다나와표준PC 전문가용 260726,9850X3D / RTX 5080 / (AMD) X870E / OS미포함 / 1000W / AMD / 라이젠 9000시리즈 / 라이젠7 / 그래니트 릿지 / DDR5 / 16GB / HDD:4TB / M.2 / 1TB / NVIDIA / 그래픽 메모리: 16GB / 1Gbps 유선 / HDMI / DP포트 / 파워서플라이 / 미들타워 / 어항형 / 수랭쿨러 / LED쿨러 / 용도: 게임용,"16GB, M.2 1TB + HDD 4TB",5350000.0
888,롯데하이마트 플럭스 PLX-ASSONG 1031,7800X3D / RX 9070 XT / (AMD) B850 / OS미포함 / 850W / AMD / 라이젠 7000시리즈 / 라이젠7 / 라파엘 / DDR5 / 32GB / M.2 / 1TB / AMD / 그래픽 메모리: 16GB / 1Gbps 유선 / 802.11ax(Wi-Fi 6) 무선 / 블루투스 / HDMI / DP포트 / USB3.x 10Gbps / USB3.x 5Gbps / USB C타입 10Gbps / 파워서플라이 / 미들타워 / 어항형 / LED쿨러 / 용도: 게임용,"32GB, M.2 1TB",2879280.0
889,제이씨현 제플PC NVIDIA STUDIO N06,9800X3D / RTX 5070 / (AMD) B850 / OS미포함 / 850W / AMD / 라이젠 9000시리즈 / 라이젠7 / 그래니트 릿지 / DDR5 / 32GB / M.2 / 2TB / NVIDIA / 그래픽 메모리: 12GB / 1Gbps 유선 / HDMI / DP포트 / 파워서플라이 / 미들타워 / LED쿨러 / 용도: 게임용,"32GB, M.2 2TB",3190000.0
890,MSI MAG Codex R2 B7NVR I11 U5-270K RTX 5070 Ti Win11Home,270K Plus / RTX 5070 Ti / (인텔) B860 / 윈도우11 / 850W / AMD / 코어울트라 시리즈2 / 코어 울트라5 / 애로우레이크 / 인텔 AI Boost / 13TOPS / DDR5 / 32GB / M.2 / 1TB / NVIDIA / 5Gbps 유선 / 802.11ax(Wi-Fi 6E) 무선 / 블루투스 / HDMI / DP포트 / USB3.x 10Gbps / USB3.x 5Gbps / USB C타입 5Gbps / 파워서플라이 / 미들타워 / 수랭쿨러 / LED쿨러 / 용도: 게임용,"32GB, M.2 1TB",3693250.0
891,리메이드컴퓨터 J1311C 중고,중고 / i5-13400F / RTX 3070 Ti / (인텔) H610 / OS미포함 / 800W / 인텔 / 코어 13세대 / 코어i5 / 랩터레이크 / DDR4 / 32GB / SSD / 1TB / NVIDIA / 그래픽 메모리: 8GB / 1Gbps 유선 / 파워서플라이 / 미들타워 / 용도: 게임용,"32GB, SSD 1TB",1538750.0
892,HP 오멘 16L TG03-0005kr,225F / RTX 5060 / (인텔) B860 / 윈도우11 프로 / 500W / 인텔 / 코어울트라 시리즈2 / 코어 울트라5 / 애로우레이크 / 인텔 AI Boost / 13TOPS / DDR5 / 16GB / M.2 / 512GB / NVIDIA / 그래픽 메모리: 8GB / 2.5Gbps 유선 / 802.11ax(Wi-Fi 6E) 무선 / 블루투스 / HDMI / DP포트 / USB3.x 5Gbps / USB C타입 10Gbps / 파워서플라이 / 미니타워 / 용도: 게임용,"16GB, M.2 512GB",2539000.0
893,다나와표준PC 게임용 260615,7500X3D / RTX 5070 / (AMD) B850 / OS미포함 / 850W / AMD / 라이젠 7000시리즈 / 라이젠5 / 라파엘 / DDR5 / 16GB / M.2 / 1TB / NVIDIA / 그래픽 메모리: 12GB / 1Gbps 유선 / HDMI / DP포트 / 파워서플라이 / 미들타워 / 어항형 / LED쿨러 / 용도: 게임용,"16GB, M.2 1TB",2799990.0
894,HP 오멘 35L GT16-0015KL Win11Pro,285K / RTX 5080 / (인텔) Z890 / 윈도우11 프로 / 1000W / 인텔 / 코어울트라 시리즈2 / 코어 울트라9 / 애로우레이크 / 인텔 AI Boost / 13TOPS / DDR5 / 64GB / M.2 / 2TB / NVIDIA / 그래픽 메모리: 16GB / 1Gbps 유선 / 802.11be(Wi-Fi 7) 무선 / 블루투스 / HDMI / DP포트 / USB3.x 5Gbps / USB C타입 10Gbps / 파워서플라이 / 미들타워 / 수랭쿨러 / LED쿨러 / 용도: 게임용 / 구성변경상품,"64GB, M.2 2TB",7310000.0
895,삼성전자 데스크탑 Tower DM500THZ-Z9ADZ RTX5050 Win11Pro,285 / RTX 5050 / (인텔) B860 / 윈도우11 프로 / 500W / 인텔 / 코어울트라 시리즈2 / 코어 울트라9 / 애로우레이크 / 인텔 AI Boost / 13TOPS / DDR5 / 16GB / M.2 / 4TB / NVIDIA / 그래픽 메모리: 8GB / 1Gbps 유선 / 802.11ax(Wi-Fi 6) 무선 / 블루투스 / HDMI / D-SUB / USB3.x 10Gbps / USB C타입 5Gbps / 파워서플라이 / 미들타워 / 6.66kg / 용도: 게임용 / 구성변경상품,"16GB, M.2 4TB",3400000.0
896,다나와표준PC 게임용 261015,7500F / RTX 5060 Ti / (AMD) B650 / OS미포함 / 750W / AMD / 라이젠 7000시리즈 / 라이젠5 / 라파엘 / DDR5 / 16GB / M.2 / 1TB / NVIDIA / 그래픽 메모리: 8GB / 1Gbps 유선 / HDMI / DP포트 / 파워서플라이 / 미들타워 / LED쿨러 / 용도: 게임용,,
897,이그닉 리트 빅타워 9759 RT-BTP00042,9700X / RTX 5090 / (AMD) B650 / OS미포함 / 1250W / AMD / 라이젠 9000시리즈 / 라이젠7 / 그래니트 릿지 / DDR5 / 32GB / M.2 / 1TB / NVIDIA / 2.5Gbps 유선 / 파워서플라이 / 미들타워 / 어항형 / 용도: 게임용,"32GB, M.2 1TB",9599000.0
898,몬스타 몬스타PC 크리에이터 프로,270K Plus / RTX 5070 Ti / (인텔) B860 / OS미포함 / 850W / 인텔 / 코어울트라 시리즈2 / 코어 울트라7 / 애로우레이크 / 인텔 AI Boost / 13TOPS / DDR5 / 64GB / M.2 / 1TB / NVIDIA / 그래픽 메모리: 16GB / 2.5Gbps 유선 / 802.11ax(Wi-Fi 6E) 무선 / 블루투스 / HDMI / DP포트 / USB3.x 10Gbps / USB3.x 5Gbps / USB C타입 40Gbps / 파워서플라이 / 미들타워 / 어항형 / 수랭쿨러 / LED쿨러 / 용도: 게임용,"64GB, M.2 1TB",4920000.0
899,롯데하이마트 플럭스 PLX-ASSONG 1030,9800X3D / RX 9070 XT / (AMD) B850 / OS미포함 / 850W / AMD / 라이젠 9000시리즈 / 라이젠7 / 그래니트 릿지 / DDR5 / 32GB / M.2 / 1TB / AMD / 그래픽 메모리: 16GB / 1Gbps 유선 / 802.11ax(Wi-Fi 6) 무선 / 블루투스 / HDMI / DP포트 / USB3.x 10Gbps / USB3.x 5Gbps / USB C타입 10Gbps / 파워서플라이 / 미들타워 / 어항형 / LED쿨러 / 용도: 게임용,"32GB, M.2 1TB",3095040.0
